Date,Open,High,Low,Close,Adj_Close,Volume
2004-11-01,44.43457707274534,44.47488212068133,44.327174667183,44.4,44.4,8856922
2004-11-02,44.468245778859895,44.590830430705914,44.410255329346036,44.46204611220954,44.46204611220954,11796027
2004-11-03,44.564583322791876,44.62818645941671,44.46747543188804,44.519683652806236,44.519683652806236,11773586
2004-11-04,44.52625961263355,44.669153345509045,44.46959137698919,44.57300123315506,44.57300123315506,12281907
2004-11-05,44.554805724789496,44.67686728592098,44.5014712748539,44.62208746462096,44.62208746462096,13224941
2004-11-08,44.693982406182954,44.82019154458582,44.56551267409698,44.74484417937103,44.74484417937103,10257226
2004-11-09,44.748529719442026,44.82365304046141,44.67850530341528,44.77789112895506,44.77789112895506,9560159
2004-11-10,44.87976423988281,44.92897907832986,44.74950033497262,44.80714978648108,44.80714978648108,21134827
2004-11-11,44.88878120295747,44.92965239113597,44.782412483973715,44.83270876331403,44.83270876331403,11837251
2004-11-12,44.88103825122795,44.96172260181027,44.737721162184236,44.854656670818905,44.854656670818905,5242812
2004-11-15,44.88041611038985,44.94207073896411,44.80473973497509,44.89972009101479,44.89972009101479,3151624
2004-11-16,44.919496823911906,45.03999645186713,44.80938391157655,44.90810983485708,44.90810983485708,7091275
2004-11-17,44.898975936428734,45.03226788651157,44.79920362939942,44.91333156619616,44.91333156619616,10933293
2004-11-18,44.92969963601588,44.97592617764776,44.808715106965536,44.915473896397,44.915473896397,12921810
2004-11-19,44.892939160164346,44.97219846034179,44.79549557620508,44.914625436824586,44.914625436824586,4281076
2004-11-22,44.90510530410604,44.952718246149026,44.849316092397764,44.895021433117535,44.895021433117535,11520781
2004-11-23,44.83808686442079,44.952166915366995,44.77224395682713,44.88309592810182,44.88309592810182,14108600
2004-11-24,44.805576976932294,44.95844915706262,44.748070087916986,44.86862269013772,44.86862269013772,10846147
2004-11-25,44.89158300685184,44.93274112674129,44.78437316462683,44.85169033059021,44.85169033059021,9848353
2004-11-26,44.800263589325745,44.90015525461081,44.731741473404135,44.83238746082426,44.83238746082426,7486012
2004-11-29,44.770321693374235,44.85894012349342,44.69132614543959,44.76114190386552,44.76114190386552,6356262
2004-11-30,44.659420273247726,44.78660705251072,44.60299156760611,44.733243106875555,44.733243106875555,11848659
2004-12-01,44.734265141045604,44.77107564607519,44.6600460707492,44.70341685649203,44.70341685649203,10709326
2004-12-02,44.621785787715254,44.74632499383843,44.577156427304224,44.671751764079914,44.671751764079914,6792866
2004-12-03,44.675072316307684,44.72126317513293,44.58255381136845,44.63833644100417,44.63833644100417,28516837
2004-12-06,44.48383267040247,44.66848618385686,44.39687997933454,44.528475201445005,44.528475201445005,3760462
2004-12-07,44.51231595502041,44.54763999937206,44.43247215517189,44.48894506936453,44.48894506936453,7123334
2004-12-08,44.47835215953503,44.53611023067442,44.38613355121802,44.44810776344532,44.44810776344532,5439803
2004-12-09,44.38022960504533,44.50126160514328,44.31998503097635,44.40605189505236,44.40605189505236,9694216
2004-12-10,44.327990909151275,44.40712006923974,44.2377116253099,44.36286607555058,44.36286607555058,3019102
2004-12-13,44.233229632376975,44.37477521570095,44.13635126982026,44.22741502404223,44.22741502404223,15090639
2004-12-14,44.16432218249405,44.23617915011874,44.12745049672983,44.18059551375502,44.18059551375502,13225763
2004-12-15,44.12891489736341,44.17883783765697,44.02302774546638,44.133089109183885,44.133089109183885,9144190
2004-12-16,44.09543315127274,44.21250727634167,43.99896134671759,44.084984421693804,44.084984421693804,6850211
2004-12-17,44.026031602258875,44.165300947767044,43.91241874567779,44.03637006264974,44.03637006264974,11445498
2004-12-20,43.8932946760939,44.08059949065566,43.798962112826175,43.88835506984347,43.88835506984347,9429044
2004-12-21,43.813147324769616,43.90608592645053,43.73966861848346,43.83858813823326,43.83858813823326,12877090
2004-12-22,43.80283128031864,43.83714604551112,43.72792998842238,43.78875459189395,43.78875459189395,7524882
2004-12-23,43.7524933149398,43.84115611261429,43.6851792689864,43.738943042190506,43.738943042190506,7306062
2004-12-24,43.71911622365952,43.768945268984616,43.587218904924946,43.689242100487924,43.689242100487924,13712533
2004-12-27,43.55953222015728,43.62699538676903,43.3833101748691,43.54168903703498,43.54168903703498,10982164
2004-12-28,43.44728781965741,43.57768808686644,43.385229761731324,43.49331664098552,43.49331664098552,7333368
2004-12-29,43.415270602339625,43.48773631336724,43.37816297463489,43.44549790976178,43.44549790976178,9615348
2004-12-30,43.455940981407586,43.52025220017898,43.31843640773229,43.39832145472874,43.39832145472874,8774489
2004-12-31,43.33777192335095,43.41445163060318,43.27594548759788,43.35187588725136,43.35187588725136,10105131
2005-01-03,43.10783569774622,43.37140227817671,43.018952431345596,43.21781062380298,43.21781062380298,15092031
2005-01-04,43.16107883996583,43.24229455580821,43.10981947343491,43.17517472019803,43.17517472019803,6716091
2005-01-05,43.15130759181715,43.21964127820596,43.0681876391295,43.13371276097362,43.13371276097362,5795982
2005-01-06,43.126019283087366,43.181772819640145,43.02264386672962,43.09351335749473,43.09351335749473,9173670
2005-01-07,43.0108711628696,43.11012789776081,42.964868263408725,43.05466512112632,43.05466512112632,6117568
2005-01-10,42.94189381877477,43.105006134706834,42.870220712881604,42.94711352833377,42.94711352833377,5073254
2005-01-11,42.95669427134503,43.02303458465096,42.79344652450252,42.91455607405707,42.91455607405707,13147308
2005-01-12,42.937455550980744,43.00699574104764,42.821270860233284,42.88379284371574,42.88379284371574,6929851
2005-01-13,42.86556468952704,42.97401214017299,42.735723807504,42.85491244867474,42.85491244867474,3143730
2005-01-14,42.86910361712025,42.92032311445854,42.780151873333864,42.82800350029904,42.82800350029904,12220921
2005-01-17,42.76412344022549,42.88125604337112,42.6625507638752,42.759991448813594,42.759991448813594,6426086
2005-01-18,42.7266102564494,42.788264970349914,42.621977621545604,42.74185440074889,42.74185440074889,10679838
2005-01-19,42.72032632841356,42.7821699130496,42.67253731491694,42.726131856174376,42.726131856174376,13751696
2005-01-20,42.65004276637191,42.75541080502292,42.587614669512725,42.71291242645501,42.71291242645501,8795720
2005-01-21,42.71335801668036,42.76989071087431,42.62324044287935,42.70228472295579,42.70228472295579,2891287
2005-01-24,42.6539806255819,42.76009818722029,42.563643794968726,42.68683808342867,42.68683808342867,2996984
2005-01-25,42.70824122499961,42.750206839428664,42.58837204663754,42.687463398459734,42.687463398459734,5715818
2005-01-26,42.70134408189113,42.80384295191645,42.62566381254483,42.691123496535795,42.691123496535795,7775775
2005-01-27,42.731970792915874,42.76832360807044,42.64259461297282,42.69790698902183,42.69790698902183,14577982
2005-01-28,42.73487349941054,42.77153565917598,42.64222441289836,42.70790248728284,42.70790248728284,9254485
2005-01-31,42.76093403899369,42.845259084655034,42.711212678132654,42.7580471303653,42.7580471303653,29608995
2005-02-01,42.79694229568374,42.83294124080546,42.730347819125456,42.78177676537585,42.78177676537585,3795166
2005-02-02,42.83514689145645,42.91974450930133,42.76116245600371,42.80909952591219,42.80909952591219,8500180
2005-02-03,42.849564451748236,42.88505699478349,42.763189012760876,42.83979433796901,42.83979433796901,6402612
2005-02-04,42.87626374819043,43.00101829674549,42.763362457481165,42.873578190466944,42.873578190466944,8995824
2005-02-07,43.05598844488567,43.13822436602557,42.92058158273663,42.99063387981399,42.99063387981399,19207076
2005-02-08,43.035263777121614,43.09063252357067,42.98343600926857,43.03394378328292,43.03394378328292,19824102
2005-02-09,43.03152975063758,43.11819826915759,42.9819483556174,43.07892767179623,43.07892767179623,8220834
2005-02-10,43.12784405941531,43.237966050250414,43.06863225291455,43.12530253427456,43.12530253427456,12307372
2005-02-11,43.19478664992331,43.275726567272436,43.12508024864399,43.17278535963854,43.17278535963854,8910376
2005-02-14,43.396612224123295,43.49683178615317,43.22760722524417,43.31905150225103,43.31905150225103,4672968
2005-02-15,43.37340449037975,43.477409361240916,43.24497767728195,43.36813606836419,43.36813606836419,8057487
2005-02-16,43.39791147786864,43.46273982366347,43.30294025242462,43.416913541966274,43.416913541966274,6214509
2005-02-17,43.449708221045874,43.53693907583447,43.39366447209967,43.4651009119779,43.4651009119779,7752821
2005-02-18,43.48636428678589,43.562164000478866,43.413327668112245,43.51241516731976,43.51241516731976,5224703
2005-02-21,43.59689998656357,43.8278568535034,43.51052226206988,43.64628913453311,43.64628913453311,8645293
2005-02-22,43.716238248927255,43.783782793773916,43.5858406601809,43.68728082040231,43.68728082040231,9320969
2005-02-23,43.75190981065527,43.795722289995894,43.623944967251724,43.725984336204974,43.725984336204974,11376707
2005-02-24,43.729516801875555,43.80734361654083,43.664949830081774,43.76211667086174,43.76211667086174,9340609
2005-02-25,43.76520518680713,43.86341181510016,43.73150552752086,43.795394813293264,43.795394813293264,18115102
2005-02-28,43.86987854983038,43.94472348844933,43.83219225332869,43.87527397644289,43.87527397644289,23939809
2005-03-01,43.9212925476704,44.001063782117576,43.81280711095513,43.89430523917995,43.89430523917995,6535021
2005-03-02,43.9097926796233,44.00745558144362,43.78747444163559,43.90914867545805,43.90914867545805,12993840
2005-03-03,43.96529686197301,44.041285587789865,43.82787465897692,43.919928380013104,43.919928380013104,23028708
2005-03-04,43.885697969361026,44.00994415328501,43.810530639588244,43.926849868744064,43.926849868744064,13164224
2005-03-07,43.910233889969525,43.977086121186694,43.79551325666788,43.926520198981834,43.926520198981834,11451300
2005-03-08,43.960442916681856,44.02537613004135,43.865445254096436,43.920063983405896,43.920063983405896,3217205
2005-03-09,43.89508996799177,44.02045082262003,43.80746679523472,43.9107771315006,43.9107771315006,6052089
2005-03-10,43.89804364264182,43.99011694503548,43.797194662915594,43.8988651591649,43.8988651591649,6510326
2005-03-11,43.832514289608724,43.99508008623089,43.754727237822294,43.884533582297735,43.884533582297735,16007172
2005-03-14,43.80134256960233,43.91397202255503,43.69891447806256,43.82907638349701,43.82907638349701,5551880
2005-03-15,43.83581565802454,43.894636740132846,43.70452416994427,43.80712154749353,43.80712154749353,7665687
2005-03-16,43.78669319347715,43.86249073886688,43.7219699013944,43.78377468645332,43.78377468645332,12177369
2005-03-17,43.74994688305201,43.80096050903263,43.64647518407764,43.75924131627537,43.75924131627537,5428114
2005-03-18,43.738209686341655,43.78299614495438,43.68453695444468,43.73372695285858,43.73372695285858,9198002
2005-03-21,43.59543413961187,43.69552225753324,43.54249674545212,43.65335306216489,43.65335306216489,8617786
2005-03-22,43.622359052348855,43.72353770269458,43.50331931561356,43.62596988478235,43.62596988478235,12403722
2005-03-23,43.59592424030395,43.666653595019525,43.5243433968302,43.598633293655745,43.598633293655745,11121343
2005-03-24,43.55670692126836,43.65729754525876,43.474631122039874,43.57154880468404,43.57154880468404,10947241
2005-03-25,43.52857940562569,43.667104177145845,43.46639738747774,43.54492193376615,43.54492193376615,8844839
2005-03-28,43.45536908325378,43.53172210340019,43.39075721685808,43.469842188324954,43.469842188324954,3460674
2005-03-29,43.42090968803657,43.523646230863534,43.37968065552188,43.447100948611876,43.447100948611876,8578616
2005-03-30,43.382097589787165,43.53383010464182,43.31725978836937,43.425844906447374,43.425844906447374,8224303
2005-03-31,43.366290444099874,43.466200911340586,43.28187844858595,43.4062795777304,43.4062795777304,11736620
2005-04-01,43.33263531447024,43.434674335567095,43.263843196493525,43.38861047835991,43.38861047835991,6475186
2005-04-04,43.3786227084716,43.413179837974496,43.292867232289964,43.347790647218666,43.347790647218666,8168955
2005-04-05,43.29487919280894,43.39173240554258,43.219440823504485,43.33805541979285,43.33805541979285,8298892
2005-04-06,43.36849869017464,43.45373064404518,43.22403883873023,43.33013727400998,43.33013727400998,5602227
2005-04-07,43.351864196532006,43.43647966856769,43.261970246140294,43.32396504396942,43.32396504396942,4494267
2005-04-08,43.359678975617676,43.41607638289628,43.27435910238846,43.319467563770544,43.319467563770544,9686294
2005-04-11,43.32097484509798,43.43356567737275,43.25195057348812,43.31531196321783,43.31531196321783,13241066
2005-04-12,43.363580519306666,43.428893203601184,43.19483742056838,43.3168018233795,43.3168018233795,5853188
2005-04-13,43.30159132918289,43.37557075225591,43.223021941693986,43.319610603879724,43.319610603879724,7174677
2005-04-14,43.368707797319566,43.443863190042755,43.21907450094595,43.32366713881792,43.32366713881792,12112235
2005-04-15,43.33158559754534,43.41697139556463,43.26650578205319,43.32890026229344,43.32890026229344,12715170
2005-04-18,43.311572522165974,43.46347027883,43.24644072003054,43.35094750493778,43.35094750493778,8981386
2005-04-19,43.413780754802595,43.48079430067585,43.318590523535796,43.3601753235564,43.3601753235564,9840852
2005-04-20,43.33285842978963,43.43822005473321,43.29700738101589,43.37022390120924,43.37022390120924,10438140
2005-04-21,43.355692444376224,43.43009073829119,43.284881830352596,43.381022071995694,43.381022071995694,11415345
2005-04-22,43.37899515494214,43.45232233891678,43.340132481657626,43.39249867001512,43.39249867001512,4682030
2005-04-25,43.42447390409926,43.508328396491066,43.31613921817205,43.430287368465024,43.430287368465024,20864449
2005-04-26,43.5121336576937,43.55749445421117,43.3832242730159,43.443766016410116,43.443766016410116,9174643
2005-04-27,43.46322903561229,43.57523011277541,43.35892769584762,43.4575672620851,43.4575672620851,11523144
2005-04-28,43.47183689243129,43.51137906032502,43.39550487166014,43.47161993958932,43.47161993958932,5465958
2005-04-29,43.48265627717227,43.57163174294347,43.39228474080732,43.48585288302214,43.48585288302214,7289909
2005-05-02,43.542825741741524,43.606253526159925,43.47992348635932,43.528921649886115,43.528921649886115,9659417
2005-05-03,43.574117091382526,43.60266252694023,43.50242863310561,43.543163998027204,43.543163998027204,3245396
2005-05-04,43.554761082261464,43.6073963975805,43.43483124877188,43.5572307825938,43.5572307825938,5098118
2005-05-05,43.59330838320621,43.64115630381247,43.5071659600107,43.57105083768528,43.57105083768528,5566679
2005-05-06,43.56576595290494,43.710081320818745,43.47030386258964,43.58455299740101,43.58455299740101,4221215
2005-05-09,43.59596403033729,43.691308333061365,43.49163264105754,43.622440445287594,43.622440445287594,8435786
2005-05-10,43.62796134211273,43.72076739462865,43.57531507693431,43.63395936449416,43.63395936449416,7709090
2005-05-11,43.660178503106316,43.74851944555529,43.581220251854255,43.64480455882189,43.64480455882189,16302120
2005-05-12,43.639825789792994,43.727530129710004,43.55484757796482,43.654904862370145,43.654904862370145,4568129
2005-05-13,43.70696746518197,43.792594240365695,43.53636472235142,43.66418910923829,43.66418910923829,8996321
2005-05-16,43.73826462657097,43.814048010400874,43.56309786811253,43.686433850756,43.686433850756,5152059
2005-05-17,43.6739096851654,43.754166474929974,43.606279477973345,43.691742211897555,43.691742211897555,3390140
2005-05-18,43.634648320211106,43.78083316949455,43.583592006897035,43.69587868685592,43.69587868685592,10733218
2005-05-19,43.72782491916225,43.76571183128544,43.64698616792284,43.69877210973045,43.69877210973045,11186872
2005-05-20,43.63689467263638,43.76582165311684,43.57132077515749,43.700351314620534,43.700351314620534,10543408
2005-05-23,43.66433086110218,43.73920364856105,43.56867352759784,43.69649196237786,43.69649196237786,4142060
2005-05-24,43.6770243736637,43.78735513832837,43.637757052843625,43.69210263632392,43.69210263632392,8341434
2005-05-25,43.68771810466193,43.77147682258666,43.61925653951946,43.68604326278242,43.68604326278242,10784627
2005-05-26,43.69849307077177,43.722274947179464,43.62974560944323,43.67824267585273,43.67824267585273,12878015
2005-05-27,43.64317733801456,43.733484505832884,43.60441031895064,43.66862970963425,43.66862970963425,10952731
2005-05-30,43.62341018105998,43.75068488195394,43.51418225051492,43.628204876239714,43.628204876239714,12961826
2005-05-31,43.5912513889717,43.671819936339,43.536734143484935,43.610630733859786,43.610630733859786,13641702
2005-06-01,43.61369212999684,43.6433839842451,43.54356464825415,43.59088838268792,43.59088838268792,8430651
2005-06-02,43.60422296245318,43.65294722670812,43.498428872628985,43.56895278637263,43.56895278637263,10264657
2005-06-03,43.511308183320004,43.67430619048929,43.41605086752244,43.54498342675868,43.54498342675868,13187640
2005-06-06,43.41219502417595,43.524138423265384,43.36633967010028,43.46292888206394,43.46292888206394,9723098
2005-06-07,43.45583400789155,43.53327501994828,43.355833346423346,43.43288058319438,43.43288058319438,14569645
2005-06-08,43.41563259060861,43.51030515508796,43.34758597514462,43.40182657799568,43.40182657799568,12387522
2005-06-09,43.35219248265557,43.430648753951345,43.24112153546296,43.36997247786169,43.36997247786169,5831159
2005-06-10,43.28207906029861,43.442801761848145,43.22381563922142,43.337523894186354,43.337523894186354,4163856
2005-06-13,43.21448507402721,43.32132845382862,43.16496474827298,43.2386673558511,43.2386673558511,8077604
2005-06-14,43.244589226719185,43.30215287437938,43.16065414491405,43.20589695194926,43.20589695194926,4432112
2005-06-15,43.179537440342216,43.26985496500305,43.12956999086393,43.173560121475546,43.173560121475546,8339509
2005-06-16,43.18519239559906,43.2292302193027,43.092128790696385,43.14186247582386,43.14186247582386,7970445
2005-06-17,43.05827223909522,43.15798374965835,43.019630925726595,43.11100962638805,43.11100962638805,15331310
2005-06-20,42.98766165316678,43.13977166674829,42.90293573055587,43.025575969315106,43.025575969315106,10298238
2005-06-21,43.02991051398667,43.06782510784255,42.91660217929995,43.00015841868193,43.00015841868193,13045055
2005-06-22,42.941294665155326,43.032126134927225,42.86185818987112,42.97661372123415,42.97661372123415,6262904
2005-06-23,42.949177429634325,42.99748527576581,42.87626629203588,42.955147488365654,42.955147488365654,17189103
2005-06-24,42.899805997155454,43.027885874007694,42.83343315370541,42.935965331470356,42.935965331470356,12506713
2005-06-27,42.90294930819969,42.99381768340655,42.789649199996674,42.89417943056254,42.89417943056254,9906198
2005-06-28,42.88977025484412,42.92628117865505,42.83192477574593,42.88618969149897,42.88618969149897,3241907
2005-06-29,42.87385042905876,42.96622002805834,42.81039079382458,42.88151208537807,42.88151208537807,14422816
2005-06-30,42.88734027927026,42.939340199692005,42.78437165060755,42.88035222359372,42.88035222359372,19416225
2005-07-01,42.91610756454435,42.97961081151384,42.83795457234447,42.88291571753986,42.88291571753986,8045272
2005-07-04,42.89812961714796,42.96785902591667,42.84231963789758,42.913523231624175,42.913523231624175,8128008
2005-07-05,42.943459631422826,43.031938671023845,42.84415637059776,42.931009188549446,42.931009188549446,6178669
2005-07-06,42.93219898869323,43.02547160134821,42.823416451507704,42.95193169944058,42.95193169944058,3538043
2005-07-07,42.96278785925759,43.09938604850589,42.894662478822205,42.97616766100799,42.97616766100799,6039943
2005-07-08,42.96500283173752,43.05471638370829,42.89119465116636,43.00359396996204,43.00359396996204,18341225
2005-07-11,43.085571164310146,43.184749440297395,43.013245205514956,43.103783948247795,43.103783948247795,13721270
2005-07-12,43.10387228625543,43.19184975366083,43.031759342715866,43.142740613852176,43.142740613852176,5436237
2005-07-13,43.227348616647305,43.30699561903847,43.09140990039112,43.184272110395085,43.184272110395085,5990937
2005-07-14,43.225757800867385,43.34680504851242,43.10886535912592,43.22825533458692,43.22825533458692,23265755
2005-07-15,43.29814663370295,43.33695514942842,43.19827501438403,43.27456718313803,43.27456718313803,4803591
2005-07-18,43.39582304089866,43.59960686515862,43.26174756021492,43.426243442050925,43.426243442050925,5594191
2005-07-19,43.48031699089513,43.59439135088887,43.383979589475324,43.48063875514301,43.48063875514301,6453681
2005-07-20,43.56704935738996,43.626690687074664,43.45940396290086,43.53674717614628,43.53674717614628,4056970
2005-07-21,43.61530978981867,43.68216923179749,43.541999073299266,43.594445601771106,43.594445601771106,6114643
2005-07-22,43.662978790204235,43.715070402763025,43.605745846401064,43.65361092872787,43.65361092872787,6161297
2005-07-25,43.80414164084937,43.94004884434483,43.75215781423539,43.83867728469365,43.83867728469365,5095290
2005-07-26,43.89128725162888,44.02471040723574,43.782431281125845,43.902479184082,43.902479184082,15540152
2005-07-27,43.97667847556008,44.08983936756771,43.90572808916979,43.96713246835418,43.96713246835418,4463918
2005-07-28,44.09129328923076,44.13068509933658,43.973327106387025,44.0325140342206,44.0325140342206,7451971
2005-07-29,44.062971998423315,44.169585910651506,43.99065020656595,44.09850077839159,44.09850077839159,5160022
2005-08-01,44.36366564568784,44.46248927977102,44.14137448620903,44.298861047835985,44.298861047835985,7202689
2005-08-02,44.39344313496179,44.473613203762646,44.27897044595369,44.36604741454337,44.36604741454337,5041527
2005-08-03,44.45332948927405,44.55698231489243,44.37812925124732,44.43328309639246,44.43328309639246,8309412
2005-08-04,44.50260993565897,44.623454263996244,44.37076493443758,44.50050464337882,44.50050464337882,9394957
2005-08-05,44.60395070470479,44.680749649738964,44.447836462503695,44.56764860549803,44.56764860549803,16127606
2005-08-08,44.839933075555415,44.993180202388785,44.49613431148177,44.767980482608614,44.767980482608614,5960438
2005-08-09,44.79743960213579,44.88245229409516,44.75553037223584,44.83417960521508,44.83417960521508,17963733
2005-08-10,44.85819108943184,44.95563384442084,44.78769089437494,44.89998389293228,44.89998389293228,5343882
2005-08-11,44.98618283828614,45.09064664224631,44.911275277388064,44.965329895755836,44.965329895755836,7102394
2005-08-12,45.026542438778186,45.12802724992482,44.988811983401554,45.0301541636813,45.0301541636813,19332960
2005-08-15,45.228500689422845,45.3085222583451,45.13104405985874,45.22086205802504,45.22086205802504,34155115
2005-08-16,45.285967176368985,45.33336891256807,45.18642777957432,45.282964886314005,45.282964886314005,18586022
2005-08-17,45.34299526832305,45.44821908509955,45.260054909259686,45.344228729682776,45.344228729682776,7153814
2005-08-18,45.395929940226445,45.445936889445264,45.31433343033751,45.40459013812698,45.40459013812698,10348888
2005-08-19,45.47755689980371,45.52025629611986,45.42235553591794,45.46398566164214,45.46398566164214,11254409
2005-08-22,45.62660463363864,45.811994140173205,45.48222263123849,45.63574242256937,45.63574242256937,9508189
2005-08-23,45.65034419103557,45.798149064334424,45.58061944346718,45.69063990632428,45.69063990632428,4833245
2005-08-24,45.77392931526482,45.84805339535799,45.6605579704526,45.74425425512809,45.74425425512809,8995574
2005-08-25,45.803018514290265,45.85930747296811,45.68488565384963,45.79652201897636,45.79652201897636,6212222
2005-08-26,45.8865719269401,45.957210647178044,45.78368215729838,45.847379747864686,45.847379747864686,4929488
2005-08-29,45.87820366808536,46.091165683909495,45.80379111504974,45.990858224725756,45.990858224725756,6846632
2005-08-30,45.998435520157386,46.108331040199474,45.93712316368989,46.035441313730075,46.035441313730075,9366198
2005-08-31,46.06642382906557,46.19200139595616,46.01643228044069,46.07829711775234,46.07829711775234,13198895
2005-09-01,46.145300262076326,46.22378698817144,46.05492822635789,46.11936218678815,46.11936218678815,7046121
2005-09-02,46.1983357765268,46.28245796845788,46.056177762640026,46.15859741160067,46.15859741160067,7691660
2005-09-05,46.20479994067278,46.388500353156346,46.12407303096012,46.26600392210431,46.26600392210431,11958067
2005-09-06,46.33635244144558,46.39557216886413,46.21656925994265,46.29864835296469,46.29864835296469,8288570
2005-09-07,46.32510812746642,46.38066230824251,46.263023962286155,46.3298515718399,46.3298515718399,9681504
2005-09-08,46.3547356608312,46.43721900499382,46.23356421795732,46.35969617333109,46.35969617333109,8318032
2005-09-09,46.409720679006846,46.455848973370486,46.281318304875995,46.38826475203938,46.38826475203938,8853451
2005-09-12,46.4257140062913,46.53276947582512,46.38159524368463,46.46714029747834,46.46714029747834,4664260
2005-09-13,46.56051363165923,46.628269989618865,46.40195376933027,46.49143073106648,46.49143073106648,8504580
2005-09-14,46.49752012794906,46.59511974544596,46.453042725261334,46.51485811487745,46.51485811487745,16336024
2005-09-15,46.53803839340889,46.666567402278815,46.434364644801576,46.53750504351239,46.53750504351239,8705345
2005-09-16,46.60450445322828,46.66306710705268,46.48247460641129,46.559454111572435,46.559454111572435,5272823
2005-09-19,46.664762481004026,46.74171669886779,46.48250064167535,46.62194009831462,46.62194009831462,16738418
2005-09-20,46.64359746615187,46.733133719343364,46.55291290476383,46.64192367008651,46.64192367008651,11474502
2005-09-21,46.67493386332078,46.760148283926306,46.57201525177721,46.66162235428922,46.66162235428922,11742977
2005-09-22,46.697067042989175,46.771413433988656,46.583635090243895,46.68111874552388,46.68111874552388,11584901
2005-09-23,46.697246148878264,46.7616735672344,46.568557777459404,46.70049543839166,46.70049543839166,4555140
2005-09-26,46.71065163997503,46.871756118846285,46.638015409003586,46.758733272805,46.758733272805,11060099
2005-09-27,46.79429042325734,46.84813933524749,46.69203985269819,46.778457118216615,46.778457118216615,15986694
2005-09-28,46.76288111396464,46.84298256035158,46.68572415037685,46.79847423826703,46.79847423826703,6292388
2005-09-29,46.8167089401317,46.924466799676615,46.71909179489146,46.81886722755741,46.81886722755741,3049978
2005-09-30,46.81850009125169,46.89929563773892,46.74913203237377,46.83971868068889,46.83971868068889,9604457
2005-10-03,46.94359944500437,47.04070235298425,46.84469096138154,46.90584976914133,46.90584976914133,8132068
2005-10-04,47.003397254571276,47.06560869158986,46.8414029106881,46.929361023648624,46.929361023648624,3690027
2005-10-05,46.9915240237478,47.08621033138226,46.88724692949481,46.95374371500274,46.95374371500274,10827950
2005-10-06,47.00009851949007,47.05788001244232,46.84654453522463,46.97908043780478,46.97908043780478,10428972
2005-10-07,46.9706006614991,47.049284440139225,46.93004038435774,47.00545378665595,47.00545378665595,3843456
2005-10-10,47.12077683842066,47.22580564466735,46.95506540312692,47.0916195355154,47.0916195355154,20575378
2005-10-11,47.145869201772975,47.207748347609225,47.02780445926451,47.12296533457437,47.12296533457437,11646458
2005-10-12,47.19413041523903,47.29392593839919,47.05078054124157,47.15576073268814,47.15576073268814,3109032
2005-10-13,47.22345561861688,47.328053358792985,47.09381228915207,47.19008832445786,47.19008832445786,12047697
2005-10-14,47.26782558995606,47.353131058662456,47.17069599757282,47.22603070448467,47.22603070448467,11874040
2005-10-17,47.37356824196866,47.434214234478574,47.24441956940169,47.34437252011908,47.34437252011908,16231366
2005-10-18,47.423295859806004,47.46857143914447,47.33508473693523,47.38759999918568,47.38759999918568,5856215
2005-10-19,47.40036524602394,47.56032567854177,47.32811384290243,47.4328552395151,47.4328552395151,12134990
2005-10-20,47.50191177178024,47.55455284072487,47.39293149746112,47.480220835708444,47.480220835708444,7107251
2005-10-21,47.491672664528785,47.589473684810514,47.40934992739348,47.52977938236689,47.52977938236689,6056906
2005-10-24,47.68678282455494,47.860732693302836,47.58158734097687,47.69243867114419,47.69243867114419,5191061
2005-10-25,47.82658036617798,47.888447456705414,47.69211611749414,47.7515949656744,47.7515949656744,3089069
2005-10-26,47.82121410498712,47.92627619982642,47.72952613521206,47.81335718367542,47.81335718367542,10481937
2005-10-27,47.89637332475583,47.97821383320466,47.74155585092277,47.8778079197484,47.8778079197484,6979079
2005-10-28,47.89432919779209,47.997964468048025,47.83035073205799,47.94502976849444,47.94502976849444,2042925
2005-10-31,48.078787852650905,48.404248332360346,47.9691612948698,48.164147936782534,48.164147936782534,8307171
2005-11-01,48.26668528116295,48.38700236949712,48.14745592701488,48.24328018223234,48.24328018223234,14272933
2005-11-02,48.306461437883975,48.38327286454846,48.273524361581444,48.32556361541597,48.32556361541597,4161804
2005-11-03,48.417732500950365,48.50718107413592,48.267251651665305,48.410916341209564,48.410916341209564,5602102
2005-11-04,48.48258863970317,48.632231884564256,48.38770176793518,48.499223566544295,48.499223566544295,9973208
2005-11-07,48.832336498456776,49.12635290502366,48.569690444890796,48.78072430910711,48.78072430910711,2225548
2005-11-08,48.83955871057704,48.99667955132807,48.7742810047395,48.879701601918164,48.879701601918164,6126360
2005-11-09,48.99366623021219,49.10143282435357,48.92379666731612,48.98105942892623,48.98105942892623,9513812
2005-11-10,49.085118144467856,49.17042794631677,48.932964777449556,49.0846829970625,49.0846829970625,6042890
2005-11-11,49.17140904405057,49.27066330759651,49.12344679356189,49.19045751325812,49.19045751325812,4180526
2005-11-14,49.60625726050012,49.947288314918126,49.147534834962016,49.519538819512896,49.519538819512896,4281901
2005-11-15,49.71379841390008,49.78003878522335,49.55263298068449,49.63276919725772,49.63276919725772,3572925
2005-11-16,49.7830556902214,49.903763468360154,49.60941285078531,49.74757655771777,49.74757655771777,5829456
2005-11-17,49.92053262203131,50.02765857696603,49.71668810585011,49.86384610782421,49.86384610782421,13568792
2005-11-18,49.92215199719659,50.097540338763366,49.84536957753151,49.98146305450824,49.98146305450824,26059617
2005-11-21,50.227005241551524,50.69261577067846,49.94720251383246,50.34125034333756,50.34125034333756,8146048
2005-11-22,50.52139563100003,50.62008840815479,50.294079786396026,50.46310894564365,50.46310894564365,11746623
2005-11-23,50.64448535726263,50.72461711276257,50.52043230295824,50.5857409791832,50.5857409791832,4997963
2005-11-24,50.75012152676357,50.855385719356,50.61071220968313,50.709031650887376,50.709031650887376,2811211
2005-11-25,50.888703485045255,50.99206563097454,50.74485674705641,50.83286616768734,50.83286616768734,20191184
2005-11-28,51.14122895034257,51.72376203026833,50.650758940728714,51.20648485797376,51.20648485797376,5941087
2005-11-29,51.28067096085699,51.43184758633912,51.22410796724263,51.33134682446867,51.33134682446867,11459231
2005-11-30,51.46941670590419,51.561581950592775,51.30397827428293,51.45617867071522,51.45617867071522,8659631
2005-12-01,51.56133246401843,51.649278959283876,51.43511138921328,51.58086560364464,51.58086560364464,13154146
2005-12-02,51.72629692641486,51.83685284907937,51.621595054819174,51.705300745402106,51.705300745402106,12890496
2005-12-05,52.12498207983448,52.257362402467606,51.81627137952905,52.07637491451325,52.07637491451325,9191731
2005-12-06,52.19404108389813,52.314320407870994,52.107626550725506,52.199098212881445,52.199098212881445,9711707
2005-12-07,52.30577647294738,52.4457676700112,52.21354784454116,52.321225295940955,52.321225295940955,14668961
2005-12-08,52.4787774844066,52.53389200498607,52.35814520124977,52.44268886190728,52.44268886190728,6518179
2005-12-09,52.62725310352209,52.69265091393652,52.50660066643479,52.56342160899586,52.56342160899586,17413556
2005-12-12,52.766358717670144,53.09271257087835,52.430078735072385,52.92056191914988,52.92056191914988,5615403
2005-12-13,52.938373167539275,53.095003353164294,52.866223451798795,53.03769837288218,53.03769837288218,8312259
2005-12-14,53.147984657310325,53.30625105995366,53.059908327064406,53.15376749881409,53.15376749881409,10957580
2005-12-15,53.284677146326864,53.36389076497463,53.176130048223335,53.26870199516104,53.26870199516104,3542720
2005-12-16,53.38279345259567,53.44878767829017,53.33040800733862,53.3824345601385,53.3824345601385,15964468
2005-12-19,53.809367862527246,54.04851257885828,53.32768347797696,53.71574764900868,53.71574764900868,10149170
2005-12-20,53.883565456876646,53.96023365543142,53.6814630099186,53.823999470662876,53.823999470662876,41676086
2005-12-21,53.95573977526986,54.0036931955006,53.86557116114638,53.93071285202492,53.93071285202492,22641574
2005-12-22,54.05071044882464,54.155135365420364,53.96907007826298,54.03582049131027,54.03582049131027,7956514
2005-12-23,54.127626322726236,54.19768377748688,54.0007032680754,54.13925508673438,54.13925508673438,19535530
2005-12-26,54.31440637912784,54.58992184849792,54.110163070896036,54.438847591994005,54.438847591994005,12220436
2005-12-27,54.535451205709116,54.644850918949295,54.48069798858141,54.534916994127855,54.534916994127855,8979957
2005-12-28,54.570204822005884,54.74016504406926,54.50839164355419,54.628976843477794,54.628976843477794,3489506
2005-12-29,54.7279927689541,54.84345833179687,54.63621199836424,54.7209598382593,54.7209598382593,3926207
2005-12-30,54.87670057254609,54.94370345191532,54.71902770532536,54.810798676687824,54.810798676687824,8017500
2006-01-02,55.003181011812096,55.44425465758844,54.744700407818286,55.06677723601019,55.06677723601019,6244863
2006-01-03,55.09318374636013,55.25679153041178,55.00381982692665,55.14736643118145,55.14736643118145,8953425
2006-01-04,55.26404373971369,55.312632280222914,55.12934127538292,55.22547496107708,55.22547496107708,15888990
2006-01-05,55.22051470032832,55.44315315789457,55.141269661803584,55.301035523912496,55.301035523912496,12328586
2006-01-06,55.391591332965696,55.455311226400454,55.27687857179825,55.37398081790321,55.37398081790321,5647983
2006-01-09,55.50180336819365,55.76088717930347,55.32125166793709,55.57645206896159,55.57645206896159,12704045
2006-01-10,55.576224205176246,55.69750457795144,55.531652442449555,55.638263269728036,55.638263269728036,5065322
2006-01-11,55.68960879772322,55.75021522642991,55.54201634927056,55.69712269272709,55.69712269272709,4519138
2006-01-12,55.698636921781194,55.91584875601552,55.59650357340955,55.752963036174194,55.752963036174194,9681918
2006-01-13,55.854982079146446,55.953912330628434,55.745247301940395,55.80571699828484,55.80571699828484,5323815
2006-01-16,55.88615626166918,56.10899835363664,55.745455212793146,55.94478757875255,55.94478757875255,5803833
2006-01-17,55.906573515112925,56.08298864296505,55.83708086090103,55.984522997671945,55.984522997671945,13150076
2006-01-18,55.936252951560604,56.091641272770794,55.87732401086735,56.02083552633219,56.02083552633219,11114586
2006-01-19,56.02356006524429,56.12252077880604,55.9795597583315,56.05365786294874,56.05365786294874,6642834
2006-01-20,56.00197424288229,56.162869477714615,55.93762585475957,56.08292270573707,56.08292270573707,3549802
2006-01-23,56.1656222523148,56.26399364453417,55.99792434474453,56.14869925328742,56.14869925328742,5539257
2006-01-24,56.186566196867695,56.2978890362982,56.078411255330955,56.163061102917524,56.163061102917524,21125493
2006-01-25,56.133417721058734,56.30196492040418,56.01063997467471,56.17352894979673,56.17352894979673,12970943
2006-01-26,56.187891817160576,56.263623586241756,56.123591056129435,56.18003549214049,56.18003549214049,16301172
2006-01-27,56.279643993002466,56.345735826300825,56.11426238094846,56.18251342816429,56.18251342816429,9092536
2006-01-30,56.22857523290263,56.30268369043502,56.051148058643726,56.16510258047053,56.16510258047053,6712137
2006-01-31,56.1747993240151,56.26669636848825,56.03236183141478,56.150793073369115,56.150793073369115,12579114
2006-02-01,56.178078542585965,56.254745438542784,56.005550898540605,56.13211845102505,56.13211845102505,15185804
2006-02-02,56.119112303242424,56.20907698456628,56.05663994302859,56.10913762563718,56.10913762563718,6293835
2006-02-03,56.025990839991614,56.16206457747596,55.91883484887541,56.082414365338046,56.082414365338046,5600406
2006-02-06,56.01340221316301,56.07893025401295,55.9310594619106,55.986689796131785,55.986689796131785,3738975
2006-02-07,56.0007835301724,56.09129947147356,55.88473027645458,55.95189661734637,55.95189661734637,5530227
2006-02-08,55.915881683588104,55.96882620381435,55.86484012544055,55.91681091422913,55.91681091422913,11177479
2006-02-09,55.84669513249761,55.9460379889221,55.765306528232934,55.88212266889594,55.88212266889594,5937636
2006-02-10,55.848878231683415,55.90418081021315,55.68892016614216,55.84852186346269,55.84852186346269,12747135
2006-02-13,55.753940061330624,55.81609821491373,55.632977529102725,55.761143907721454,55.761143907721454,21392256
2006-02-14,55.73106500111993,55.88909051075709,55.59233450805406,55.73879268304686,55.73879268304686,8099900
2006-02-15,55.782303162653804,55.85346554958913,55.669275840445096,55.720978808851655,55.720978808851655,7935184
2006-02-16,55.679172916580704,55.814002289806936,55.594845632399824,55.708392267251725,55.708392267251725,10524936
2006-02-17,55.64748791243872,55.76329860687227,55.597834745272124,55.70172304036295,55.70172304036295,6002885
2006-02-20,55.707735054729106,55.831799985563514,55.61557780877599,55.724119069122615,55.724119069122615,5787967
2006-02-21,55.7635393623312,55.85362187706434,55.68939164696016,55.74801892223742,55.74801892223742,5874892
2006-02-22,55.70278615133296,55.85177814643015,55.65090760553027,55.78128600064285,55.78128600064285,4511604
2006-02-23,55.85365066896464,55.9257135941184,55.715374761746894,55.82461028645481,55.82461028645481,12545160
2006-02-24,55.84047500000541,55.97573520576607,55.73860437913177,55.87868176178915,55.87868176178915,6241069
2006-02-27,56.147604103473824,56.36845198964371,55.888129569274795,56.11227914608551,56.11227914608551,13945194
2006-02-28,56.20362643334969,56.341809226792186,56.148009470419765,56.216239200668376,56.216239200668376,10423710
2006-03-01,56.26573030360455,56.39318771749618,56.20079962868663,56.33439635535307,56.33439635535307,7909394
2006-03-02,56.51948165288952,56.57924039393365,56.38340842063071,56.46722242515705,56.46722242515705,11992190
2006-03-03,56.61504769171166,56.77717225271046,56.41338387081182,56.614316556703855,56.614316556703855,4991371
2006-03-06,57.34786359769901,57.64441486757172,56.56548939719133,57.135017117052115,57.135017117052115,5415360
2006-03-07,57.50265729343039,57.60012537972922,57.21122525808843,57.332993290821136,57.332993290821136,11429986
2006-03-08,57.473932899757855,57.78091299602912,57.23668953501408,57.5421424239584,57.5421424239584,2668736
2006-03-09,57.68514615902385,57.89829893228063,57.54339830460943,57.76184549598904,57.76184549598904,8058658
2006-03-10,58.03443236019349,58.111836110748825,57.87056912404165,57.99148348643812,57.99148348643812,10747709
2006-03-13,59.153095061415215,59.568600406718126,57.91118191850719,58.73381676354694,58.73381676354694,15407939
2006-03-14,58.98604644084716,59.122764896328306,58.80859915029695,58.997004222920694,58.997004222920694,17067590
2006-03-15,59.33013771308975,59.55462792570465,58.91764911366489,59.267031498338355,59.267031498338355,7495466
2006-03-16,59.667893693801915,59.94031483126975,59.181750078636405,59.54327956932499,59.54327956932499,11758481
2006-03-17,59.7138061493212,60.12226902002261,59.40858501502219,59.825129415405684,59.825129415405684,5350909
2006-03-20,60.70546181205275,61.44673962129553,59.845240018315025,60.698099399463054,60.698099399463054,6408968
2006-03-21,61.12754892561479,61.33162613935213,60.71964821690646,60.99616614117092,60.99616614117092,15851621
2006-03-22,61.31156665119219,61.57662315985515,60.923683046918356,61.29673955559828,61.29673955559828,7841964
2006-03-23,61.54807312161952,61.90858733016775,61.42102256544694,61.599200622270224,61.599200622270224,8664900
2006-03-24,61.904770252820775,62.339857048596905,61.59183174813181,61.90293032071188,61.90293032071188,4772515
2006-03-27,62.433991749644335,63.596195269301944,61.88142923118978,62.81554100190582,62.81554100190582,9882100
2006-03-28,63.175711314271005,63.55974456033265,62.95354910081318,63.1181550226771,63.1181550226771,11663551
2006-03-29,63.63552519525651,63.84023108213569,63.15157754572604,63.4189425728435,63.4189425728435,11483979
2006-03-30,63.4760317881158,63.912871925338244,63.3157314243597,63.71728463193012,63.71728463193012,4365623
2006-03-31,63.813160314109105,64.16694195240828,63.614244194168855,64.01256217946207,64.01256217946207,13189403
2006-04-03,64.7834874493008,65.35251783826449,64.39651021189235,64.87381754798055,64.87381754798055,4856855
2006-04-04,65.15652143981599,65.28051657993451,64.99970375302829,65.1506468445446,65.1506468445446,7895034
2006-04-05,65.40329186898762,65.56995887289067,65.22485628353454,65.42131652717937,65.42131652717937,3562212
2006-04-06,65.56438235765225,65.9932098891685,65.32407152384206,65.68520757540999,65.68520757540999,7313393
2006-04-07,65.88612856986443,66.076295384682,65.79156314722319,65.94170096876154,65.94170096876154,4843551
2006-04-10,66.32089173690731,67.22489035027027,65.79360914881342,66.66060501479261,66.66060501479261,6391781
2006-04-11,66.96802282012321,67.1764365704311,66.75855197779158,66.88131758387874,66.88131758387874,8243267
2006-04-12,66.98736215103204,67.19127314408479,66.85939276190801,67.09153739571124,67.09153739571124,12098166
2006-04-13,67.4334352562547,67.55051962449026,67.12660616153528,67.29064542981519,67.29064542981519,11892325
2006-04-14,67.4212885825649,67.61779624892444,67.23848716592941,67.47802266571568,67.47802266571568,2486294
2006-04-17,67.79815325772974,68.24232441227413,67.62593539358787,67.96357937944732,67.96357937944732,11230133
2006-04-18,68.13790872659949,68.25876850300794,67.94514580036801,68.09784321778488,68.09784321778488,8869156
2006-04-19,68.22434165395718,68.36877672770447,68.12212259688275,68.21728115554443,68.21728115554443,6045657
2006-04-20,68.3599832716983,68.50865833163685,68.15739284777248,68.32127417225105,68.32127417225105,5151242
2006-04-21,68.36020798584481,68.57637134166998,68.22212296620509,68.40920324742984,68.40920324742984,7754144
2006-04-24,68.63839100557145,68.77897109959,68.47640634897799,68.57041661905004,68.57041661905004,8977671
2006-04-25,68.58511373880197,68.69025156698171,68.40135085941816,68.58789972336838,68.58789972336838,9663758
2006-04-26,68.60644070483349,68.67350819253102,68.43900290339216,68.5862237837843,68.5862237837843,7248514
2006-04-27,68.57982289610435,68.7345561006679,68.484759353781,68.56476977982292,68.56476977982292,2264447
2006-04-28,68.52535725954847,68.70069132742661,68.39972559102459,68.52291869100932,68.52291869100932,6245054
2006-05-01,68.3699052884171,68.64744814655916,68.11151330080726,68.26879271070614,68.26879271070614,4426438
2006-05-02,68.17911589858296,68.25985806378895,67.97794947972166,68.13948985110555,68.13948985110555,22355045
2006-05-03,68.02121113773536,68.11544971105116,67.8005933655533,67.98865544450442,67.98865544450442,8240804
2006-05-04,67.81379450308266,68.03401684576062,67.72167169204769,67.81763111065393,67.81763111065393,11588364
2006-05-05,67.54875363881632,67.78114588969945,67.44140856443954,67.6277584693054,67.6277584693054,10990212
2006-05-08,66.99516650712665,67.91374353978482,66.0848029224537,66.95846689778402,66.95846689778402,9342798
2006-05-09,66.55841256032183,67.04695009731822,66.34572389623533,66.70661722395585,66.70661722395585,6496949
2006-05-10,66.39239716779058,66.68033537559782,66.18149019682382,66.44262734138593,66.44262734138593,6095355
2006-05-11,66.0093012404592,66.50814093073792,65.77000199344106,66.16783886982556,66.16783886982556,2912887
2006-05-12,65.95984691546147,66.2367030178245,65.59580247575049,65.88359342902598,65.88359342902598,8589479
2006-05-15,65.13701410644514,65.48778500455194,64.21342356114026,64.98753148870465,64.98753148870465,9296444
2006-05-16,64.8975996514437,65.11027842266611,64.26508453255822,64.67887436846087,64.67887436846087,7810950
2006-05-17,64.33163092804666,64.67280661995079,64.06614202407786,64.36746837773423,64.36746837773423,8594757
2006-05-18,64.14793226362343,64.46687427577776,63.758890955938675,64.05465513627597,64.05465513627597,4376443
2006-05-19,63.8113927431224,63.987715352644365,63.43990193146944,63.74177626383737,63.74177626383737,6906188
2006-05-22,62.35662564806147,64.10304292361856,61.57664962735728,62.8161620581521,62.8161620581521,5780641
2006-05-23,62.50876249659626,62.773799426863896,62.11973898361101,62.51643685930474,62.51643685930474,11155632
2006-05-24,62.1450985398785,62.35857650213445,61.967288920753674,62.223354128233375,62.223354128233375,8165628
2006-05-25,61.93170203366562,62.33757920631886,61.71018659025471,61.938255484689236,61.938255484689236,5809736
2006-05-26,61.584197995245354,61.813013484387355,61.39594126970245,61.66248254842362,61.66248254842362,7385112
2006-05-29,60.508520745791216,61.499735359123065,60.10761882717712,60.904534180810444,60.904534180810444,4757294
2006-05-30,60.810800376054054,61.00526044859727,60.52188535471652,60.67948027117151,60.67948027117151,6789341
2006-05-31,60.41705861158528,60.773150018745945,60.20215091817806,60.470460167567396,60.470460167567396,10705793
2006-06-01,60.25118781614858,60.48044673005141,60.094681960183415,60.27881548974943,60.27881548974943,4109470
2006-06-02,60.06983400696126,60.29846584236578,59.966855523188954,60.10557637093234,60.10557637093234,7759075
2006-06-05,59.87849601539412,60.072919454620795,59.46089072019748,59.692888293031764,59.692888293031764,5498493
2006-06-06,59.59207612199199,59.67956631909691,59.50572557624647,59.589244361690575,59.589244361690575,4110935
2006-06-07,59.472530778698484,59.59630028657857,59.32951343224369,59.50168097854999,59.50168097854999,20329811
2006-06-08,59.46054763100151,59.567089403912995,59.33810699506197,59.4296708441426,59.4296708441426,14974197
2006-06-09,59.39914046808796,59.519930121085864,59.29819741868617,59.37268665900108,59.37268665900108,5932287
2006-06-12,59.26684157631254,59.43852785083745,59.175904213704754,59.28661680449813,59.28661680449813,6920977
2006-06-13,59.344314457751985,59.436124823423704,59.19287578728103,59.284463421746466,59.284463421746466,2910481
2006-06-14,59.27535259752331,59.359421601256955,59.236956271305836,59.2946994909239,59.2946994909239,3608159
2006-06-15,59.28614713142182,59.43177043182231,59.22315992170292,59.31679771256304,59.31679771256304,4551365
2006-06-16,59.33901433322948,59.410819858855724,59.22900033743943,59.350230787196544,59.350230787196544,7866781
2006-06-19,59.46427302906114,59.680704304354876,59.34545417912359,59.51326613438961,59.51326613438961,7554026
2006-06-20,59.57207107592989,59.69564340184531,59.48852053224017,59.58676562632697,59.58676562632697,9443271
2006-06-21,59.693153339707635,59.83389915680739,59.55921221396366,59.66896347392189,59.66896347392189,11231758
2006-06-22,59.71385993360421,59.85715371527696,59.584381695562996,59.759332377707025,59.759332377707025,9193035
2006-06-23,59.85870419903758,59.92593202241869,59.75604056387805,59.85734503821501,59.85734503821501,4658705
2006-06-26,60.1990149691418,60.39279635325927,59.9506598881947,60.1919725654025,60.1919725654025,9406992
2006-06-27,60.36623305736188,60.46937959189055,60.22827142948736,60.315287258128336,60.315287258128336,10991447
2006-06-28,60.482295693744724,60.58465158484192,60.32418602064444,60.44360921024022,60.44360921024022,6461136
2006-06-29,60.505669098971715,60.65027273166027,60.41074124748291,60.57641112227081,60.57641112227081,3177932
2006-06-30,60.689781162466765,60.78678234219833,60.6220478197676,60.71316569475274,60.71316569475274,14461299
2006-07-03,61.10835673986052,61.6503260493197,60.62967038049184,61.14187238023308,61.14187238023308,8361173
2006-07-04,61.278995834959055,61.36669939462185,61.2196121363738,61.28916459984684,61.28916459984684,1999749
2006-07-05,61.54858359780309,61.63288881375502,61.30552941040118,61.43777298257515,61.43777298257515,22523699
2006-07-06,61.639330360507685,61.7651851660315,61.398233758566406,61.58717022895066,61.58717022895066,6296917
2006-07-07,61.68295334728112,61.816958794094454,61.61625348493615,61.736829039506006,61.736829039506006,27084270
2006-07-10,61.896125000978074,62.42213935629706,61.71816144107498,62.18210186157759,62.18210186157759,9661256
2006-07-11,62.31569422501955,62.54364185760163,62.230788419104655,62.32753393417875,62.32753393417875,7229007
2006-07-12,62.405040024833376,62.591186001262145,62.294760235831006,62.470591073622955,62.470591073622955,8769141
2006-07-13,62.597842108852646,62.72836036987681,62.539982740884284,62.61074598044287,62.61074598044287,5611430
2006-07-14,62.75065496521558,62.925684615481686,62.56355251332137,62.74747135517112,62.74747135517112,8249039
2006-07-17,63.4275875075139,63.68699877065499,62.87887000799026,63.13179729213232,63.13179729213232,21862041
2006-07-18,63.29967139393132,63.43742074352566,63.0764659070653,63.24953154382035,63.24953154382035,5104539
2006-07-19,63.35072641296817,63.518468231830155,63.257267667359464,63.36119976607993,63.36119976607993,10445005
2006-07-20,63.43006248679092,63.573541874454165,63.31283634036832,63.4662746594437,63.4662746594437,5582083
2006-07-21,63.54915988885766,63.63258281368666,63.464409367607715,63.56422892444432,63.56422892444432,7355152
2006-07-24,63.89518692826872,64.12136239657562,63.465585689440466,63.810094954593566,63.810094954593566,21493417
2006-07-25,63.93832723543008,64.00668269762869,63.799820247532324,63.87429371146793,63.87429371146793,10409016
2006-07-26,63.98537849601524,64.04322315521765,63.847233137674124,63.928735342642355,63.928735342642355,11614778
2006-07-27,64.0020575179498,64.15223058648942,63.84908176259359,63.97289254864944,63.97289254864944,8288464
2006-07-28,64.02191743147452,64.07879004254262,63.9376188162058,64.00623803002188,64.00623803002188,30789874
2006-07-31,64.01573020427412,64.16000984180802,63.95214400674488,64.03613113165758,64.03613113165758,4975979
2006-08-01,63.966231825125014,64.08010201038617,63.83645412268058,64.02095671981776,64.02095671981776,3631898
2006-08-02,63.919544224631565,64.1131166880109,63.80372454170437,63.99254274858566,63.99254274858566,18586729
2006-08-03,63.924007028516414,64.01652291065616,63.84331810971339,63.95140523139005,63.95140523139005,6610437
2006-08-04,63.86137610766635,63.971721030428704,63.71686800765809,63.89826884423875,63.89826884423875,9821472
2006-08-07,63.5803730657001,63.80264462991395,63.445011404381376,63.67411322312991,63.67411322312991,18870895
2006-08-08,63.55246332747832,63.72413189365788,63.4869903071533,63.58022811623498,63.58022811623498,9887001
2006-08-09,63.40561345111013,63.634548256680844,63.327204977931274,63.47796751942388,63.47796751942388,24406528
2006-08-10,63.296282050823216,63.502717942943704,63.22334287224343,63.36805610870451,63.36805610870451,8563761
2006-08-11,63.157726329272954,63.43594768771663,63.06290936172197,63.251218560084794,63.251218560084794,5614643
2006-08-14,62.7707339632184,63.19103771701428,62.58612959889484,62.86639584690247,62.86639584690247,2466252
2006-08-15,62.66717270444194,62.83207169479652,62.57043343378191,62.7291005067603,62.7291005067603,9297218
2006-08-16,62.612194675694575,62.78000110747669,62.51755310159737,62.58850240875726,62.58850240875726,2614906
2006-08-17,62.49729494644208,62.54336978772691,62.36381197200587,62.44532622890125,62.44532622890125,9409891
2006-08-18,62.34639244520267,62.5122405108903,62.234436635324165,62.300296643200205,62.300296643200205,16596812
2006-08-21,61.473347403538526,62.0644694312074,61.20313914075517,61.86133421110563,61.86133421110563,7932047
2006-08-22,61.73804592013812,61.92934027383486,61.52848770350078,61.7161377621033,61.7161377621033,8797738
2006-08-23,61.56219356369954,61.64375298868426,61.38969061954572,61.57271128729541,61.57271128729541,12645151
2006-08-24,61.48974849136061,61.62706873001041,61.292931684486014,61.43177946268987,61.43177946268987,11180918
2006-08-25,61.28568392316393,61.4323421786176,61.188707202959904,61.29406696429455,61.29406696429455,14291869
2006-08-28,61.10334415748633,61.48449873922118,60.67213483139826,60.90749218644899,60.90749218644899,7923652
2006-08-29,60.7931146136948,60.85403544709317,60.69885160464763,60.7899037529736,60.7899037529736,2595745
2006-08-30,60.71646196426192,60.80434483242861,60.57663818742877,60.679158025747945,60.679158025747945,14403199
2006-08-31,60.6168852209101,60.75380260896721,60.425251426426414,60.57597968077991,60.57597968077991,7099615
2006-09-01,60.52525207430171,60.60196519022385,60.35811780640545,60.48109339407744,60.48109339407744,5155763
2006-09-04,60.386862247930424,60.50680367221239,60.125973497159094,60.24919468621816,60.24919468621816,9463187
2006-09-05,60.23958201372028,60.33102482648105,60.132465620392274,60.18891445100169,60.18891445100169,8782072
2006-09-06,60.15275858522383,60.248307532700466,60.0697353397374,60.13678169193561,60.13678169193561,5499792
2006-09-07,60.12320416620343,60.22585674115823,59.986693127819905,60.09257909448914,60.09257909448914,4206577
2006-09-08,60.081739403721244,60.18383225283725,59.88434663759843,60.05608934413152,60.05608934413152,10111255
2006-09-11,59.932738007425584,60.158244037092985,59.85643208232935,59.99072403028413,59.99072403028413,5230493
2006-09-12,59.988088869076584,60.042621757383635,59.82792661080075,59.98291252297429,59.98291252297429,8470870
2006-09-13,59.93800587017192,60.07110142523556,59.8689984326789,59.98172729009946,59.98172729009946,9642343
2006-09-14,60.01996899497086,60.16066507604129,59.887402745417404,59.986951017128895,59.986951017128895,12981556
2006-09-15,60.0911174286977,60.164535101929786,59.93070978469534,59.998366389531846,59.998366389531846,23080620
2006-09-18,60.003125070135376,60.17912748956597,59.903036514920736,60.06758923367411,60.06758923367411,9007397
2006-09-19,60.08799979444199,60.233958496766014,59.94866134856385,60.10159804226343,60.10159804226343,6467313
2006-09-20,60.1173882494223,60.22987055812293,60.06535272448005,60.14071192357247,60.14071192357247,18332207
2006-09-21,60.15390268285364,60.26265604331477,60.06580378471991,60.18471356307043,60.18471356307043,13510780
2006-09-22,60.19496520745933,60.34624895548954,60.11752750614941,60.23338564622654,60.23338564622654,8702697
2006-09-25,60.35814596819865,60.54635661603061,60.215108387066145,60.40525141233619,60.40525141233619,9004144
2006-09-26,60.42823595383926,60.59897278205106,60.29585444216894,60.47043212481731,60.47043212481731,8108374
2006-09-27,60.55476684467469,60.60356456954462,60.411003746812014,60.53919670830278,60.53919670830278,8675884
2006-09-28,60.713648280865115,60.78990270592158,60.48801675287978,60.61132784826184,60.61132784826184,7602741
2006-09-29,60.699761355086345,60.86691072624432,60.62557703371295,60.68660823016369,60.68660823016369,4913695
2006-10-02,61.056634606722504,61.21614117686061,60.80399612152371,60.929171682218524,60.929171682218524,8035572
2006-10-03,60.99182794350198,61.13847996671899,60.935957521722926,61.014875886584015,61.014875886584015,19260929
2006-10-04,61.08427379344535,61.19735234498369,61.04348387683234,61.1026427602385,61.1026427602385,5319719
2006-10-05,61.13555935816901,61.351903718085254,61.041658335303666,61.19225498865122,61.19225498865122,6985285
2006-10-06,61.34886097154704,61.426772114110996,61.13525087212588,61.283495257291406,61.283495257291406,5121676
2006-10-09,61.643990861079494,61.73943738267631,61.39803048195491,61.56481115926919,61.56481115926919,14269261
2006-10-10,61.61363215334764,61.83383785921995,61.49663489403677,61.66039044351163,61.66039044351163,12113173
2006-10-11,61.75956540023544,61.91876581935095,61.68085633971484,61.75651119532773,61.75651119532773,4221899
2006-10-12,61.85955727392126,62.03199441859259,61.75816837893847,61.85295610018673,61.85295610018673,2915992
2006-10-13,61.98237102375413,62.09967413000901,61.86136289412697,61.94950784355784,61.94950784355784,12333166
2006-10-16,62.29353297393512,62.55286241404087,61.99534176192123,62.237630959436316,62.237630959436316,4095168
2006-10-17,62.315263300631244,62.44328333088259,62.24300271077384,62.332436911548314,62.332436911548314,12104468
2006-10-18,62.493683746190804,62.60472294916872,62.30598039640038,62.42626312951861,62.42626312951861,5814792
2006-10-19,62.52236407076476,62.688864547451686,62.409136847889705,62.51889229881645,62.51889229881645,11324192
2006-10-20,62.600642174768886,62.67240160744033,62.424042643399986,62.61010710491108,62.61010710491108,9989152
2006-10-23,62.88933878470066,62.99871631818192,62.739305720223854,62.87309219866803,62.87309219866803,6117872
2006-10-24,62.96617488271115,63.06290893026527,62.88101797709339,62.95647640664216,62.95647640664216,5154888
2006-10-25,63.12052825939041,63.20139310035788,62.97363304481156,63.037359678759245,63.037359678759245,10668973
2006-10-26,63.191522426613815,63.30318481966353,62.97577010791705,63.11552470048853,63.11552470048853,5658442
2006-10-27,63.182353189662756,63.26758624529317,63.126649065626175,63.19075415729926,63.19075415729926,13928424
2006-10-30,63.33082444000116,63.61776105406776,63.12316446571568,63.39665599291242,63.39665599291242,5276518
2006-10-31,63.50007153784072,63.565840394979375,63.33263604049082,63.45797004474126,63.45797004474126,9531639
2006-11-01,63.49216588507173,63.70179486557632,63.387804865842284,63.51526195899772,63.51526195899772,6582004
2006-11-02,63.51799980878914,63.73799644036991,63.43618665952481,63.56836744687403,63.56836744687403,8022889
2006-11-03,63.65619545334663,63.786587622051904,63.5372586249761,63.61733432245428,63.61733432245428,5636019
2006-11-06,63.78926227852572,63.86051490339902,63.65658349424441,63.74041167348974,63.74041167348974,7316545
2006-11-07,63.80919984544497,63.88678366906879,63.67373842336129,63.77383249795679,63.77383249795679,2222351
2006-11-08,63.830630869790745,63.89767532349307,63.666674491953046,63.8036189091633,63.8036189091633,5328023
2006-11-09,63.82206799271561,63.89487535700245,63.744260101895094,63.829871746916346,63.829871746916346,5963369
2006-11-10,63.853578910572686,64.02611046168713,63.77962543111432,63.85269185102303,63.85269185102303,7717598
2006-11-13,63.90672639215668,64.06816142385908,63.71386958022693,63.90156415953591,63.90156415953591,15272249
2006-11-14,64.01237610079691,64.10335881997374,63.85119095351801,63.91166172712817,63.91166172712817,5643905
2006-11-15,63.85934189684745,64.11013581656188,63.7535581052586,63.91883076010953,63.91883076010953,16223067
2006-11-16,63.85921027928147,64.05526336183837,63.75985645977854,63.92317209828715,63.92317209828715,5200382
2006-11-17,63.89349075088114,64.0855493378298,63.827355641072,63.92478658146807,63.92478658146807,4596892
2006-11-20,63.980756072708495,64.09860658824003,63.8385506475289,63.91427729910182,63.91427729910182,3118441
2006-11-21,64.00130429758815,64.07753302984612,63.82893362607439,63.90599276036704,63.90599276036704,10835565
2006-11-22,63.88592108205564,63.98618079951594,63.744397891814344,63.89548556567111,63.89548556567111,8351596
2006-11-23,63.93302704080897,64.00079342309243,63.739126909294946,63.882856554821075,63.882856554821075,10519278
2006-11-24,63.77253641943514,63.94301123196975,63.70574080064591,63.86820656762408,63.86820656762408,8544193
2006-11-27,63.88847076926601,63.99842105225877,63.63007772613844,63.813139146022124,63.813139146022124,7963295
2006-11-28,63.831008879782594,63.930030271182275,63.64130942746324,63.791413651508165,63.791413651508165,9222566
2006-11-29,63.757602057943544,63.85618101449719,63.68990945370654,63.76817137968271,63.76817137968271,23469098
2006-11-30,63.82834665525874,63.89079711119438,63.65355644443871,63.743513170352855,63.743513170352855,6312125
2006-12-01,63.66966964562111,63.857595431886985,63.54750280094768,63.71753986332573,63.71753986332573,22345001
2006-12-04,63.68065392567097,63.73878350740934,63.54841170004,63.63365169741603,63.63365169741603,12251190
2006-12-05,63.633946716018706,63.6770909172038,63.537747834288474,63.60467883846797,63.60467883846797,9602663
2006-12-06,63.61198079413816,63.72258666778128,63.42459513148512,63.575707474888816,63.575707474888816,10556120
2006-12-07,63.562438687477176,63.67366831406337,63.4361325536287,63.5470415449933,63.5470415449933,1618709
2006-12-08,63.44451841596376,63.679171522277414,63.339093879008914,63.518984987096204,63.518984987096204,7018922
2006-12-11,63.43716326530429,63.5679082011037,63.297781923889254,63.44151092854311,63.44151092854311,5722036
2006-12-12,63.452494706905846,63.58950160385083,63.34981222630514,63.41893124178735,63.41893124178735,23003312
2006-12-13,63.417970411416356,63.529018366705365,63.21522738700979,63.398480618603855,63.398480618603855,6744600
2006-12-14,63.42938818092512,63.51216568153721,63.28900687454008,63.380462997307404,63.380462997307404,7881683
2006-12-15,63.45765204268467,63.53886454255462,63.26328183716697,63.365182316212746,63.365182316212746,7817928
2006-12-18,63.28522694926956,63.449474072743556,63.22829112205433,63.33880129728723,63.33880129728723,4162747
2006-12-19,63.364441681484664,63.41233671733273,63.27369072269419,63.33750776014746,63.33750776014746,6045599
2006-12-20,63.34967649985167,63.401305805919954,63.21742043768946,63.34047085478334,63.34047085478334,12035859
2006-12-21,63.42341820212067,63.50546421911834,63.27457616833878,63.347994519509605,63.347994519509605,2755332
2006-12-22,63.328760950931795,63.49994344324393,63.25000651818823,63.360382692641075,63.360382692641075,9347582
2006-12-25,63.399989822747834,63.580645644565145,63.32597142015111,63.42977364561421,63.42977364561421,5097252
2006-12-26,63.36850523522898,63.55016039449909,63.30454017387188,63.464659235514084,63.464659235514084,15323705
2006-12-27,63.476890389256646,63.5812711957402,63.341660901305346,63.50592902539297,63.50592902539297,9746443
2006-12-28,63.553490519341686,63.613026628902915,63.47621348683985,63.55388695356567,63.55388695356567,3741765
2006-12-29,63.65896736631154,63.7129158920317,63.50262562618312,63.608836958346906,63.608836958346906,6497184
2007-01-01,63.822089686680265,64.04308654532355,63.64198760306034,63.81867881548974,63.81867881548974,10036430
2007-01-02,63.904843990629516,64.01463673164392,63.82665054595544,63.90448377449387,63.90448377449387,6872064
2007-01-03,63.99112746440671,64.11427687084537,63.832977390624556,63.99788408952613,63.99788408952613,8602059
2007-01-04,64.16561792310104,64.2776612392106,63.945381414301885,64.098267286747,64.098267286747,7923421
2007-01-05,64.25676306221236,64.30976088514583,64.12156709372375,64.20502089231695,64.20502089231695,12340074
2007-01-08,64.68207132784404,64.90610476752937,64.26313961129212,64.55737942072616,64.55737942072616,9966449
2007-01-09,64.72082947049647,64.84815282690451,64.61090272002441,64.68348992129732,64.68348992129732,7809471
2007-01-10,64.81442130766939,64.92521236984295,64.66907346039383,64.81290846101996,64.81290846101996,8071992
2007-01-11,65.01930757976025,65.09076966235743,64.86873452844152,64.94502256605458,64.94502256605458,4655384
2007-01-12,65.06872392061143,65.26112163267729,64.87990594269496,65.07921976256166,65.07921976256166,16662031
2007-01-15,65.36704949767628,66.07995672821158,64.96891517777728,65.4881851625226,65.4881851625226,35182488
2007-01-16,65.57419475547385,65.70703676622074,65.50731587401513,65.6245899865244,65.6245899865244,6781965
2007-01-17,65.700808268148,65.95271484570185,65.61680408356241,65.76001553280109,65.76001553280109,8193091
2007-01-18,65.89905744783238,66.02322941562316,65.7055573696715,65.89384932751315,65.89384932751315,13289377
2007-01-19,65.9599565977768,66.12070831758889,65.88922815809043,66.02547889682106,66.02547889682106,13252369
2007-01-22,66.38184558950512,66.75105425892994,66.16321766994608,66.40101751392471,66.40101751392471,8746000
2007-01-23,66.5284227794925,66.7144693662717,66.40493950398245,66.51770544322085,66.51770544322085,4910407
2007-01-24,66.6138670157837,66.75802069023466,66.4511867509963,66.62912677791527,66.62912677791527,19856292
2007-01-25,66.69947844615038,66.84080241911974,66.58432602295504,66.73466904416841,66.73466904416841,11246519
2007-01-26,66.85875135756832,66.98276843984856,66.68223972493686,66.8337197681408,66.8337197681408,8932675
2007-01-29,66.88735911563998,67.26279537290641,66.74293064557725,67.08579794797818,67.08579794797818,5573525
2007-01-30,67.04662798367175,67.22389355298125,66.96625149447534,67.15275776443232,67.15275776443232,8235212
2007-01-31,67.15424236965507,67.2888430738375,67.01985376259414,67.21016366940813,67.21016366940813,3229146
2007-02-01,67.24731243046993,67.33602011623289,67.18347497428705,67.25740318906605,67.25740318906605,11587116
2007-02-02,67.24393631266676,67.37608999038207,67.15659963294502,67.29405882497453,67.29405882497453,13089480
2007-02-05,67.2492153708083,67.42517033957601,67.17958985583627,67.34492636383787,67.34492636383787,8973906
2007-02-06,67.39893155307576,67.49528408432613,67.17638423768545,67.34404034919895,67.34404034919895,4949641
2007-02-07,67.32744505854869,67.42148255710597,67.18876872097256,67.33516236844372,67.33516236844372,10028091
2007-02-08,67.29486285448374,67.42830360524708,67.23468417907203,67.31884980018039,67.31884980018039,11859397
2007-02-09,67.22426803724467,67.48296104972367,67.12240174976024,67.29566002301715,67.29566002301715,5516939
2007-02-12,67.24175566646284,67.31774849813782,67.0283222673161,67.19040122421032,67.19040122421032,12761561
2007-02-13,67.2068435374505,67.29983617890254,67.07270006737635,67.14527639752971,67.14527639752971,10398902
2007-02-14,67.06684172118753,67.18072787785032,66.97032319380604,67.09606125499027,67.09606125499027,6975704
2007-02-15,67.06197580828544,67.130724712165,66.9584797486513,67.04331317520023,67.04331317520023,6053361
2007-02-16,66.98900236380118,67.0536275165428,66.87982648117045,66.98758953676779,66.98758953676779,7315564
2007-02-19,66.84989161779482,66.92072302443424,66.72397944548767,66.80813905569826,66.80813905569826,4923933
2007-02-20,66.73517348615334,66.84520755854544,66.6299025408589,66.7460869687784,66.7460869687784,9111823
2007-02-21,66.64996208790012,66.76864953166742,66.54682814776126,66.68384621625722,66.68384621625722,10577020
2007-02-22,66.5312918832421,66.69434398312008,66.47533098743452,66.62197417674292,66.62197417674292,14349855
2007-02-23,66.5720176245636,66.63779541425535,66.40838184429528,66.56102822884375,66.56102822884375,9282824
2007-02-26,66.3755314365016,66.54966423214685,66.16127497021736,66.38932072091902,66.38932072091902,9728895
2007-02-27,66.31057282057918,66.42610097185215,66.24793310045091,66.33765292556241,66.33765292556241,6996693
2007-02-28,66.34585835965345,66.40006825531991,66.21326530891928,66.28969811486198,66.28969811486198,5167503
2007-03-01,66.2856445057939,66.37566879327812,66.06792927455675,66.24601366742596,66.24601366742596,6452550
2007-03-02,66.30210080957455,66.3626161911201,66.12567999093184,66.20704095699811,66.20704095699811,16337726
2007-03-05,66.10135298440349,66.18266708325542,65.9228541542799,66.11770277116902,66.11770277116902,10984465
2007-03-06,66.17999744255104,66.26710205273308,65.92022072101206,66.09665452245035,66.09665452245035,9807428
2007-03-07,66.05337432280395,66.22634466882104,65.95076362385748,66.07974076271364,66.07974076271364,3227655
2007-03-08,66.05000525665183,66.13762625684485,65.87119997045609,66.06682284138076,66.06682284138076,9354412
2007-03-09,66.15255934551773,66.2383980565316,65.98480189548337,66.0577621078736,66.0577621078736,4114841
2007-03-12,66.05635021952058,66.23951775617026,65.95085120218987,66.0523365285251,66.0523365285251,4264211
2007-03-13,65.97393625030027,66.12524238383672,65.90933172865529,66.05731804053949,66.05731804053949,4509856
2007-03-14,66.10974460054508,66.16333570995144,65.95744550177228,66.06546348748894,66.06546348748894,5435898
2007-03-15,66.0314801733947,66.24797243044264,65.88834340757282,66.07663421879535,66.07663421879535,12135515
2007-03-16,66.18107223210922,66.25402450719186,66.0221016869925,66.09069158388058,66.09069158388058,8959707
2007-03-19,66.06865406012005,66.23396316454539,66.01294290210541,66.14879697602781,66.14879697602781,4992158
2007-03-20,66.0913490588279,66.26166196252176,66.03134991330656,66.17301437044699,66.17301437044699,5983890
2007-03-21,66.17534502852195,66.31050721288393,66.04910418732509,66.19942514575436,66.19942514575436,10263549
2007-03-22,66.2147823117118,66.35488251704876,66.1327278569532,66.22789065137178,66.22789065137178,11340099
2007-03-23,66.30022293003206,66.40393011695792,66.14791315434178,66.25827223672108,66.25827223672108,8552795
2007-03-26,66.33590169458354,66.47066050233526,66.18223228530765,66.35952696537927,66.35952696537927,4507291
2007-03-27,66.37022714865049,66.52043506814796,66.30924853766795,66.39618636387499,66.39618636387499,6508952
2007-03-28,66.37130862264617,66.59814007564432,66.25892031740769,66.43406858921196,66.43406858921196,26309689
2007-03-29,66.42494323205031,66.5379814543454,66.33466629073015,66.4730349908121,66.4730349908121,4366686
2007-03-30,66.43624831594795,66.60806825299008,66.3466250571762,66.51294691809723,66.51294691809723,9649518
2007-04-02,66.683653049209,66.79676707512229,66.47713554826402,66.63696934828153,66.63696934828153,23100587
2007-04-03,66.71590812592794,66.86464088534622,66.5902084187847,66.67927687252548,66.67927687252548,6977560
2007-04-04,66.66264366506765,66.85358044587912,66.58208733251979,66.7218366695638,66.7218366695638,20012227
2007-04-05,66.73850566019088,66.89920336982463,66.58276249623994,66.76451008881837,66.76451008881837,5672325
2007-04-06,66.7442845230505,66.88232062318977,66.68640827546061,66.80715847971108,66.80715847971108,2980210
2007-04-09,66.83785118895143,67.05669568851926,66.73746229323702,66.93356697643665,66.93356697643665,5988269
2007-04-10,66.94665350606321,67.10991698756335,66.85084882653055,66.97472874810056,66.97472874810056,5477172
2007-04-11,67.05361749004996,67.10960921891068,66.93476409502487,67.01517223851195,67.01517223851195,3470686
2007-04-12,67.09161325244736,67.15302156381912,66.9395712722417,67.05475879709272,67.05475879709272,6492950
2007-04-13,67.10312960509829,67.2068916305307,66.8988746633615,67.09334977326468,67.09334977326468,13130524
2007-04-16,67.166605370753,67.26507680970552,67.09616092535437,67.20176270154671,67.20176270154671,5943994
2007-04-17,67.16354843150823,67.34097180307398,67.0519035660416,67.2349848423023,67.2349848423023,6628907
2007-04-18,67.22597966377835,67.35692709361136,67.08149308498415,67.2665181477585,67.2665181477585,15874211
2007-04-19,67.31868124481394,67.4030731727456,67.1861682811458,67.29622396733716,67.29622396733716,5503069
2007-04-20,67.363519028567,67.40148722670507,67.25160108853184,67.32396365046013,67.32396365046013,10901554
2007-04-23,67.3412894878217,67.58068798425552,67.2307999797938,67.39399937531377,67.39399937531377,3406635
2007-04-24,67.37623438714789,67.55719188876687,67.30771714747199,67.41248800683279,67.41248800683279,4935088
2007-04-25,67.45287929185251,67.58516326043119,67.2567701976092,67.42831724900549,67.42831724900549,7190250
2007-04-26,67.51503163281735,67.61381348709021,67.3179594339308,67.44134845125377,67.44134845125377,14643571
2007-04-27,67.49753184883308,67.58275261732413,67.32199958614754,67.45144296299947,67.45144296299947,5069141
2007-04-30,67.43554156345617,67.5357504432978,67.2917956443864,67.4627198494399,67.4627198494399,5038768
2007-05-01,67.5277763216809,67.59648418202906,67.34479975282204,67.45968109339407,67.45968109339407,9167070
2007-05-02,67.46471121551633,67.59689637096548,67.32958435453374,67.45306173206899,67.45306173206899,9933220
2007-05-03,67.52710485608311,67.60924524737486,67.3289911875364,67.44296980545661,67.44296980545661,4766644
2007-05-04,67.48897062645553,67.55137318839655,67.31685990360171,67.42956269166277,67.42956269166277,6162568
2007-05-07,67.37994242875614,67.44970788270804,67.23597961177876,67.37102400825111,67.37102400825111,13773851
2007-05-08,67.28257506696575,67.44667468348453,67.17093295335614,67.34592992679008,67.34592992679008,4434598
2007-05-09,67.28443065963987,67.43022240542906,67.20657844786804,67.31830754867693,67.31830754867693,9489442
2007-05-10,67.30380253446299,67.44014536770693,67.15367471478505,67.28831425201753,67.28831425201753,6176024
2007-05-11,67.24208570890512,67.3972533982259,67.10084484924754,67.25610741491775,67.25610741491775,16130828
2007-05-14,67.19337877616172,67.25842576279499,67.04935269345893,67.14777944203486,67.14777944203486,10693664
2007-05-15,67.0984686857649,67.30771672979337,67.00878419010088,67.10829222423227,67.10829222423227,12425154
2007-05-16,67.00342411680995,67.21305722795766,66.8755544161564,67.06737835651862,67.06737835651862,6114417
2007-05-17,67.02318516570769,67.11890825395143,66.86303294465462,67.02519521699983,67.02519521699983,12081787
2007-05-18,66.90470839432228,67.05650081913235,66.84042824691454,66.98190018378176,66.98190018378176,11925512
2007-05-21,66.79079285954572,66.92932471255662,66.69437275781897,66.84691750299045,66.84691750299045,10372789
2007-05-22,66.8069823016443,66.89537268667968,66.73651783028176,66.80074867603389,66.80074867603389,6945798
2007-05-23,66.73625052781139,66.83685862248178,66.60752791048944,66.7542548459074,66.7542548459074,8677593
2007-05-24,66.64778112997078,66.79376564284757,66.57618152410276,66.70759339071682,66.70759339071682,3167956
2007-05-25,66.68528248956814,66.76082640218735,66.52452848805113,66.66092168856805,66.66092168856805,19277600
2007-05-28,66.50358862418597,66.6099585107561,66.4078223488033,66.52241888143121,66.52241888143121,5914933
2007-05-29,66.58761364579303,66.66230002950893,66.40607647800474,66.4772799725083,66.4772799725083,6766717
2007-05-30,66.42249390008516,66.50390067292103,66.34615549348828,66.43291770715656,66.43291770715656,4139364
2007-05-31,66.3232011748897,66.52236629507878,66.19718806511206,66.38948946348181,66.38948946348181,11199722
2007-06-01,66.30544564003392,66.46404524486884,66.2304964725419,66.34715261958998,66.34715261958998,10423330
2007-06-04,66.18396675731236,66.4239231578505,66.10318048266865,66.22769083472039,66.22769083472039,6901117
2007-06-05,66.19691480345598,66.26565242707558,66.12360943443328,66.19050755549466,66.19050755549466,2489558
2007-06-06,66.14444811205303,66.269504103368,66.08993474184821,66.15469284840337,66.15469284840337,5605026
2007-06-07,66.11867059871561,66.31439838285775,65.96118591805141,66.12027666200795,66.12027666200795,10068914
2007-06-08,66.12401330596686,66.26688544589707,65.95313182796976,66.08728894486981,66.08728894486981,9071633
2007-06-11,65.98463296387348,66.16983494904716,65.867294964079,65.99719609461327,65.99719609461327,7817312
2007-06-12,65.9406909279776,66.06532414372845,65.87716668426921,65.97022174011846,65.97022174011846,6471886
2007-06-13,65.93881249037257,66.02784116023517,65.78233909471682,65.94482559768802,65.94482559768802,3633264
2007-06-14,66.00806294802248,66.07292962492743,65.83841898932359,65.92103761588342,65.92103761588342,12953639
2007-06-15,65.89540938835026,66.08681091459046,65.81329411875986,65.89888774326603,65.89888774326603,3893782
2007-06-18,65.80457081774723,65.97880784091437,65.7196055660015,65.84256626615145,65.84256626615145,7223335
2007-06-19,65.90152044529276,65.96553103133475,65.72844922968983,65.82726831589717,65.82726831589717,4768329
2007-06-20,65.77177996933047,65.91168620042305,65.72032425073053,65.81375821763726,65.81375821763726,13148219
2007-06-21,65.88562429701788,65.96761965116212,65.6536823235612,65.80206591993307,65.80206591993307,10702263
2007-06-22,65.70216394318152,65.87727702037387,65.64306773005926,65.79222137134609,65.79222137134609,6691515
2007-06-25,65.79123543009918,65.87797874633752,65.60099016187334,65.77407370590232,65.77407370590232,11302609
2007-06-26,65.7498289218411,65.88987608670367,65.65503057369358,65.77191963939828,65.77191963939828,3794572
2007-06-27,65.84532236350584,65.90106915364458,65.70247391395002,65.77176306481849,65.77176306481849,7688245
2007-06-28,65.75411478937447,65.86631295616438,65.67663759168269,65.77363393072439,65.77363393072439,4720948
2007-06-29,65.73861113129591,65.85262473304357,65.58299140208507,65.77756218567743,65.77756218567743,13356099
2007-07-02,65.74309250449981,65.94559059236055,65.66037547608516,65.80199077043349,65.80199077043349,9646414
2007-07-03,65.75230757351228,65.91357279761904,65.65712205945984,65.8144480671892,65.8144480671892,11071929
2007-07-04,65.89612829225723,65.96870972920168,65.76884913982529,65.8291124957992,65.8291124957992,6066734
2007-07-05,65.82389237536765,65.92662017340388,65.71509685023328,65.84601400482482,65.84601400482482,11609770
2007-07-06,65.93658284190452,65.99101100645447,65.80071303159323,65.86518254282751,65.86518254282751,4576577
2007-07-09,65.92438991171498,66.0696787221517,65.79842737756555,65.93658981631225,65.93658981631225,4916901
2007-07-10,65.95180744870731,66.03167351607905,65.77820593582453,65.96512595583746,65.96512595583746,7329177
2007-07-11,65.9446487321867,66.10212591935776,65.80246747900921,65.99607886714685,65.99607886714685,5013227
2007-07-12,66.05222759153749,66.10754322459456,65.89509790451307,66.02947849880182,66.02947849880182,11407191
2007-07-13,66.08194459916655,66.1336060874936,65.9423259076819,66.06535479936383,66.06535479936383,6313646
2007-07-16,66.15811138247494,66.38531215119633,65.99722112502867,66.18814320010617,66.18814320010617,4660449
2007-07-17,66.25953354577894,66.33867326535938,66.08092120501159,66.23422566191047,66.23422566191047,4368198
2007-07-18,66.37668243510664,66.45531897175141,66.21424629348321,66.28293453542888,66.28293453542888,11337753
2007-07-19,66.2878084672983,66.42947259902087,66.20972238126426,66.33429976922285,66.33429976922285,2242079
2007-07-20,66.43452272164129,66.54311289653475,66.29510790723101,66.38835131185381,66.38835131185381,4825537
2007-07-23,66.51053592732892,66.78982381646873,66.39847731780159,66.56692327838267,66.56692327838267,16133436
2007-07-24,66.6867800991124,66.77533444519217,66.50831868350922,66.63201954197571,66.63201954197571,6734609
2007-07-25,66.64865355950197,66.82603544293823,66.55838093686582,66.69995185721281,66.69995185721281,11446318
2007-07-26,66.72569237740147,66.88859159406854,66.66063064761182,66.7707501726554,66.7707501726554,9906500
2007-07-27,66.84780426434061,66.95357623832143,66.76122524631609,66.84444443686495,66.84444443686495,7271803
2007-07-30,67.15866080108607,67.42367261152647,66.8494809392479,67.08320240770924,67.08320240770924,3490294
2007-07-31,67.23183728510404,67.34639440823267,66.99122424944855,67.16877995260062,67.16877995260062,4122692
2007-08-01,67.36192598953151,67.45423578037611,67.10308607609011,67.25740318906605,67.25740318906605,4088105
2007-08-02,67.32830210178291,67.42728165623235,67.24061714773502,67.34908773758738,67.34908773758738,10180426
2007-08-03,67.3507480346839,67.60800551425254,67.25059253146468,67.44379190632849,67.44379190632849,11181177
2007-08-06,67.85643033632165,68.17843609934093,67.32076545383323,67.74546193471267,67.74546193471267,5155346
2007-08-07,67.85547478856623,67.93857453561372,67.76078812203333,67.85168438517525,67.85168438517525,7691037
2007-08-08,67.95899762059238,68.03130110955172,67.89385620097687,67.96064635627896,67.96064635627896,8032524
2007-08-09,68.0403837476115,68.23950143110173,67.90505534173059,68.07229182810798,68.07229182810798,8318975
2007-08-10,68.16882916561072,68.33019252015721,68.00668988097668,68.18656478074661,68.18656478074661,5465459
2007-08-13,68.44003409978082,69.02216316685187,68.01963351301093,68.54458832436282,68.54458832436282,18146348
2007-08-14,68.64969334449799,68.75076873710235,68.47869065612976,68.66881100108256,68.66881100108256,11227640
2007-08-15,68.81659093342223,68.97218940928911,68.64670577782243,68.79538105903328,68.79538105903328,8297741
2007-08-16,68.94380560239058,69.01545801815385,68.78549040256522,68.92424247829922,68.92424247829922,6172021
2007-08-17,69.06849777629625,69.14122180925115,68.9891520298462,69.05533923896465,69.05533923896465,5273305
2007-08-20,69.37314434061096,69.7142963535807,69.17353095738957,69.46148137020062,69.46148137020062,9760943
2007-08-21,69.6817460368763,69.78302031762792,69.47088281162792,69.60095929730672,69.60095929730672,6312649
2007-08-22,69.75425522184305,69.90482239067954,69.58541167703117,69.7423924662337,69.7423924662337,8553217
2007-08-23,69.84041184713372,70.02894526172861,69.737359431748,69.88572485706575,69.88572485706575,3094993
2007-08-24,70.02008508203957,70.15092756632468,69.85236818206234,70.03090044988723,70.03090044988723,6138280
2007-08-27,70.5497181967333,71.08845461575024,70.14519220502284,70.47692624113063,70.47692624113063,7575335
2007-08-28,70.66501559076544,70.75993851090014,70.47036031464204,70.62891444275235,70.62891444275235,12979194
2007-08-29,70.83455691834197,70.98322323784257,70.69915658573655,70.7824657467848,70.7824657467848,5044404
2007-08-30,70.97111790714088,71.0787965351599,70.8003984352936,70.93752413331224,70.93752413331224,3805795
2007-08-31,70.99742330688571,71.22640796775985,70.90032670867839,71.094033582419,71.094033582419,9992178
2007-09-03,71.46135343004175,72.01872250522264,71.00897365195031,71.57170810605754,71.57170810605754,7747834
2007-09-04,71.76312436577908,71.85743705379541,71.49242060444035,71.73346160632408,71.73346160632408,3381873
2007-09-05,71.98623572750384,72.09759612791015,71.77553103544535,71.89638606959126,71.89638606959126,3467250
2007-09-06,72.00640052415037,72.22083246087121,71.90079893235307,72.06042547594333,72.06042547594333,5789254
2007-09-07,72.18975711390057,72.34007287821457,72.09410439029746,72.22552380546455,72.22552380546455,7671927
2007-09-10,72.7489790511624,73.42540651684887,72.26930225427908,72.726612133886,72.726612133886,16023944
2007-09-11,72.88142211257733,73.03936450581088,72.66757544950647,72.89538595692659,72.89538595692659,4659330
2007-09-12,73.10011323785207,73.23800616203683,72.8668299800491,73.06493860355772,73.06493860355772,10473309
2007-09-13,73.2963861016714,73.47390545072975,73.00081912643952,73.23521405386363,73.23521405386363,3001211
2007-09-14,73.44540734165169,73.59512436274812,73.29270420690831,73.40615628792861,73.40615628792861,9582341
2007-09-17,73.87302570022894,74.21811189209345,73.21667116203447,73.92242349352058,73.92242349352058,16991852
2007-09-18,74.16481367357333,74.34411381726112,74.00674163445218,74.0954726634645,74.0954726634645,8587381
2007-09-19,74.16386955793419,74.46126508838616,74.02904165929718,74.26890851758881,74.26890851758881,5727958
2007-09-20,74.45214952873202,74.58197512103318,74.30443899750526,74.44267503597783,74.44267503597783,14816028
2007-09-21,74.6548777997801,74.72048574908426,74.48090891810621,74.61671619871576,74.61671619871576,9524643
2007-09-24,75.39147286879877,75.81158735200495,74.62315535550695,75.13992735386601,75.13992735386601,8638585
2007-09-25,75.30256189962957,75.50673230623892,75.06350957717062,75.31450689484244,75.31450689484244,4809413
2007-09-26,75.55294759835263,75.66542422570913,75.40176418454541,75.4890809805892,75.4890809805892,9595809
2007-09-27,75.79618920393241,75.9059195706397,75.52052073207597,75.66359359119049,75.66359359119049,5680751
2007-09-28,75.81534806661881,76.06087038557818,75.60265983525593,75.83798870673066,75.83798870673066,9348001
2007-10-01,76.22804268443039,76.67789325261589,75.90800053998056,76.35990888382688,76.35990888382688,8196531
2007-10-02,76.60295212020603,76.6680449541691,76.41900895740652,76.53328122033997,76.53328122033997,13756340
2007-10-03,76.74081022110045,76.82930202652717,76.55126934764108,76.70630036446272,76.70630036446272,5998074
2007-10-04,76.87957513586034,77.09151697816984,76.73136457228688,76.87895469852879,76.87895469852879,7424372
2007-10-05,76.96555326436213,77.1348234052597,76.8081162610652,77.05123260487188,77.05123260487188,11924536
2007-10-08,77.46361452153374,78.10504222702747,76.9226018640046,77.56569158090026,77.56569158090026,7109434
2007-10-09,77.6926049853331,77.94976688013205,77.56904133097395,77.73634759968844,77.73634759968844,7914357
2007-10-10,78.00797365861531,78.1398753610989,77.65331540691062,77.90656910242214,77.90656910242214,6527838
2007-10-11,78.05116751912078,78.21372429536775,77.91700325758516,78.07634447143506,78.07634447143506,7371480
2007-10-12,78.37142882208039,78.46786101379175,78.1591154358206,78.24566208906094,78.24566208906094,11188878
2007-10-15,78.60921662217186,79.03671578522705,78.38436589110032,78.75075225695305,78.75075225695305,20033337
2007-10-16,78.96318298166206,79.14219403136063,78.76617142497803,78.91812269236759,78.91812269236759,3456273
2007-10-17,79.03479829549632,79.18239752879649,78.98240379988907,79.0849772880636,79.0849772880636,4250055
2007-10-18,79.25405806712278,79.39553527964735,79.01097112851858,79.25130442637473,79.25130442637473,7453646
2007-10-19,79.43679477291914,79.6304882753673,79.20899674790635,79.41709248963467,79.41709248963467,8201060
2007-10-22,79.92194733214957,80.21117646024142,79.5496355576535,79.91110605244452,79.91110605244452,7175092
2007-10-23,79.97904051215846,80.18756413785215,79.8996035877318,80.07462163883679,80.07462163883679,6066623
2007-10-24,80.1807422107501,80.43440501413083,80.04081254458627,80.2375400618464,80.2375400618464,4320031
2007-10-25,80.28964665349984,80.59560135875695,80.166392786692,80.39984970380704,80.39984970380704,5894732
2007-10-26,80.49848024001565,80.74314911586117,80.33910028754411,80.56153894705244,80.56153894705244,12037898
2007-10-29,81.1544578849384,81.60996686912003,80.56589318672533,81.04276810783396,81.04276810783396,8381064
2007-10-30,81.19435606432258,81.367488744659,80.99668111609742,81.20185957955529,81.20185957955529,11214667
2007-10-31,81.34977055550208,81.47651833367222,81.1910021930989,81.36027256422983,81.36027256422983,4383004
2007-11-01,81.50767751229148,81.65054057338052,81.35001309059106,81.51799544419134,81.51799544419134,16469549
2007-11-02,81.65830061925408,81.77967413669948,81.58183164941427,81.67501942541713,81.67501942541713,6040575
2007-11-05,82.21522573431484,82.79742347163841,81.86998227052868,82.14193427677532,82.14193427677532,10145622
2007-11-06,82.23907318850702,82.4710941486613,82.13062295215825,82.29620461044063,82.29620461044063,7515001
2007-11-07,82.50736788479301,82.59340991262904,82.3290431036519,82.44979984270506,82.44979984270506,6106992
2007-11-08,82.65451113511936,82.7572099213495,82.5247336634987,82.6027252977643,82.6027252977643,9932883
2007-11-09,82.70564636827157,82.99408986904632,82.55488786047121,82.75498629981408,82.75498629981408,10801623
2007-11-12,83.15653033003164,83.48453548476077,82.98860642429496,83.20783582986338,83.20783582986338,30675021
2007-11-13,83.4232624849778,83.53513396710838,83.17826687097693,83.35749226183214,83.35749226183214,11013001
2007-11-14,83.54407583698612,83.67038121830754,83.33679999789994,83.50651086176991,83.50651086176991,10930708
2007-11-15,83.65763403982962,83.83760375735118,83.40941075108776,83.65489695387238,83.65489695387238,14180706
2007-11-16,83.75050094809728,83.88126538376622,83.6420189431895,83.80265586233521,83.80265586233521,10437118
2007-11-19,84.33032617666159,84.84255242896,84.01506270013262,84.24222272784303,84.24222272784303,7846630
2007-11-20,84.52068461005571,84.62865914469117,84.21381064628156,84.3875261437044,84.3875261437044,9414999
2007-11-21,84.56744857643938,84.70862913514854,84.30684054919124,84.53222899690462,84.53222899690462,12266169
2007-11-22,84.60469379774403,84.87642397788298,84.42286786304047,84.67633661163941,84.67633661163941,16035790
2007-11-23,84.93209496673998,85.06050933352573,84.66686298810087,84.81985431210445,84.81985431210445,3758797
2007-11-26,85.44309241088288,85.75624134610354,84.91111265748913,85.24692116983812,85.24692116983812,3109062
2007-11-27,85.28565604531317,85.49233432479284,85.1487065291683,85.38813245518119,85.38813245518119,15699506
2007-11-28,85.55264336541181,85.7092637549606,85.41745546208345,85.52878044723299,85.52878044723299,5369373
2007-11-29,85.60934841863492,85.85512329832626,85.48104997675438,85.66887047018923,85.66887047018923,3492001
2007-11-30,85.7509487987491,85.96206276831956,85.65807149274411,85.80840784824561,85.80840784824561,3331623
2007-12-03,86.45479123380014,86.73184047049816,86.01893335992497,86.22375735497252,86.22375735497252,19695014
2007-12-04,86.36928340532978,86.60831771513662,86.2204286936753,86.36113739538638,86.36113739538638,12406840
2007-12-05,86.61749638376891,86.74396522043865,86.3719655772388,86.49799141187889,86.49799141187889,5375734
2007-12-06,86.70282473703662,86.79431776635712,86.43153184435911,86.6343247286457,86.6343247286457,5488002
2007-12-07,86.61998726976672,86.86886972921126,86.51916349909766,86.77014266988252,86.77014266988252,8222490
2007-12-10,87.31466540625901,87.77474273523809,86.87874845107802,87.17455748237,87.17455748237,12294312
2007-12-11,87.38031789265075,87.54075462039361,87.08100932406896,87.30836716344383,87.30836716344383,6906325
2007-12-12,87.47556670393699,87.54327711134822,87.35282498340975,87.44168808996615,87.44168808996615,5400153
2007-12-13,87.66509050811604,87.82269147028128,87.39674455956458,87.57452558613265,87.57452558613265,14111143
2007-12-14,87.75550057559813,87.94604256297151,87.6149545543825,87.70688497613904,87.70688497613904,7897312
2007-12-17,87.99314256228966,88.49335245870685,87.53706234140644,88.10114775115446,88.10114775115446,7269071
2007-12-18,88.23491429784704,88.42061177443557,88.01024495887752,88.23164795847735,88.23164795847735,10756431
2007-12-19,88.4218384200759,88.51526097500881,88.16008225558775,88.3616966806186,88.3616966806186,2749105
2007-12-20,88.39202065331354,88.58111786108425,88.25855098383013,88.49129924177392,88.49129924177392,10140212
2007-12-21,88.6638418391971,88.76260058255393,88.42019719545641,88.620460966139,88.620460966139,9824699
2007-12-24,88.84926857479223,89.50302002630289,88.44056502018677,89.00535436044979,89.00535436044979,4014782
2007-12-25,89.13854533047859,89.21389252192877,88.91894859621544,89.13280597961082,89.13280597961082,3030582
2007-12-26,89.23819335617084,89.40269021805516,89.00618627030005,89.25984338296016,89.25984338296016,6033098
2007-12-27,89.36923649461768,89.54166059835057,89.20895241979296,89.38647189469341,89.38647189469341,8766417
2007-12-28,89.56831278824157,89.69427609850703,89.41013003410045,89.5126968390063,89.5126968390063,9224629
2007-12-31,89.86279154252375,90.42179670549618,89.51097086801185,89.88900350937972,89.88900350937972,18755082
2008-01-01,90.00601580121514,90.16014906026894,89.90867251932833,90.0136674259681,90.0136674259681,8768373
2008-01-02,90.04898919951125,90.28473750321797,89.9446616601188,90.13793870085355,90.13793870085355,3975013
2008-01-03,90.20993435621105,90.48277286457115,90.08905221524545,90.26174418192687,90.26174418192687,7056546
2008-01-04,90.34089815043555,90.55217632164313,90.185478430407,90.38499502181767,90.38499502181767,4179200
2008-01-07,90.84678040218793,91.00122876307312,90.58218376917037,90.75053122069201,90.75053122069201,7314727
2008-01-08,90.91075216882273,91.0387969465688,90.75171031193322,90.87067502214974,90.87067502214974,16181958
2008-01-09,90.89978787675375,91.09862554886155,90.81404636580214,90.98981994557343,90.98981994557343,10064988
2008-01-10,91.10067680423055,91.2236217452043,90.84402349456451,91.10787714359275,91.10787714359275,5579220
2008-01-11,91.2526362030271,91.40233335746014,91.06916673909842,91.22475776883748,91.22475776883748,10757594
2008-01-14,91.70746301639734,91.872405403308,91.2605382307719,91.56745173422051,91.56745173422051,5422464
2008-01-15,91.73874268589202,91.93737948483626,91.45862961690001,91.67873759466354,91.67873759466354,2009165
2008-01-16,91.70805610581576,91.94086567783089,91.58940862038698,91.78840264548035,91.78840264548035,4317599
2008-01-17,91.9191427789024,92.09110806684829,91.75596384558013,91.89635803930067,91.89635803930067,10060951
2008-01-18,92.05116658078408,92.20747399182535,91.84034076802934,92.00251492875418,92.00251492875418,11770654
2008-01-21,92.19368956509422,92.45158024983516,92.10112227695792,92.3093060972108,92.3093060972108,18883063
2008-01-22,92.26098914563116,92.61931021379867,92.13675207671265,92.40738049549398,92.40738049549398,9488033
2008-01-23,92.46585218139936,92.62104973100583,92.39458265180713,92.50321215255883,92.50321215255883,15689962
2008-01-24,92.60112302384228,92.86693236041685,92.44107036619536,92.59671222103505,92.59671222103505,10962585
2008-01-25,92.69267192760525,92.80014722814984,92.59934343059852,92.68779185355228,92.68779185355228,12783341
2008-01-28,92.96918392640097,93.17388888574399,92.7695571817046,92.94561966164724,92.94561966164724,13877957
2008-01-29,92.89731336913496,93.12652606619713,92.78993672185159,93.02612907662558,93.02612907662558,10205738
2008-01-30,93.21639723342481,93.38247400045658,92.98064705837406,93.10377381879341,93.10377381879341,13692741
2008-01-31,93.23330415470664,93.36059255576615,93.07893803384121,93.17846504078045,93.17846504078045,5641584
2008-02-01,93.22317500525531,93.45063041114294,93.07327888528795,93.25011389521639,93.25011389521639,2377697
2008-02-04,93.40542197581465,93.5484691145791,93.3559867383447,93.44634467219834,93.44634467219834,11076341
2008-02-05,93.50067336973622,93.73693898516166,93.4047207981519,93.50552058381213,93.50552058381213,9648773
2008-02-06,93.48292321927798,93.68703689350066,93.31870212486007,93.56158935118677,93.56158935118677,5164485
2008-02-07,93.54106044255929,93.8753590976532,93.37863950633869,93.61455699199283,93.61455699199283,4255513
2008-02-08,93.57064729707076,93.78907751400916,93.40012803067768,93.66442952390084,93.66442952390084,8540153
2008-02-11,93.75417477620977,93.9175125058119,93.54280621881382,93.79553664294242,93.79553664294242,11449001
2008-02-12,93.77671909710344,93.92474078927776,93.61401974186118,93.83308891596401,93.83308891596401,10374974
2008-02-13,93.87234081222313,94.04511172483808,93.77277939710433,93.86757616844038,93.86757616844038,4804816
2008-02-14,93.8435598366463,94.0948933641606,93.66012703180404,93.89900441804215,93.89900441804215,5374952
2008-02-15,93.87035999741727,94.02487518883444,93.67607014931923,93.92737968243983,93.92737968243983,11180645
2008-02-18,94.07852800407848,94.23192234744198,93.7519237552793,93.9942477411142,93.9942477411142,8296092
2008-02-19,94.05048694527358,94.18456984914111,93.8254768744601,94.01047124140128,94.01047124140128,13592504
2008-02-20,94.06096015374052,94.21183385656147,93.89306413947341,94.02367184483717,94.02367184483717,6806006
2008-02-21,93.96476973578075,94.20552394212477,93.78229686171167,94.03385556909235,94.03385556909235,11579125
2008-02-22,93.98234717338795,94.20481051527072,93.81278691547155,94.04102843183743,94.04102843183743,7842962
2008-02-25,94.09278466207194,94.23970746472477,93.7662079453765,94.04454202771777,94.04454202771777,5573598
2008-02-26,93.98654432207756,94.15502475682177,93.92434915344153,94.0397316211281,94.0397316211281,12724419
2008-02-27,94.08855746610422,94.15249400355424,93.90275036985405,94.03194044138117,94.03194044138117,4870327
2008-02-28,94.11667360199209,94.2759483653495,93.89473707639083,94.02117450614755,94.02117450614755,8302174
2008-02-29,94.06901106025946,94.2788245029491,93.76637340475598,94.00743983309776,94.00743983309776,8742399
2008-03-03,93.90227573711329,94.1066880717105,93.82705464870602,93.94848356375724,93.94848356375724,7533028
2008-03-04,93.95549266919961,94.06086593845878,93.82525561315416,93.92293411614854,93.92293411614854,13129233
2008-03-05,93.85573876841771,94.10593377922653,93.61304645878286,93.89444601907654,93.89444601907654,10652016
2008-03-06,93.85071543311486,94.02806856723437,93.77365678850505,93.86302529021181,93.86302529021181,10035770
2008-03-07,93.71130725935063,93.91812589057534,93.57965546062363,93.82867794722488,93.82867794722488,8278593
2008-03-10,93.74049780851301,93.82320254768499,93.55189961122909,93.70813641023669,93.70813641023669,20238877
2008-03-11,93.66165748550395,93.88726365154878,93.41230909349365,93.66214278746672,93.66214278746672,16639429
2008-03-12,93.60588219288884,93.82704099453454,93.41996907241113,93.61325263892736,93.61325263892736,12668975
2008-03-13,93.40058808568696,93.65100110305455,93.30011497297173,93.56147198228926,93.56147198228926,11669666
2008-03-14,93.47982233495159,93.6345503683188,93.24077947685831,93.5068068352229,93.5068068352229,5919857
2008-03-17,93.36912866928087,93.45484452663769,93.23978852489412,93.32556462816021,93.32556462816021,7806072
2008-03-18,93.33574804731936,93.47494186590373,93.16071913512411,93.25942169608665,93.25942169608665,10994025
2008-03-19,93.16898739463029,93.27815309395667,93.05755780388395,93.19042436193769,93.19042436193769,13534365
2008-03-20,93.05275921166697,93.22274369483881,92.90388795210954,93.11857864338391,93.11857864338391,12496710
2008-03-21,93.05845213087635,93.28392739947475,92.78658962441378,93.0438905580959,93.0438905580959,10696565
2008-03-24,92.71675689306657,92.95650015684886,92.57793959647594,92.8028322785319,92.8028322785319,21753061
2008-03-25,92.81222666043436,92.92737321596731,92.51520883655424,92.7168349030125,92.7168349030125,7475623
2008-03-26,92.64394463394389,92.7577215132149,92.50799325122662,92.62802524911164,92.62802524911164,13277042
2008-03-27,92.43554228169128,92.63901619669385,92.29670021117327,92.53640933449995,92.53640933449995,12492913
2008-03-28,92.36160469201111,92.57239754695158,92.17100973178282,92.44199317684794,92.44199317684794,9988900
2008-03-31,92.30242368794839,92.50450512542069,91.92240225849541,92.14200342235584,92.14200342235584,10172537
2008-04-01,91.99912786647242,92.28466532165027,91.8579754207932,92.03644646924829,92.03644646924829,10070536
2008-04-02,91.9645657163757,92.17121337939642,91.82884465668464,91.92820468971618,91.92820468971618,5614336
2008-04-03,91.83348107180417,91.97693049552505,91.62726364271967,91.81771074274458,91.81771074274458,9775429
2008-04-04,91.68536860266425,91.91667839667821,91.52612088503747,91.70548261558142,91.70548261558142,11629929
2008-04-07,91.43779188541595,91.59102274225026,91.15786027979391,91.36357302542216,91.36357302542216,9397181
2008-04-08,91.17893926046823,91.38788685942792,91.08275286506792,91.24958804997235,91.24958804997235,3184833
2008-04-09,91.24273678799126,91.39002827560662,90.99049287639629,91.13645883057077,91.13645883057077,3619576
2008-04-10,90.91864532973763,91.10911092956866,90.84303217013208,91.02470335446539,91.02470335446539,5313897
2008-04-11,90.79598609636834,91.01298835272459,90.72120244631542,90.91483960890415,90.91483960890415,7564588
2008-04-14,90.70481296519405,90.81099119809535,90.45810857066117,90.60177862796488,90.60177862796488,5458467
2008-04-15,90.4475775318439,90.59115857765295,90.2785708446062,90.50466167705979,90.50466167705979,11049636
2008-04-16,90.33692350467739,90.5278455019188,90.19527892853888,90.41202639293866,90.41202639293866,14518751
2008-04-17,90.29913425247673,90.51627474948236,90.17362116233728,90.32439076284939,90.32439076284939,15584493
2008-04-18,90.2919356729416,90.4033544689579,90.1510229043553,90.24227277403995,90.24227277403995,9467332
2008-04-21,90.05171365095335,90.32285870788085,89.77564245286388,90.03420452777036,90.03420452777036,13756645
2008-04-22,90.08846445731447,90.21477974221088,89.71786891524476,89.9793369765599,89.9793369765599,6038560
2008-04-23,90.00784346206095,90.07807140430688,89.8062830345731,89.93257700286907,89.93257700286907,7415813
2008-04-24,89.90674588830333,90.02432111466302,89.75246315949494,89.89444259394584,89.89444259394584,4463563
2008-04-25,89.8762764386019,90.01798522614173,89.74988413094323,89.86545173703814,89.86545173703814,14627322
2008-04-28,89.83808877288068,90.03074059003663,89.64882039848975,89.83852035088793,89.83852035088793,21379114
2008-04-29,89.88400241625732,89.98273004037502,89.74120075337989,89.85128357452199,89.85128357452199,6720366
2008-04-30,89.83197901730814,90.0744698158957,89.7276643460897,89.87578028641143,89.87578028641143,2702996
2008-05-01,89.8535570188629,90.07075334678434,89.69999977300752,89.91252847380409,89.91252847380409,4961661
2008-05-02,89.8820960038603,90.14712466965845,89.7750835353089,89.96186628120944,89.96186628120944,5779720
2008-05-05,90.1041934380484,90.37974079441442,89.99345202771441,90.18088578809628,90.18088578809628,4122006
2008-05-06,90.21844915081584,90.41276338602628,90.1147721544964,90.27569075466997,90.27569075466997,4779269
2008-05-07,90.41381002655993,90.64181770856906,90.19242936011423,90.3804598380766,90.3804598380766,8861806
2008-05-08,90.61064669602742,90.72119181105987,90.41207227493759,90.49463196913247,90.49463196913247,11126200
2008-05-09,90.62202293775336,90.72586508508716,90.52115000028945,90.61764607865399,90.61764607865399,2849792
2008-05-12,90.93755433899476,91.60133488277069,90.4613310841426,91.03412958617542,91.03412958617542,6131017
2008-05-13,91.16923276230118,91.36230854334455,91.08991946520692,91.18690091772272,91.18690091772272,8152133
2008-05-14,91.37557619861391,91.59951838513554,91.12791444519789,91.34570888181726,91.34570888181726,4692933
2008-05-15,91.44180706377155,91.74606037408434,91.25082877673799,91.50999240927545,91.50999240927545,9002781
2008-05-16,91.71124868512894,91.84356648498651,91.54456544674466,91.67919043091362,91.67919043091362,7542296
2008-05-19,92.28000106159111,92.46236128067774,91.76474864709486,92.21066076907121,92.21066076907121,6392632
2008-05-20,92.30087334547875,92.52919130754667,92.20036533115892,92.39390607559257,92.39390607559257,5192398
2008-05-21,92.48228333884002,92.76808406530576,92.32425090611135,92.57926053037559,92.57926053037559,9171908
2008-05-22,92.72947695626462,92.97458782312687,92.49721015603649,92.7661630642366,92.7661630642366,5461359
2008-05-23,92.9922677765385,93.08948002221575,92.7235983019729,92.9540526079919,92.9540526079919,3363340
2008-05-26,93.62081668999369,93.8543473466571,93.21294720407568,93.51803260678714,93.51803260678714,8088887
2008-05-27,93.81308668718006,93.95289002293276,93.48825021600199,93.7042594982831,93.7042594982831,4305657
2008-05-28,93.90835011540608,94.16725869511193,93.72327022562402,93.88866805375505,93.88866805375505,3512553
2008-05-29,94.16621181159674,94.25921011962427,93.89304731702255,94.07069720401935,94.07069720401935,8535232
2008-05-30,94.21954264980279,94.3685902326398,94.15523339954107,94.24978587989236,94.24978587989236,7374196
2008-06-02,94.62642529862651,95.14207182470741,94.42937400690508,94.76379836932674,94.76379836932674,5187610
2008-06-03,94.90760620689832,95.01461348211618,94.68249767994074,94.92551445579778,94.92551445579778,8970233
2008-06-04,95.22237020959305,95.34961712302429,94.90526891802689,95.08148472195921,95.08148472195921,9888848
2008-06-05,95.16049805742507,95.34040463062439,95.08511201796063,95.23114809862732,95.23114809862732,9019201
2008-06-06,95.3228540242686,95.57524783030482,95.21119359916727,95.37394351661847,95.37394351661847,8856962
2008-06-09,95.45356981439544,96.03701602414434,95.24149389336945,95.75551132669348,95.75551132669348,3584969
2008-06-10,95.75961220900645,96.06306835671913,95.62815930298416,95.86522421814014,95.86522421814014,15272595
2008-06-11,95.95131984068891,96.18291137418991,95.82401614781688,95.96526380499152,95.96526380499152,10571659
2008-06-12,96.21245158535724,96.30889048324694,95.94491749646784,96.05506901806393,96.05506901806393,4973113
2008-06-13,96.15176902763491,96.26227210856939,95.99668432178699,96.13407878817377,96.13407878817377,7953105
2008-06-16,96.25911981261402,96.38961910432991,96.027848118154,96.30072474889096,96.30072474889096,8745917
2008-06-17,96.32996970637555,96.44533117873004,96.12659170612218,96.3309420553137,96.3309420553137,7844177
2008-06-18,96.39276714219746,96.61637203307657,96.15290678725503,96.34755857285555,96.34755857285555,19608674
2008-06-19,96.44813360279213,96.61354681736907,96.1426269048574,96.3500132323328,96.3500132323328,3024711
2008-06-20,96.37879457831228,96.54531114028818,96.17699008489156,96.33774496456181,96.33774496456181,3824175
2008-06-23,96.14369444080404,96.41490343217332,95.95734200220802,96.20699190592265,96.20699190592265,2534442
2008-06-24,96.15714601594424,96.35099169401124,95.9380664300855,96.13022123732202,96.13022123732202,8325970
2008-06-25,96.04571701828074,96.157722704843,95.92594478120002,96.0359222955548,96.0359222955548,10500774
2008-06-26,96.06455249834528,96.194063805378,95.81120402675549,95.92353401143737,95.92353401143737,9585399
2008-06-27,95.86845224172741,95.9629502160129,95.598285207721,95.79249531578604,95.79249531578604,6923209
2008-06-30,95.0815889113143,95.7170730548748,94.5499307527404,95.28186606779208,95.28186606779208,9803227
2008-07-01,95.14317294000814,95.28078099598602,94.90715537939266,95.07061503416855,95.07061503416855,6897898
2008-07-02,94.65127763342228,94.95426607424912,94.52149870458152,94.83823581540393,94.83823581540393,11586080
2008-07-03,94.57215898021231,94.74347274214655,94.26968625668036,94.58580520387028,94.58580520387028,13916687
2008-07-04,94.35076817215024,94.6467801333153,94.12220739372576,94.3147275642507,94.3147275642507,5022096
2008-07-07,93.2107874635733,93.89284554869683,92.95890950664891,93.40365612370796,93.40365612370796,6928357
2008-07-08,93.12211885880784,93.43128346675418,92.8873405265751,93.07203401857623,93.07203401857623,7512804
2008-07-09,92.67822852832623,92.9716741911386,92.3117691572133,92.72878670877432,92.72878670877432,16316195
2008-07-10,92.30833129684817,92.67886300682758,92.14215215406257,92.37531855898537,92.37531855898537,5326639
2008-07-11,92.11968421790915,92.28588078248659,91.7087748190455,92.01303393389257,92.01303393389257,13849829
2008-07-14,90.37309025825742,91.81429714659936,89.7877500954264,90.88732485362233,90.88732485362233,3843608
2008-07-15,90.7017978336713,90.96594307377276,90.03910674326677,90.50381797414552,90.50381797414552,14897811
2008-07-16,90.20882307795115,90.41210765652775,89.89932118176021,90.11851644278053,90.11851644278053,12248252
2008-07-17,89.7021327129745,90.13576646011775,89.39469449810409,89.73282462421061,89.73282462421061,7400982
2008-07-18,89.30620723346586,89.71353415964211,88.9791153111259,89.34814688311877,89.34814688311877,12651533
2008-07-21,88.5829150933396,89.51466620490264,87.06007557040398,88.21424177154385,88.21424177154385,6227476
2008-07-22,87.92147858451547,88.37321600881295,87.36771151198374,87.84766398719619,87.84766398719619,5043171
2008-07-23,87.65161073906106,87.92625661977101,87.26314674161955,87.48912210374242,87.48912210374242,18777752
2008-07-24,86.99316831647019,87.37590404951894,86.68680872767659,87.1400204858657,87.1400204858657,6103430
2008-07-25,86.68083444299292,86.96505445167341,86.40345833559776,86.80176349824919,86.80176349824919,11222747
2008-07-28,86.12500571724424,86.54481010057198,84.89894605469364,85.86610396379234,85.86610396379234,13927457
2008-07-29,85.47911122033274,85.88711934650509,85.2526191026031,85.58526914404811,85.58526914404811,11972442
2008-07-30,85.2575417377349,85.45483607296353,85.09020000006568,85.32230077797983,85.32230077797983,10794938
2008-07-31,85.0846661445311,85.31527852580876,84.93352582387668,85.0786032302706,85.0786032302706,11240570
2008-08-01,84.91331024740396,85.0957056983788,84.5993162363966,84.85558086560364,84.85558086560364,13574161
2008-08-04,84.3885114420552,84.74774487039791,83.77155032992053,84.3138109983883,84.3138109983883,9377398
2008-08-05,84.14276823815011,84.38476043476325,83.98396330503193,84.17273641357085,84.17273641357085,7842992
2008-08-06,83.9812489270427,84.14422089728149,83.91445795099737,84.0497610411675,84.0497610411675,4034858
2008-08-07,83.79138139210546,84.0326847492744,83.70847588967175,83.94388979735051,83.94388979735051,9379298
2008-08-08,83.85264757976357,84.05782574217496,83.67522676884896,83.85412759829198,83.85412759829198,13377988
2008-08-11,83.69849448791919,83.8486986488655,83.5730092974379,83.6715444313894,83.6715444313894,4613932
2008-08-12,83.74280028258194,83.83244856865633,83.48199308573484,83.63626757308681,83.63626757308681,7134293
2008-08-13,83.578466019461,83.76372461106412,83.40406830185813,83.61212434040367,83.61212434040367,9895974
2008-08-14,83.50946626774898,83.71661532517557,83.38346621399761,83.59811964951214,83.59811964951214,17041038
2008-08-15,83.69628650479046,83.81228235575237,83.43120002759758,83.59325841658442,83.59325841658442,4482392
2008-08-18,83.61321312085083,83.83923089842621,83.39119720280165,83.62358462730614,83.62358462730614,11895590
2008-08-19,83.6986998076648,83.84265426627687,83.52304821599931,83.64534638795558,83.64534638795558,6689559
2008-08-20,83.60441180750449,83.79439887097298,83.52382587316359,83.6712761874298,83.6712761874298,5712320
2008-08-21,83.64913816125568,83.87945459695682,83.4671015067989,83.70037894190096,83.70037894190096,5055301
2008-08-22,83.7671760699081,83.87049044239988,83.49870644316616,83.73165956754126,83.73165956754126,5764222
2008-08-25,83.78919895910796,83.92018570636172,83.63245913450247,83.82861783319876,83.82861783319876,10267614
2008-08-26,83.8277387728688,84.09567373990846,83.6319171025965,83.85865910523744,83.85865910523744,7138880
2008-08-27,83.90211923826534,83.98550216604743,83.79476718290377,83.88590282930618,83.88590282930618,11433644
2008-08-28,84.01349512379443,84.15231332521223,83.68141504688987,83.90935392157719,83.90935392157719,4565450
2008-08-29,83.90672634313253,84.08216051226968,83.79597319722174,83.92801729822266,83.92801729822266,11335507
2008-09-01,83.94648028556492,84.05351728760017,83.83834229366376,83.94533029612755,83.94533029612755,9937726
2008-09-02,84.02802029022078,84.10618345184336,83.81739050124156,83.93512434079958,83.93512434079958,3764229
2008-09-03,83.89463287591428,84.14590902313812,83.76736817157997,83.91654946354876,83.91654946354876,16988865
2008-09-04,83.96798930546186,84.09450113108753,83.77025154228718,83.89000479338893,83.89000479338893,9481988
2008-09-05,83.9186818162463,84.07339305500773,83.72396805070046,83.85588945933408,83.85588945933408,11730084
2008-09-08,83.78422481045979,83.90326277056947,83.61304126289973,83.71211076393851,83.71211076393851,14260727
2008-09-09,83.662376924573,83.84860183814288,83.52438857938377,83.65170406444271,83.65170406444271,12982848
2008-09-10,83.57280449735954,83.81000882332644,83.41004220835644,83.58572234612147,83.58572234612147,7511163
2008-09-11,83.52272811602184,83.63351476793953,83.36190906749542,83.5145647379887,83.5145647379887,11496258
2008-09-12,83.40893384603373,83.59948272852363,83.3027831507486,83.43863036905839,83.43863036905839,3236265
2008-09-15,83.09710467728144,83.35841229756909,82.8746639420426,83.18615798762103,83.18615798762103,9740813
2008-09-16,83.02882241457776,83.34224126000446,82.86440502291137,83.09510786563955,83.09510786563955,19023670
2008-09-17,82.90798269708564,83.24052985074889,82.7946650885227,83.00127662793007,83.00127662793007,5650549
2008-09-18,82.92986618486209,82.98654219339191,82.77264731399933,82.90506340350653,82.90506340350653,12643816
2008-09-19,82.78978748395343,83.00408908833322,82.60288680077042,82.80686732138285,82.80686732138285,19412816
2008-09-22,82.77135796442623,82.93437183231407,82.31997910852623,82.5043732189502,82.5043732189502,11291440
2008-09-23,82.37023603154815,82.50764661546992,82.30552414601556,82.40223699616519,82.40223699616519,13358393
2008-09-24,82.33269377788352,82.47234177259294,82.16630865530972,82.30011356074965,82.30011356074965,3649920
2008-09-25,82.14111050850737,82.43040912136925,81.98500060735239,82.19840204171747,82.19840204171747,5012724
2008-09-26,82.10763369200478,82.17724176755729,81.98114220788139,82.09750156808263,82.09750156808263,16351328
2008-09-29,81.97229522252688,82.15106674132612,81.65191201641666,81.8036577097012,81.8036577097012,12930858
2008-09-30,81.68145491738015,81.83455411020242,81.61385354551916,81.70999270779483,81.70999270779483,10251787
2008-10-01,81.71799959984142,81.85103329365448,81.39848813130155,81.61913439635535,81.61913439635535,7008584
2008-10-02,81.49592900731443,81.77105608131481,81.34952502170263,81.53141712075238,81.53141712075238,9223476
2008-10-03,81.52586659856856,81.68172426262562,81.3303067140901,81.4469160917781,81.4469160917781,19077600
2008-10-06,81.31545619316954,81.43472524774836,80.97097388593049,81.21281475610577,81.21281475610577,7602600
2008-10-07,81.24297728533831,81.36119935785847,80.97835800681314,81.14128298512459,81.14128298512459,11348290
2008-10-08,81.18072978940027,81.28977267101726,80.88846371363327,81.07301959651133,81.07301959651133,11200198
2008-10-09,80.99647274899681,81.13522662378165,80.89545864819227,81.00803501741379,81.00803501741379,5734588
2008-10-10,80.85782289690883,81.1600964951054,80.72655042785556,80.9463396749798,80.9463396749798,5960171
2008-10-13,80.7249249963402,80.86187533510328,80.65305436563474,80.78109333913763,80.78109333913763,17166300
2008-10-14,80.72445363497557,80.90640935921874,80.5423177235745,80.7326592148363,80.7326592148363,10638787
2008-10-15,80.7330958291219,80.79915886478038,80.61221543032181,80.68756646293774,80.68756646293774,5693187
2008-10-16,80.58447526882001,80.73882550721807,80.51013245969752,80.64582551058976,80.64582551058976,6846940
2008-10-17,80.60157521622511,80.69301978936775,80.47536417892061,80.60744678494027,80.60744678494027,4887337
2008-10-20,80.4942317287215,80.70277559324364,80.34823650041743,80.51258823966079,80.51258823966079,13635713
2008-10-21,80.49329860875586,80.61764880710702,80.4030295100086,80.48776269228345,80.48776269228345,7053741
2008-10-22,80.49327928520547,80.6612418330776,80.26041591439119,80.46635150734377,80.46635150734377,7100879
2008-10-23,80.43231107107688,80.531810043201,80.33916935353331,80.44836511198956,80.44836511198956,12181286
2008-10-24,80.45200134627001,80.55946037508163,80.24706436020969,80.43381393336868,80.43381393336868,3454674
2008-10-27,80.3247012759472,80.57434578929218,80.2028735011315,80.41087596938445,80.41087596938445,7853742
2008-10-28,80.48358724715895,80.61606166861998,80.24292147102462,80.41016992917528,80.41016992917528,7956513
2008-10-29,80.30678483616657,80.53914973945628,80.21546871444808,80.41295124143862,80.41295124143862,6935389
2008-10-30,80.36078158409669,80.59730841642951,80.23507780253969,80.41923033332235,80.41923033332235,6077981
2008-10-31,80.50148893768713,80.65104621970536,80.29658220022547,80.42901763197429,80.42901763197429,5609221
2008-11-03,80.53166299612843,80.65604982153681,80.27039868949635,80.47953304001776,80.47953304001776,9213472
2008-11-04,80.46928825467913,80.61529403955132,80.38118291923415,80.50345743722092,80.50345743722092,4827835
2008-11-05,80.46347708239757,80.60754656254079,80.36186366862691,80.53094217693149,80.53094217693149,8671432
2008-11-06,80.58031037338318,80.78170698149368,80.36338535341383,80.5619976862973,80.5619976862973,6067757
2008-11-07,80.53567408372218,80.67277127357258,80.45995802259357,80.59663439246624,80.59663439246624,6272900
2008-11-10,80.82427103341993,80.94306223907124,80.59816194012949,80.7221359632699,80.7221359632699,8828076
2008-11-11,80.81993064428316,80.93361387438834,80.62059359514785,80.7712017281296,80.7712017281296,6237916
2008-11-12,80.75548555571415,81.05603047679396,80.6123262140616,80.82390082553155,80.82390082553155,15073886
2008-11-13,80.8611638062943,81.08870804573185,80.64950563581039,80.88024368262364,80.88024368262364,7458904
2008-11-14,81.0347874657362,81.18271030019281,80.77474422632865,80.94024072655371,80.94024072655371,13501026
2008-11-17,81.07705108841041,81.30756402085972,80.91104077783271,81.14226125085011,81.14226125085011,5465620
2008-11-18,81.2340652472543,81.42092289731542,80.9898256065352,81.21697931361047,81.21697931361047,5405358
2008-11-19,81.2691762836306,81.43718734762703,81.20541388287428,81.29540369894798,81.29540369894798,3483068
2008-11-20,81.41329051214124,81.5327919339538,81.26464447542175,81.37754483401052,81.37754483401052,6254884
2008-11-21,81.39127868920524,81.6440795650604,81.26882230452884,81.4634131459459,81.4634131459459,7121643
2008-11-24,81.87500042133163,82.12644530319417,81.3752095144964,81.74348541446754,81.74348541446754,8314122
2008-11-25,81.82176711787525,82.08716418088345,81.62340647938706,81.84436670537275,81.84436670537275,11337512
2008-11-26,81.94106127835246,82.1549958773123,81.80383616263038,81.94902730889,81.94902730889,10933584
2008-11-27,82.125844556494,82.20331924767626,81.96823080750508,82.05747765216714,82.05747765216714,14115340
2008-11-28,82.10169745433076,82.3163887774046,82.02023339853903,82.16972816235202,82.16972816235202,5133516
2008-12-01,82.58945067276655,82.96977084493423,82.2804048758414,82.52938496583143,82.52938496583143,8124251
2008-12-02,82.63669255993211,82.77272997700783,82.53195503308467,82.65689196308489,82.65689196308489,4851838
2008-12-03,82.69788503591751,82.88167616092815,82.57918902858208,82.7879605507409,82.7879605507409,9841013
2008-12-04,82.99276126595461,83.05869330925908,82.83452831530747,82.92231044370293,82.92231044370293,19718733
2008-12-05,83.05569137611778,83.18451679618366,82.84055656874776,83.05966135687439,83.05966135687439,4398341
2008-12-08,83.3027928120934,83.81211196757242,83.1027917657847,83.48691736667995,83.48691736667995,11282077
2008-12-09,83.63344156089124,83.74976822840426,83.45351250848911,83.63346950972371,83.63346950972371,13514482
2008-12-10,83.77981228405122,83.86443064152647,83.69044424888052,83.78162124749417,83.78162124749417,5119606
2008-12-11,83.94576708317426,84.00978065357832,83.7960929883509,83.93109229489477,83.93109229489477,9950329
2008-12-12,84.1289369465722,84.33167929952657,83.99009031098927,84.08160236682896,84.08160236682896,6682384
2008-12-15,84.44886388793333,84.9456478866059,83.87249254309424,84.53656387886772,84.53656387886772,7529725
2008-12-16,84.65095620802803,84.83299762293328,84.46863960271344,84.68842719797084,84.68842719797084,6572640
2008-12-17,84.85767089107914,85.03737262730613,84.68168224015754,84.83992811612482,84.83992811612482,7149224
2008-12-18,84.98522063299383,85.10623215200826,84.87438591205556,84.99078634823312,84.99078634823312,14256407
2008-12-19,85.07007648349229,85.38719705812215,84.89719737312427,85.14072160919915,85.14072160919915,7689616
2008-12-22,85.80239555917262,86.14534709020236,85.22379367603304,85.58218671427836,85.58218671427836,5921601
2008-12-23,85.71433338824372,85.8188764141619,85.6194931432915,85.72562723970992,85.72562723970992,8280806
2008-12-24,85.9295955796424,86.0193216702991,85.68791340624779,85.86674336851654,85.86674336851654,2768691
2008-12-25,85.94152642247327,86.24143801245104,85.75739406547946,86.00525481560162,86.00525481560162,5317448
2008-12-26,86.25583004719687,86.38930619191093,86.06266161904372,86.14088129586857,86.14088129586857,14935442
2008-12-29,86.71404458814729,86.89150729054057,86.25689930973984,86.52764808479547,86.52764808479547,7439241
2008-12-30,86.65518546618786,86.83853391296812,86.40018528832744,86.64893184682462,86.64893184682462,6299211
2008-12-31,86.80598926267609,86.87445354948892,86.65666657118845,86.76592921655292,86.76592921655292,8722679
2009-01-01,87.01704487044515,87.13738375252885,86.77950873373317,86.87835990888382,86.87835990888382,11562319
2009-01-02,86.93389385097186,87.10661501418105,86.8035641368121,86.98600799440199,86.98600799440199,15546138
2009-01-05,87.33471653087643,87.705576342293,86.88132992019875,87.28092896589771,87.28092896589771,6384853
2009-01-06,87.32351541063794,87.56807647039925,87.20407554223219,87.37024769134497,87.37024769134497,6458724
2009-01-07,87.42775047569366,87.64557294541365,87.19388126014834,87.4552486992507,87.4552486992507,7155314
2009-01-08,87.46996634934867,87.70906558654963,87.33240620541234,87.53603783860538,87.53603783860538,13383491
2009-01-09,87.65317868758954,87.73401258794193,87.5202407107685,87.6127209583995,87.6127209583995,8231451
2009-01-12,87.73687077925536,87.9503754206154,87.51103905273271,87.81919269032333,87.81919269032333,23626794
2009-01-13,87.8510486373782,88.00029320613453,87.72614125992642,87.88051022178003,87.88051022178003,7381209
2009-01-14,87.90051437685665,88.05182501935509,87.8060318328261,87.93825097862857,87.93825097862857,19320840
2009-01-15,88.11412293968488,88.21576904491637,87.8102402302228,87.99252080985944,87.99252080985944,5118832
2009-01-16,87.98781266876145,88.18739972457789,87.90792268755582,88.04342556446312,88.04342556446312,3992900
2009-01-19,88.13203772098676,88.26707799319477,88.08163906634529,88.17700785841585,88.17700785841585,7604400
2009-01-20,88.25727719651347,88.47443351154962,88.13585223246875,88.2155107964156,88.2155107964156,14141800
2009-01-21,88.38703150767662,88.49439376811287,88.08843169566066,88.25117790274055,88.25117790274055,6302534
2009-01-22,88.40901077701652,88.53557288740468,88.04950765493606,88.28411502638119,88.28411502638119,5877744
2009-01-23,88.38844467901056,88.57842690364329,88.12880328575896,88.31442801632802,88.31442801632802,13355775
2009-01-26,88.38570583896181,88.50251079735035,88.12565577339922,88.39068067391044,88.39068067391044,11381524
2009-01-27,88.38081242129849,88.56469400295873,88.2787280467816,88.41155561898678,88.41155561898678,5382936
2009-01-28,88.55779322695811,88.65073067157927,88.29866682862493,88.43033567532173,88.43033567532173,5227841
2009-01-29,88.44010508168182,88.65600725587738,88.33785257831168,88.44712669190578,88.44712669190578,12110678
2009-01-30,88.41755308816623,88.57023963325074,88.3519405491661,88.46203451772935,88.46203451772935,3537804
2009-02-02,88.47526564179955,88.72778082576339,88.36387063180361,88.4965173405422,88.4965173405422,13724784
2009-02-03,88.46486761021053,88.6263199627893,88.27793887195135,88.50495089322881,88.50495089322881,11306253
2009-02-04,88.50053202545719,88.63329348581169,88.2640118900324,88.51203050010734,88.51203050010734,2557385
2009-02-05,88.44778191112907,88.69734492450168,88.25693940813342,88.51786201016832,88.51786201016832,8062516
2009-02-06,88.63080388825347,88.71244753569269,88.39969894334598,88.52255127240223,88.52255127240223,2974296
2009-02-09,88.48869020734779,88.71834837471667,88.28730012468061,88.53082406204632,88.53082406204632,4379335
2009-02-10,88.46850231980042,88.6286906026055,88.39129575130605,88.53200282287673,88.53200282287673,6221157
2009-02-11,88.59780230525597,88.77538400695067,88.43191013629284,88.53256858083249,88.53256858083249,4244174
2009-02-12,88.50960625398307,88.6616865154271,88.29119407645503,88.53262718490402,88.53262718490402,24252555
2009-02-13,88.53530872784344,88.63604266901501,88.33434206952897,88.53228448408186,88.53228448408186,12323038
2009-02-16,88.58988613627115,88.77481360677476,88.41960454289425,88.52990704215796,88.52990704215796,15849866
2009-02-17,88.59740916130902,88.7863597929828,88.36943116398581,88.52901761166576,88.52901761166576,7458082
2009-02-18,88.53829899326398,88.76820912621336,88.39517680287494,88.52825612123227,88.52825612123227,8122802
2009-02-19,88.5670875244945,88.75789907577682,88.31107729036215,88.527728419848,88.527728419848,17633580
2009-02-20,88.63510197424515,88.72902976068123,88.36357194050724,88.52754035650335,88.52754035650335,9937423
2009-02-23,88.38882798793603,88.71216118004067,88.2664752663556,88.53007248461222,88.53007248461222,10865171
2009-02-24,88.57118965910202,88.62815292455683,88.44244432354074,88.53230146333107,88.53230146333107,5072591
2009-02-25,88.54975023693511,88.69102257791661,88.38971148710633,88.53539932504196,88.53539932504196,5060856
2009-02-26,88.4898694677955,88.6884524968838,88.37018530275026,88.5394719187354,88.5394719187354,9115365
2009-02-27,88.59051184538086,88.67261483892523,88.37138040966592,88.54462509340189,88.54462509340189,9640049
2009-03-02,88.60258525694385,88.78188782232637,88.42915418872717,88.56762659314434,88.56762659314434,4859307
2009-03-03,88.52386036002166,88.75012082316087,88.3627912413213,88.57816058160773,88.57816058160773,9570352
2009-03-04,88.46276256605513,88.68511347872156,88.34783549206944,88.59030439599661,88.59030439599661,4343179
2009-03-05,88.489384400011,88.72487684466992,88.34975381616768,88.6041638853014,88.6041638853014,8055512
2009-03-06,88.68115247997615,88.82675835880946,88.39025781272423,88.61984489851257,88.61984489851257,3898913
2009-03-09,88.62576787467749,88.77286407743706,88.44066474296591,88.67887557148936,88.67887557148936,15540302
2009-03-10,88.81784656854515,88.94129327910599,88.52051513185745,88.70290117023099,88.70290117023099,6847136
2009-03-11,88.64407168955474,88.90139527421182,88.49553221016586,88.72927753783141,88.72927753783141,5655662
2009-03-12,88.71666463920172,88.92757033149944,88.62165751343413,88.75811052328113,88.75811052328113,4511241
2009-03-13,88.7224896515317,88.9798756794742,88.63529588209077,88.78950597557059,88.78950597557059,4299285
2009-03-16,88.94899012871156,89.13409564353047,88.76095093616713,88.90012562338251,88.90012562338251,9950737
2009-03-17,89.00948747590856,89.08784176303823,88.77548230712897,88.94282943293591,88.94282943293591,13214867
2009-03-18,89.05846217695293,89.19541973947767,88.85516718335812,88.98862495428148,88.98862495428148,12569936
2009-03-19,88.95789393674467,89.22353188833708,88.77768303635764,89.0376180364097,89.0376180364097,16082590
2009-03-20,89.13628780053202,89.22005345549523,88.9512038727793,89.08991452831108,89.08991452831108,19173550
2009-03-23,89.38927207722443,89.51273371963077,89.16896239954063,89.2676829525589,89.2676829525589,12915200
2009-03-24,89.26048107930401,89.56425105920724,89.1550188308267,89.33425157345766,89.33425157345766,6221400
2009-03-25,89.50788492594191,89.60874121780668,89.3134683226164,89.404652849082,89.404652849082,8707476
2009-03-26,89.5144450945328,89.71935303394964,89.37768982361393,89.47899262842233,89.47899262842233,2588190
2009-03-27,89.5542670926673,89.80109084594045,89.43551445119526,89.55737676046923,89.55737676046923,11003700
2009-03-30,89.77525651328591,90.12880629172099,89.57363892257138,89.81785376275371,89.81785376275371,8619907
2009-03-31,89.94528201676543,90.15243935147673,89.75074596678245,89.91347379553144,89.91347379553144,17761897
2009-04-01,89.98728806386943,90.22652185145006,89.78149041093462,90.0136674259681,90.0136674259681,5516601
2009-04-02,90.06738115762994,90.32829950949761,89.89742573246124,90.11847705402886,90.11847705402886,10352203
2009-04-03,90.1868424997511,90.42610954629498,90.06570835904319,90.22769128357774,90.22769128357774,4844138
2009-04-06,90.75030157297407,91.01477604948477,90.29781884173569,90.57901312954047,90.57901312954047,7571754
2009-04-07,90.7502467990063,90.81494064704087,90.56118465812058,90.7030973134292,90.7030973134292,3531803
2009-04-08,90.90695659582502,91.07997938683602,90.6008301930021,90.8302118729997,90.8302118729997,15759836
2009-04-09,91.00366448644344,91.2084822502171,90.86827121761429,90.96008196309066,90.96008196309066,13541597
2009-04-10,91.07205559682515,91.18001076094703,91.00799684306034,91.09243273854086,91.09243273854086,6316083
2009-04-13,91.3577975740103,92.04056532792772,90.97568256270463,91.50162072543412,91.50162072543412,9118991
2009-04-14,91.5564838616177,91.74842336477779,91.46684365422529,91.64114579070852,91.64114579070852,8155432
2009-04-15,91.8080051638464,91.92897230363708,91.67394745857341,91.7817773155358,91.7817773155358,5889933
2009-04-16,91.99094691237924,92.14949731643262,91.79503617184314,91.92324045475465,91.92324045475465,8508267
2009-04-17,92.02940307983742,92.1791999410706,91.80211406849055,92.06526036320386,92.06526036320386,6411259
2009-04-20,92.58492171013724,93.05034213730262,91.91487490555365,92.49191225232065,92.49191225232065,13060741
2009-04-21,92.59685310693116,92.87865605277128,92.41196611510381,92.63341078607843,92.63341078607843,7199685
2009-04-22,92.74602283254129,92.9564562480512,92.59664536416524,92.77409186326017,92.77409186326017,26435539
2009-04-23,92.88804706811034,92.99854895445459,92.72853344134107,92.91368063870462,92.91368063870462,7694591
2009-04-24,92.95348541466755,93.19173881235285,92.77758400092372,93.05190226725047,93.05190226725047,8464042
2009-04-27,93.23306935441784,93.89880176439813,92.86455537342354,93.45561581988385,93.45561581988385,10417851
2009-04-28,93.635524642165,93.86267979372705,93.45908656772437,93.58562040922268,93.58562040922268,12157752
2009-04-29,93.6436591429069,93.92156426293401,93.4689190401491,93.71288362585658,93.71288362585658,8318057
2009-04-30,93.78998706392647,93.97278040958986,93.71380896681937,93.83713062462425,93.83713062462425,10305021
2009-05-01,94.05509020177729,94.16774576000513,93.83139077951522,93.95808656036445,93.95808656036445,8765674
2009-05-04,94.40626778918694,94.64662747164535,93.90350206047079,94.29945797919211,94.29945797919211,5420294
2009-05-05,94.38629970028542,94.64544089158206,94.2406117534375,94.40586944569974,94.40586944569974,4736821
2009-05-06,94.34480573324818,94.61479299772277,94.2385638522376,94.50850312682654,94.50850312682654,11348270
2009-05-07,94.71456488175762,94.84365010806535,94.50447543824141,94.60730605327451,94.60730605327451,17082542
2009-05-08,94.65039646175582,94.89510147233594,94.51526375844944,94.70222525574567,94.70222525574567,3539427
2009-05-11,94.9292641928836,95.34440003304164,94.59408527742603,94.96315082631776,94.96315082631776,3904619
2009-05-12,94.89441782655244,95.19577689895245,94.77601720658646,95.04200543990129,95.04200543990129,3885807
2009-05-13,95.11925343403473,95.32867964293543,94.9998405002178,95.11671148301788,95.11671148301788,11787195
2009-05-14,95.30683521521206,95.45919051798482,95.02825912589137,95.18721598636954,95.18721598636954,12289472
2009-05-15,95.24986155097459,95.35969935450527,95.04389359691939,95.25346598065819,95.25346598065819,4909989
2009-05-18,95.4467543872526,95.6998586006352,95.30833374540157,95.42615921616624,95.42615921616624,24102961
2009-05-19,95.40543999577693,95.69870802406426,95.19484836203743,95.47486148122285,95.47486148122285,6599264
2009-05-20,95.36661459591649,95.61861896590408,95.24958768912681,95.51904439072642,95.51904439072642,16399714
2009-05-21,95.5154869665639,95.7050530795302,95.43914976333255,95.5586549753789,95.5586549753789,11985671
2009-05-22,95.73587424798954,95.82183771268704,95.48328443732497,95.59364026588233,95.59364026588233,4954970
2009-05-25,95.68428547198731,95.76994921452575,95.56705217781045,95.6703146795178,95.6703146795178,6491055
2009-05-26,95.66332174658575,95.88936875319607,95.4174067888,95.68626910044468,95.68626910044468,5171862
2009-05-27,95.74989236942554,95.85297116182012,95.57229428790914,95.69733338073233,95.69733338073233,4084837
2009-05-28,95.78875467198195,95.91437755625172,95.53365763993445,95.70345455108284,95.70345455108284,7048613
2009-05-29,95.70573408324482,95.79990698032394,95.52823554484992,95.70457964219815,95.70457964219815,4393567
2009-06-01,95.59177323587934,95.93866992903904,95.47098416146856,95.67744874715261,95.67744874715261,7329943
2009-06-02,95.68885880424988,95.93977794197099,95.55762648465509,95.65812914531648,95.65812914531648,21029366
2009-06-03,95.74041573000885,95.91461611155614,95.50235371780583,95.63396451957253,95.63396451957253,11333757
2009-06-04,95.5554064166367,95.84187106185387,95.33225660402832,95.60531780244024,95.60531780244024,6054952
2009-06-05,95.58622870457428,95.6846758384464,95.30421657819562,95.57255192643902,95.57255192643902,5812901
2009-06-08,95.49059276065928,95.69107163416905,95.21064981592377,95.45316867041676,95.45316867041676,6546178
2009-06-09,95.4492892158567,95.4983484170224,95.31780153082153,95.40755548413459,95.40755548413459,22533606
2009-06-10,95.29305090008226,95.44989183270977,95.20832930885432,95.35963780158089,95.35963780158089,4642552
2009-06-11,95.34519968176237,95.46032811445808,95.09831347775983,95.30977855527507,95.30977855527507,7992927
2009-06-12,95.2507259901298,95.44182259729953,95.1175584289436,95.25834067773658,95.25834067773658,10095835
2009-06-15,95.20831392776766,95.33762807737214,94.83094612561233,95.09818458291977,95.09818458291977,14690277
2009-06-16,94.97471397096703,95.26598181338184,94.83200224939401,95.04406150564527,95.04406150564527,6774097
2009-06-17,95.02971749991363,95.16461400607783,94.89033939631393,94.9901744597354,94.9901744597354,4943648
2009-06-18,94.9330942161374,95.07688182927565,94.67021704333132,94.93688637770965,94.93688637770965,9246008
2009-06-19,94.8696105144503,95.16864090753423,94.60832182484646,94.88456019208749,94.88456019208749,15437095
2009-06-22,94.76732485381622,94.90703339699847,94.63625835071387,94.73698233883707,94.73698233883707,6979657
2009-06-23,94.77310166365308,94.86711586414096,94.50104845925146,94.6921330640238,94.6921330640238,5257904
2009-06-24,94.62634346950924,94.76776811208026,94.50457705389803,94.65006034821145,94.65006034821145,8453199
2009-06-25,94.67220002829232,94.85419257556876,94.44792651911906,94.61112712391946,94.61112712391946,3552487
2009-06-26,94.55019219683797,94.79858595737286,94.45489785500554,94.57569632366723,94.57569632366723,7171480
2009-06-29,94.51482341718217,94.62290140547532,94.29429196637751,94.49404779234409,94.49404779234409,14417667
2009-06-30,94.41728663647524,94.57762905464597,94.20116414750403,94.47625601344572,94.47625601344572,12389693
2009-07-01,94.46195222508499,94.68379205262042,94.27896742378388,94.4637813211845,94.4637813211845,7444752
2009-07-02,94.43708298140017,94.67174917824293,94.35545132190215,94.45690943611665,94.45690943611665,18340399
2009-07-03,94.43714184632087,94.59483017075611,94.24762569729903,94.45561723094588,94.45561723094588,20788063
2009-07-06,94.44093242988721,94.75791845082394,94.3316735328658,94.48421530222066,94.48421530222066,11150503
2009-07-07,94.34202937330606,94.61927102176799,94.24931863726165,94.50423842404288,94.50423842404288,3840320
2009-07-08,94.54897517293901,94.70023941375719,94.35797446352471,94.52933952946455,94.52933952946455,3125160
2009-07-09,94.57240519270114,94.83190007790655,94.43602172016499,94.55941827922611,94.55941827922611,15977582
2009-07-10,94.57215752833817,94.76288734113338,94.47127661186602,94.59437433406808,94.59437433406808,9041322
2009-07-13,94.74907018214448,94.93977822314689,94.48931965034612,94.72750293648107,94.72750293648107,18123666
2009-07-14,94.72657529500464,94.94540488674215,94.64279938820795,94.78096481904933,94.78096481904933,4096365
2009-07-15,94.75442906116002,94.97877033934847,94.60064404631237,94.8388023104004,94.8388023104004,7380555
2009-07-16,94.90694113094982,95.18242469116107,94.77447256990459,94.9009150712747,94.9009150712747,13383690
2009-07-17,94.98863969391873,95.13430718660696,94.8175780052616,94.96720276241273,94.96720276241273,5554163
2009-07-20,95.28223616914329,95.49968933660044,94.98085343116529,95.19011202481396,95.19011202481396,13287637
2009-07-21,95.24565954982391,95.40384827117806,94.99764464225223,95.27209604441164,95.27209604441164,7523652
2009-07-22,95.2367365741047,95.4862497661091,95.08535090778985,95.35775329797548,95.35775329797548,8113034
2009-07-23,95.38428919419519,95.53912620536424,95.31961603855949,95.44698344624585,95.44698344624585,4426570
2009-07-24,95.4902137871346,95.75641795983687,95.38182974940442,95.53968614996332,95.53968614996332,9071472
2009-07-27,95.85601793369969,96.08698791987932,95.65681551362142,95.8376262012028,95.8376262012028,23946840
2009-07-28,96.07914158211955,96.20371617934937,95.75411466213245,95.94321573411324,95.94321573411324,9712876
2009-07-29,96.00206483977482,96.23367329392497,95.872426006361,96.05177612617314,96.05177612617314,5384795
2009-07-30,96.10305712324374,96.44527355308645,95.89475818120242,96.16320703812296,96.16320703812296,16074149
2009-07-31,96.12255690997911,96.40156782118824,96.00272759801074,96.27740813070318,96.27740813070318,5466594
2009-08-03,96.76873068901523,97.1235455201495,96.33015768703493,96.63562909963095,96.63562909963095,18915716
2009-08-04,96.82769107087027,97.00479266218947,96.57290451779515,96.75990752213752,96.75990752213752,4228984
2009-08-05,96.91041070247898,97.1305051947187,96.61690699971874,96.88645442897686,96.88645442897686,9168702
2009-08-06,97.11133285109518,97.27459238832802,96.76350374950775,97.01516948088944,97.01516948088944,17160286
2009-08-07,97.22096071249597,97.38863753646119,97.05777507023103,97.14595233861579,97.14595233861579,5186359
2009-08-10,97.47486465536316,97.99687236387537,97.2323300183084,97.54970435408188,97.54970435408188,8339652
2009-08-11,97.62749367866724,97.80259815867551,97.51331148738777,97.6877550424679,97.6877550424679,14268954
2009-08-12,97.82579322010737,97.9220985714032,97.6921348710802,97.82737184037003,97.82737184037003,2590060
2009-08-13,98.06566175425355,98.24607550232786,97.83922418177947,97.96845440852873,97.96845440852873,12716284
2009-08-14,98.17536283240761,98.3262524693894,98.0148177442354,98.11090240768449,98.11090240768449,7655913
2009-08-17,98.67625578264828,99.10440351964013,98.05635188814404,98.545435598539,98.545435598539,16451532
2009-08-18,98.73783405264435,98.88096243080413,98.54911253512026,98.6923419290878,98.6923419290878,5289336
2009-08-19,98.8874890219077,98.95341707965423,98.74029049148581,98.84011199433606,98.84011199433606,3999037
2009-08-20,98.98849691058467,99.10375837713447,98.85154058305235,98.98864545502423,98.98864545502423,6097770
2009-08-21,99.19372691999338,99.36979350219164,98.88166787478232,99.13784197189281,99.13784197189281,6034441
2009-08-24,99.36163347330707,99.99473507596194,98.98281911132798,99.58840646698572,99.58840646698572,7215262
2009-08-25,99.73841300270848,99.87101753365958,99.54830709101269,99.73925181598065,99.73925181598065,6329059
2009-08-26,99.97262656056277,100.08328132089392,99.71307833783936,99.89025852485838,99.89025852485838,2931435
2009-08-27,99.92255762464242,100.14485289715529,99.7458549219311,100.04132625435936,100.04132625435936,7629050
2009-08-28,100.28062416917311,100.40497686314458,100.05998195046116,100.19235466522406,100.19235466522406,8983053
2009-08-31,100.72845796777037,100.97515201431374,100.3386952499172,100.6442005934054,100.6442005934054,7263198
2009-09-01,100.75684439971526,101.05360037426755,100.6415748672325,100.79406833712983,100.79406833712983,9233661
2009-09-02,100.96959189154717,101.10006840089265,100.81595802577957,100.94342841493423,100.94342841493423,8347111
2009-09-03,101.03399137791949,101.27997081923208,100.92082710667725,101.09234723262834,101.09234723262834,4008610
2009-09-04,101.23374127076819,101.33451197295467,100.95615894452501,101.24092454503572,101.24092454503572,6882728
2009-09-07,101.67117832255975,101.9195377036389,101.19818397976535,101.68560499877363,101.68560499877363,8468822
2009-09-08,101.76239516359404,102.00939941381182,101.65406822071601,101.83381383827012,101.83381383827012,7105408
2009-09-09,101.84151159890114,102.17674884662131,101.69028016007431,101.98217994659785,101.98217994659785,3792579
2009-09-10,102.20520421462433,102.3514100202816,102.02849100474471,102.13080307858044,102.13080307858044,14746385
2009-09-11,102.26588388615323,102.43448028277008,102.14256648047986,102.27978298904148,102.27978298904148,4920271
2009-09-14,102.52760008674623,103.26083184133329,102.25989717904166,102.72986093953104,102.72986093953104,4298831
2009-09-15,102.91817904470295,103.15968866061073,102.65568182416752,102.88126551214165,102.88126551214165,8164951
2009-09-16,103.09327200047754,103.29499248382297,102.9322363906053,103.0335256373487,103.0335256373487,6831628
2009-09-17,103.09118623411615,103.28819422563139,103.00653766551075,103.18674106997571,103.18674106997571,10806657
2009-09-18,103.38780127812032,103.53829623064108,103.10712777692528,103.34101156484624,103.34101156484624,12376116
2009-09-21,103.83483283166335,104.07451210636897,103.2549882424559,103.81115097115524,103.81115097115524,11469874
2009-09-22,103.97606419397314,104.11706054613526,103.73773527933066,103.97063926323597,103.97063926323597,7992871
2009-09-23,104.28081223823698,104.44115985801739,103.96786322458111,104.1316813916782,104.1316813916782,10549624
2009-09-24,104.26580122372378,104.41945116687063,104.18002956352554,104.29437711130555,104.29437711130555,3667224
2009-09-25,104.42045865686008,104.66227698939737,104.27112033730543,104.45882617694159,104.45882617694159,13826982
2009-09-28,104.96948614348906,105.51856950616788,104.66824806329944,104.96369099813778,104.96369099813778,6534048
2009-09-29,105.18245164564668,105.38586790468732,104.8323065016438,105.13615099604452,105.13615099604452,21421830
2009-09-30,105.41391148879359,105.52941077126778,105.11099796381747,105.3108631140779,105.3108631140779,14039033
2009-10-01,105.48230973074504,105.58503072498253,105.32270724608208,105.4879271070615,105.4879271070615,7248530
2009-10-02,105.70112617604725,105.83494201794751,105.4022543811249,105.66739909233692,105.66739909233692,8086102
2009-10-05,106.2998361391791,106.7668779975693,105.68237464777464,106.2189041261217,106.2189041261217,14461245
2009-10-06,106.3659872792363,106.52196193691869,106.24151774946064,106.40656192980796,106.40656192980796,2584112
2009-10-07,106.52744277858507,106.77028558505317,106.31816469672289,106.59586101292575,106.59586101292575,7384078
2009-10-08,106.60944429793065,106.89019314242643,106.49607077569091,106.7866393054067,106.7866393054067,18730503
2009-10-09,106.82729588352164,107.09266867767246,106.7312589955144,106.97873473718231,106.97873473718231,12205276
2009-10-12,107.74612082249995,108.06625567978783,107.27041938456846,107.56130316759261,107.56130316759261,5262386
2009-10-13,107.69714495036442,107.88406001878774,107.53191202414716,107.7570464558624,107.7570464558624,9362186
2009-10-14,107.94405745363169,108.17911710148711,107.68309814205304,107.9532965330846,107.9532965330846,4909121
2009-10-15,108.2237050185891,108.40381391051075,108.02155457655631,108.14989132919077,108.14989132919077,6744370
2009-10-16,108.36395608039194,108.62633667002714,108.19712777248269,108.34666877411244,108.34666877411244,9453266
2009-10-19,108.71070868529688,109.32584231483438,108.12453554568707,108.93647630108602,108.93647630108602,10322790
2009-10-20,109.14574908722308,109.26896608500995,109.02953305806939,109.13236364058524,109.13236364058524,11520763
2009-10-21,109.23126015282703,109.4500256617642,109.05641129279987,109.32762327855772,109.32762327855772,14825299
2009-10-22,109.61334841438091,109.76703969221406,109.31455711149262,109.52209314493498,109.52209314493498,4404287
2009-10-23,109.73421897454044,109.97712919352817,109.51392957062853,109.71561116964862,109.71561116964862,8096663
2009-10-26,110.32414509889188,110.56579471617967,110.02661216217204,110.2888334931232,110.2888334931232,5229250
2009-10-27,110.61034875704452,110.7935553637927,110.18739256855257,110.47692345049774,110.47692345049774,6553592
2009-10-28,110.68147947312445,110.77492589552004,110.4800335636891,110.66325121586641,110.66325121586641,5486128
2009-10-29,110.93583638855932,111.07342060988796,110.62201236575044,110.8476547191607,110.8476547191607,10269140
2009-10-30,110.97351907456974,111.29522550105415,110.77212349566416,111.02997189031223,111.02997189031223,13544101
2009-11-02,111.29368819882997,112.28981716981089,110.92993039298936,111.56278471022543,111.56278471022543,13914739
2009-11-03,111.63591350549615,112.0032535351694,111.41025945019013,111.73513585212122,111.73513585212122,4603675
2009-11-04,111.87941133948075,112.1937102534344,111.6790114827071,111.90459031153196,111.90459031153196,7521702
2009-11-05,112.14079028083353,112.25173919314875,111.8760485061347,112.07098601838916,112.07098601838916,4540288
2009-11-06,112.26397400920496,112.52721919457662,111.90837009264699,112.23416090262444,112.23416090262444,4465259
2009-11-09,112.40196591752643,112.95301761894883,112.1759560101921,112.70273991891398,112.70273991891398,5746413
2009-11-10,112.8335362746355,113.1650378580221,112.67918649673231,112.85141081197689,112.85141081197689,9498086
2009-11-11,112.98346215885745,113.22768610674888,112.8643451700421,112.99605053207563,112.99605053207563,10369813
2009-11-12,113.17249306935825,113.43249889053442,112.8344944656798,113.13649700914164,113.13649700914164,11095685
2009-11-13,113.33011343849344,113.48212755426971,113.08448982392271,113.27258817310657,113.27258817310657,10757688
2009-11-16,113.8050102257981,114.08148300688464,113.21798600686188,113.65310908571016,113.65310908571016,5235781
2009-11-17,113.8744081889831,113.99831815858417,113.5552789511434,113.7701582965861,113.7701582965861,14451830
2009-11-18,113.881971086879,114.15949698958961,113.73197349439513,113.8820418440187,113.8820418440187,11954186
2009-11-19,113.89127999303162,114.11072765890647,113.74197855328028,113.98859765793947,113.98859765793947,6508418
2009-11-20,114.05919505333614,114.20680401840615,113.97244401803194,114.08966366827997,114.08966366827997,6632499
2009-11-23,114.30462684553609,114.54889002265391,114.12082316098069,114.3583021771353,114.3583021771353,5758463
2009-11-24,114.46717063569221,114.5771214865056,114.2014362088709,114.43578827247016,114.43578827247016,4193433
2009-11-25,114.57891562128053,114.81966361727272,114.29906405588501,114.50697421388253,114.50697421388253,11161317
2009-11-26,114.56029935162604,114.72755546880008,114.28845245430962,114.5716979313039,114.5716979313039,12066975
2009-11-27,114.64443909461836,114.96787696897708,114.32733031054143,114.62979735466587,114.62979735466587,5035008
2009-11-30,114.59881493943489,114.94720808501711,114.47357178742158,114.76272915971062,114.76272915971062,4321109
2009-12-01,114.7533539509786,114.93992634512699,114.68004083518619,114.79271070615033,114.79271070615033,5008683
2009-12-02,114.89553566054683,115.10905917003537,114.66517886434646,114.81531946113172,114.81531946113172,8453358
2009-12-03,114.89956812835374,115.09289399269196,114.59795505057487,114.83070261930331,114.83070261930331,4008643
2009-12-04,114.70780893066896,115.06257028854141,114.51027047061235,114.8390692282569,114.8390692282569,14060177
2009-12-07,114.85058097554723,115.06141720200046,114.51948474940622,114.82416023572821,114.82416023572821,13645644
2009-12-08,114.88227026236923,115.08327207876324,114.50009541739314,114.80655112372835,114.80655112372835,9890888
2009-12-09,114.75921449578365,114.94134307324947,114.60657943867638,114.78297070046976,114.78297070046976,11992835
2009-12-10,114.88971602709344,115.09700543507537,114.54686026944366,114.75362801354423,114.75362801354423,8238507
2009-12-11,114.75283313452745,115.05681574426936,114.50208779375097,114.71873211054371,114.71873211054371,10094780
2009-12-14,114.67784751541623,114.8424240262244,114.44182368085077,114.5828155810103,114.5828155810103,4175985
2009-12-15,114.58258966921389,114.67886393766722,114.41725012656954,114.5277972896281,114.5277972896281,16033515
2009-12-16,114.58310285872271,114.73480802074951,114.13762986698902,114.46827102013005,114.46827102013005,6269929
2009-12-17,114.36247325109362,114.52475544117975,114.243650779944,114.4044458201081,114.4044458201081,7501035
2009-12-18,114.29935985858879,114.44679348641476,114.17601451655808,114.336530737154,114.336530737154,27744619
2009-12-21,114.08321613072384,114.27478496005627,113.9876570986351,114.1103366666177,114.1103366666177,7166646
2009-12-22,113.89271331013072,114.24155715138407,113.70318754109857,114.0281525278537,114.0281525278537,11578413
2009-12-23,114.03078027612185,114.25323274201959,113.70165553480082,113.94292374411688,113.94292374411688,10347115
2009-12-24,113.97429307172243,114.13119137398563,113.59290467570067,113.85485936299905,113.85485936299905,4108394
2009-12-25,113.71237838977319,114.04399230220508,113.44400062876623,113.76416843209205,113.76416843209205,4852868
2009-12-28,113.41220716042439,113.73467075397134,113.24614712086765,113.47842681655467,113.47842681655467,22139998
2009-12-29,113.29983440947872,113.56372748653399,113.12930001379651,113.37932016240957,113.37932016240957,10686946
2009-12-30,113.31137597438554,113.46884756889314,113.1674516142183,113.27863219643457,113.27863219643457,7932783
2009-12-31,113.22120292800199,113.513166344039,113.03032267503828,113.17657196622147,113.17657196622147,6120339
2010-01-01,112.92474449137573,113.18463862224635,112.77419983778394,113.07334851936217,113.07334851936217,9388451
2010-01-04,112.87260202328955,113.18660902470697,112.36461785621199,112.75907042341008,112.75907042341008,9845508
2010-01-05,112.57664367786508,112.89195686430465,112.46932896063966,112.65366975394481,112.65366975394481,8959391
2010-01-06,112.56345897282263,112.75336197990917,112.35804757309297,112.54840094453434,112.54840094453434,13652488
2010-01-07,112.53955841197491,112.71599080893168,112.21634735203116,112.4435355024561,112.4435355024561,5186257
2010-01-08,112.35966012712916,112.55526169259652,112.23818266849808,112.33934493498734,112.33934493498734,4850543
2010-01-11,112.16773235954872,112.4516051123851,111.8184612173605,112.03353755301116,112.03353755301116,13476895
2010-01-12,112.05517734860744,112.24722452375642,111.78507267787774,111.9347615567535,111.9347615567535,23006694
2010-01-13,111.88596748354924,112.03771749612336,111.67853537108724,111.8380179714919,111.8380179714919,12191485
2010-01-14,111.66917616485672,111.90910835511578,111.45389399852505,111.7435783045036,111.7435783045036,15307124
2010-01-15,111.65726911482861,111.89108815770058,111.48565278293891,111.65171406306595,111.65171406306595,7706169
2010-01-18,111.58073916988862,111.75673874410201,111.22668015572386,111.39428896483014,111.39428896483014,9138525
2010-01-19,111.32861324883382,111.46487030032674,111.09737975050339,111.31544149836823,111.31544149836823,9077235
2010-01-20,111.16320721577964,111.48617164335386,110.93819141847413,111.24052699384357,111.24052699384357,7781337
2010-01-21,111.13519683300797,111.41731170533463,111.01341943823363,111.16981695853339,111.16981695853339,16201275
2010-01-22,111.09658484209757,111.37462423959239,110.98526579338558,111.10358289971502,111.10358289971502,13976329
2010-01-25,110.84469328521378,111.06494297838422,110.7515817642232,110.93445165498402,110.93445165498402,6552354
2010-01-26,110.9075219513371,111.15532822262571,110.61493351591153,110.88883657490608,110.88883657490608,3513641
2010-01-27,110.76986261566724,111.16042648857623,110.62109945258925,110.84905500770648,110.84905500770648,7749702
2010-01-28,110.70607515290975,110.9569267698733,110.52556676066355,110.81537846066259,110.81537846066259,4491179
2010-01-29,110.76459120555697,110.94305334552973,110.46511529320115,110.78807844105167,110.78807844105167,8095262
2010-02-01,110.70525274570045,111.07274146248848,110.46313144642622,110.74715261958997,110.74715261958997,4671632
2010-02-02,110.74908718722125,110.88974497580737,110.5078817186463,110.74798184437431,110.74798184437431,14994745
2010-02-03,110.8609214748721,111.05439326516128,110.54156798094985,110.75599350431939,110.75599350431939,11264462
2010-02-04,110.78242655264863,110.98511443104314,110.66189283429456,110.7709074780437,110.7709074780437,11128477
2010-02-05,110.76229607848293,110.9496786466891,110.46371402641853,110.79244364416576,110.79244364416576,13674522
2010-02-08,111.01163581307341,111.19656661273171,110.70487542347244,110.89398408310356,110.89398408310356,9727871
2010-02-09,110.9559708279265,111.14279689769113,110.80389755531644,110.9392078050017,110.9392078050017,10515416
2010-02-10,110.90315213656962,111.20953653920198,110.73436707695542,110.98965311239014,110.98965311239014,16391958
2010-02-11,111.05750010308746,111.2287516958314,110.87880485874953,111.0450398838874,111.0450398838874,7479634
2010-02-12,111.2060090080046,111.34343027601743,110.86841923160138,111.10508799811194,111.10508799811194,10826525
2010-02-15,111.28716199916232,111.44880254841979,111.07306174696423,111.31039918333455,111.31039918333455,4725022
2010-02-16,111.31510027342232,111.5780174732131,111.18178258968791,111.38629145465345,111.38629145465345,8323476
2010-02-17,111.53799860926915,111.79268091009702,111.16940906225707,111.46544446179215,111.46544446179215,24756384
2010-02-18,111.5350092676144,111.70843863804856,111.38511675171858,111.5475780833692,111.5475780833692,12023393
2010-02-19,111.67785964727396,111.88683887486881,111.42677095639985,111.63241219800321,111.63241219800321,7663312
2010-02-22,111.92705293176277,112.11234886133207,111.62850703109528,111.90031628643132,111.90031628643132,9131334
2010-02-23,112.01010113123327,112.27585475015525,111.73628233373556,111.99315115947782,111.99315115947782,7916446
2010-02-24,112.07590251875457,112.21896995019968,111.80187347973133,112.08728591867374,112.08728591867374,8982622
2010-02-25,112.30831163780255,112.51187811145793,111.98846631279376,112.18244044263753,112.18244044263753,6553099
2010-02-26,112.28221783297961,112.48638165247374,112.02495625141643,112.2783346099878,112.2783346099878,10245895
2010-03-01,112.51465755401759,112.7695559904164,112.39170677735271,112.56765375854214,112.56765375854214,10429063
2010-03-02,112.63619547169874,112.78256642406637,112.34172384777358,112.66378013704089,112.66378013704089,8026596
2010-03-03,112.8072086378527,112.9013762697616,112.56750438782748,112.75969466052497,112.75969466052497,8580319
2010-03-04,112.74009465447486,113.08032103077709,112.58110214467922,112.85556631611921,112.85556631611921,9486079
2010-03-05,112.9874262297885,113.13315707398161,112.8450828135375,112.95156409094852,112.95156409094852,6146114
2010-03-08,113.26757557474824,113.6254798138065,113.04873177974787,113.24200400209541,113.24200400209541,10196828
2010-03-09,113.38727687433017,113.54475974214954,113.12225728328521,113.3401961251136,113.3401961251136,11816778
2010-03-10,113.4167518888323,113.60070410060071,113.1280442454022,113.43935930299114,113.43935930299114,16641084
2010-03-11,113.46468788562674,113.78899612948753,113.3117616458258,113.53966252285291,113.53966252285291,9380450
2010-03-12,113.72684556898665,113.91222195332219,113.31708712386997,113.6412747718238,113.6412747718238,6059477
2010-03-15,113.82397184935668,114.15226742721836,113.6544829333675,113.9556555646398,113.9556555646398,7598667
2010-03-16,114.07947376443742,114.2070022123371,113.84405639715307,114.06419380129573,114.06419380129573,4517503
2010-03-17,114.15969933688307,114.28643600766596,114.04341724583767,114.17488600268518,114.17488600268518,11508867
2010-03-18,114.23057025680382,114.56750013246177,113.9924008601554,114.28790115593284,114.28790115593284,2856448
2010-03-19,114.38090140604882,114.66584846636512,114.2411124424385,114.40340824816371,114.40340824816371,13353374
2010-03-22,114.54413460473312,115.11098096447586,114.26010671524624,114.76657103000396,114.76657103000396,14183845
2010-03-23,114.93671036712965,115.20081889422241,114.57057059294355,114.89373574941612,114.89373574941612,1848046
2010-03-24,115.02348706716069,115.32236950632114,114.6928581248137,115.0242373434358,115.0242373434358,15136091
2010-03-25,115.07643056464704,115.40344482000498,114.92879383583465,115.15824479918781,115.15824479918781,13370952
2010-03-26,115.20642461527595,115.60992053694565,115.02822184253264,115.29592710379704,115.29592710379704,6919999
2010-03-29,115.42078716041905,116.02367058760022,115.17911235731815,115.73271298201668,115.73271298201668,4408496
2010-03-30,115.9170914123709,116.0183196695243,115.75060243514721,115.88678455330343,115.88678455330343,5262267
2010-03-31,116.0496275153265,116.21555345703649,115.79448463319619,116.04537590907172,116.04537590907172,5474947
2010-04-01,116.16033020010289,116.32717519920858,116.09569824868147,116.20865603644646,116.20865603644646,15447845
2010-04-02,116.3947140307783,116.6112710007239,116.1503790692827,116.3767188434462,116.3767188434462,6391196
2010-04-05,116.8995702575512,117.6677055370299,116.58225038508846,116.9072389417079,116.9072389417079,12579935
2010-04-06,117.12784626873088,117.206974936957,116.94155571030619,117.09191790850755,117.09191790850755,7518834
2010-04-07,117.3175261410906,117.41567345755706,117.08458828271269,117.28004719647592,117.28004719647592,8223363
2010-04-08,117.51637113643824,117.68862242811511,117.2589432582607,117.47134531810043,117.47134531810043,3646412
2010-04-09,117.83103723181074,118.00218805278857,117.40564738854357,117.66553078586861,117.66553078586861,4508238
2010-04-12,118.46018121241094,118.72948014608896,117.94725628751964,118.26259639090978,118.26259639090978,15271529
2010-04-13,118.54229857385802,118.69832398327404,118.23359018376671,118.4655163681273,118.4655163681273,7400742
2010-04-14,118.66173300893784,118.78707941872854,118.5176019005801,118.66991625392593,118.66991625392593,9297739
2010-04-15,118.78415258797902,119.01953471002435,118.62524024970664,118.87551456079309,118.87551456079309,19739468
2010-04-16,119.03814649522003,119.43593245521778,118.81545876082649,119.08202980121628,119.08202980121628,7505442
2010-04-19,119.70338785752632,120.61482142708503,119.06053495592863,119.70426224869671,119.70426224869671,7295943
2010-04-20,119.84518732144423,120.02079477398439,119.61779642239088,119.91163034821875,119.91163034821875,14621374
2010-04-21,120.10768565629104,120.46670804505105,119.92574423507718,120.11850794373426,120.11850794373426,8049551
2010-04-22,120.23973900244499,120.59439960493303,120.02299297011943,120.32461354773065,120.32461354773065,9388119
2010-04-23,120.57601458940383,120.85782316572728,120.31165030307791,120.52966567269546,120.52966567269546,13168790
2010-04-26,120.9737727866866,121.6977563981623,120.55487993456636,121.13568629827499,121.13568629827499,8000458
2010-04-27,121.3396501422846,121.57428424617694,121.05937235914534,121.33370963198817,121.33370963198817,11860763
2010-04-28,121.66298339875979,121.76340764894023,121.41521043407177,121.52927204910716,121.52927204910716,7549779
2010-04-29,121.79279670756826,122.00210338133026,121.44537053512512,121.72209206211943,121.72209206211943,13065969
2010-04-30,121.88499486193282,122.05736169400211,121.64380042874338,121.91188818351243,121.91188818351243,9875975
2010-05-03,122.40824436535063,122.72437222662707,122.03509878786323,122.4603183228509,122.4603183228509,7147334
2010-05-04,122.66186650223686,122.82487809377585,122.50273737981452,122.6352040026418,122.6352040026418,8302580
2010-05-05,122.81799988392723,123.09791489426195,122.67168174636507,122.80565835325085,122.80565835325085,2356730
2010-05-06,122.97928042578201,123.13420077038121,122.62231238245784,122.97139988716556,122.97139988716556,14531640
2010-05-07,123.05792756231183,123.41710053033084,122.84309605461807,123.13214711687344,123.13214711687344,4272180
2010-05-10,123.59202902349072,124.24160005918476,123.31936661090792,123.58160810563062,123.58160810563062,4687421
2010-05-11,123.72789526567928,123.85530729695087,123.51553500358484,123.71956324338585,123.71956324338585,6426514
2010-05-12,123.77201124746874,124.13751794347905,123.58555330558862,123.85111663937161,123.85111663937161,3264041
2010-05-13,123.88935403169417,124.20309537400163,123.64686768190965,123.97598680607541,123.97598680607541,10107216
2010-05-14,124.09259484916876,124.43181217690802,123.97082983832892,124.09389225598468,124.09389225598468,9582596
2010-05-17,124.31849694800367,124.59960365839002,124.18710076237579,124.40300542982047,124.40300542982047,6272481
2010-05-18,124.36026111006593,124.78335120583468,124.14558929213415,124.49023713742662,124.49023713742662,5699745
2010-05-19,124.57818395547665,124.90045573326091,124.45458684060922,124.56909669067568,124.56909669067568,5656149
2010-05-20,124.77763660325469,124.99872369523776,124.47441251790777,124.63930260205512,124.63930260205512,10879069
2010-05-21,124.77475445353713,124.99172688396973,124.33720205227753,124.70057338405248,124.70057338405248,3605926
2010-05-24,124.78005333387452,125.0706339970443,124.55481854201525,124.82796007862666,124.82796007862666,6520440
2010-05-25,124.9826454818182,125.12503223096931,124.66970318161098,124.85067546797033,124.85067546797033,3723736
2010-05-26,124.90079811003498,125.20326269640773,124.73310565117336,124.8630482903693,124.8630482903693,11749536
2010-05-27,124.90258195543807,125.12679842311199,124.74502651835073,124.86479705831107,124.86479705831107,6762078
2010-05-28,124.77569387193748,124.975977751708,124.67909882041577,124.85564028428307,124.85564028428307,10515141
2010-05-31,124.80856201403049,125.11611044652372,124.41669229150699,124.7599218352554,124.7599218352554,14942512
2010-06-01,124.71956289928825,124.99713455072938,124.48317503418399,124.70432801822322,124.70432801822322,15069232
2010-06-02,124.66427330000244,124.92583348736292,124.33588136132823,124.63659207640973,124.63659207640973,4798920
2010-06-03,124.53353775822013,124.72580256897861,124.2049891436646,124.557286796057,124.557286796057,9338741
2010-06-04,124.51143124907477,124.75139641942324,124.24848134292174,124.46715581815837,124.46715581815837,14015145
2010-06-07,124.20581092583623,124.42241490253627,123.92582729677275,124.13924510911872,124.13924510911872,11332557
2010-06-08,124.14550756177847,124.29445885864756,123.76696393243314,124.01324775096825,124.01324775096825,11906764
2010-06-09,123.7269667987168,124.01936502448416,123.53241434409907,123.88014290023781,123.88014290023781,3279791
2010-06-10,123.67919513507222,124.02298546986873,123.42028654328526,123.7406741979206,123.7406741979206,11246028
2010-06-11,123.77105375988249,123.96621987296115,123.46726307441193,123.59558528500979,123.59558528500979,5381547
2010-06-14,123.02099331001325,123.36509686968319,122.5906944934475,123.13403369264786,123.13403369264786,11153848
2010-06-15,122.92635196579363,123.33692739118726,122.7155340522171,122.9739003472947,122.9739003472947,11032500
2010-06-16,122.71263568443409,123.02733923844092,122.46729510310186,122.81186499631397,122.81186499631397,10744566
2010-06-17,122.73737058143874,122.98332826761498,122.50674089217628,122.64867128069876,122.64867128069876,7569423
2010-06-18,122.4944690680512,122.79654352188003,122.2374622464256,122.48506284144239,122.48506284144239,15448118
2010-06-21,121.73043265324822,122.50710567060123,121.33186436894002,121.9991855917579,121.9991855917579,10325282
2010-06-22,121.99227377865166,122.13995655628773,121.62678595605992,121.84135466786859,121.84135466786859,9395205
2010-06-23,121.8118197185857,122.02084328958477,121.45413897301827,121.68682722530409,121.68682722530409,5014010
2010-06-24,121.57576028034185,121.74887686776616,121.40898077277838,121.53634690505754,121.53634690505754,9752142
2010-06-25,121.43044994824314,121.58327635769471,121.2105012738711,121.39065734812213,121.39065734812213,21516000
2010-06-28,121.21660130553798,121.45118058597225,120.6727749567018,120.98976966711477,120.98976966711477,3992231
2010-06-29,120.73273620115842,121.18451744975731,120.5219970171543,120.87067957335596,120.87067957335596,11524723
2010-06-30,120.76070752435625,121.0620951551114,120.57973098886856,120.76009844787424,120.76009844787424,12274957
2010-07-01,120.71290444861955,120.9695155729639,120.4334005438594,120.65876993166286,120.65876993166286,18957530
2010-07-02,120.61179529858677,120.78608777658883,120.28881229381655,120.56729130356717,120.56729130356717,11499592
2010-07-05,120.32667840822661,120.66650182627386,120.20218134180023,120.35148760192247,120.35148760192247,8042829
2010-07-06,120.34188196459459,120.43728551225875,120.06749131232527,120.2986486559421,120.2986486559421,9882320
2010-07-07,120.21844521553008,120.50086589974441,119.9603961484413,120.25513330075596,120.25513330075596,6996525
2010-07-08,120.0813722608882,120.33045958347999,119.8937588083071,120.22080700447003,120.22080700447003,14717989
2010-07-09,120.11016678608509,120.38564012876692,119.92928475917935,120.19553523519053,120.19553523519053,3687511
2010-07-12,120.0567507958634,120.37333841480014,119.8957022048726,120.1727017704518,120.1727017704518,6268304
2010-07-13,120.26712163233174,120.3904540501689,120.04226693681488,120.1823027902592,120.1823027902592,9999343
2010-07-14,120.31229622563258,120.48401618425291,119.85337194966586,120.20028567760366,120.20028567760366,14366612
2010-07-15,120.24380578193431,120.43282123705725,120.08484030546789,120.22651590059128,120.22651590059128,7945055
2010-07-16,120.33855351673503,120.48241028931159,119.9569822053858,120.2608589273282,120.2608589273282,5410128
2010-07-19,120.46342720607525,120.57965586347726,120.23588701540737,120.41121951109608,120.41121951109608,7199453
2010-07-20,120.40059780226925,120.67953051340119,120.13203942988667,120.47666843389146,120.47666843389146,6658942
2010-07-21,120.52694047033569,120.71558633401764,120.25880221104781,120.54955750096681,120.54955750096681,6813827
2010-07-22,120.52967531778813,120.7568611302947,120.33022744455357,120.62975218042821,120.62975218042821,6435645
2010-07-23,120.77834269791211,120.97874115406631,120.55293973097204,120.71711794038178,120.71711794038178,6437047
2010-07-26,120.91806659423634,121.3707347603293,120.74288079010256,121.0208963842569,121.0208963842569,3392177
2010-07-27,121.18809859174578,121.40221209275745,120.8694168434891,121.1356011472405,121.1356011472405,9295388
2010-07-28,121.09875620806056,121.48395924895848,120.9516076725863,121.25680433124693,121.25680433124693,11210023
2010-07-29,121.47371660148852,121.59042746085653,121.24862547877522,121.38437140438228,121.38437140438228,16922414
2010-07-30,121.61676609920154,121.84784670478872,121.1632172566106,121.51816783475273,121.51816783475273,12300525
2010-08-02,121.73351177494665,122.39083665752206,121.34987844828458,121.95558795033578,121.95558795033578,11990582
2010-08-03,122.10340638198852,122.34573821467511,121.93372739196228,122.11295649070779,122.11295649070779,9276159
2010-08-04,122.16944743601275,122.39251437543372,121.9545655935363,122.27588172884552,122.27588172884552,3314031
2010-08-05,122.44279774211087,122.64217497618826,122.20075120292029,122.44422913285509,122.44422913285509,9202839
2010-08-06,122.56083776490374,122.82611967555589,122.38859407178714,122.61786417084261,122.61786417084261,8462375
2010-08-09,123.23561021633114,123.64808680763481,122.7390611061821,123.16914976973426,123.16914976973426,13388260
2010-08-10,123.3096224142781,123.62391664458728,123.10105713557597,123.36259002469491,123.36259002469491,10624693
2010-08-11,123.41288220363951,123.81030761235688,123.26005097570578,123.56064525416417,123.56064525416417,7497017
2010-08-12,123.66750079489972,124.03256395185105,123.54499150013703,123.76318092624811,123.76318092624811,21295965
2010-08-13,123.8708424646093,124.28076307937667,123.69468033314763,123.97006250905295,123.97006250905295,12227283
2010-08-16,124.88857649815851,125.45677071908902,123.85113374830804,124.61543740285383,124.61543740285383,9481797
2010-08-17,124.97756615570836,125.13897537206468,124.53957470110996,124.83835730960334,124.83835730960334,10045235
2010-08-18,125.16572095210462,125.42846422280616,124.93874382345707,125.06495046760433,125.06495046760433,8248510
2010-08-19,125.1872681379932,125.41264527026378,124.95610020942311,125.29508234496294,125.29508234496294,8066290
2010-08-20,125.42368191865647,125.69320322047571,125.29484245169976,125.52861840978531,125.52861840978531,2702918
2010-08-23,126.17374623354138,126.57788106612404,125.72614621961662,126.24830641009608,126.24830641009608,5062698
2010-08-24,126.46557670604756,126.77995226286106,126.31604745030958,126.49411390583464,126.49411390583464,6104205
2010-08-25,126.83100925222944,127.09574074299422,126.50002571279606,126.74265292956761,126.74265292956761,10021759
2010-08-26,127.02282230443858,127.1730169121626,126.64298813489691,126.99378894940106,126.99378894940106,3502930
2010-08-27,127.23277419387554,127.60963180229162,127.03176292799824,127.24738743344118,127.24738743344118,6164813
2010-08-30,127.92064785105194,128.419007106249,127.06373196567397,128.0216123518625,128.0216123518625,5782190
2010-08-31,128.27515645568928,128.65882616540307,128.13912370785332,128.28371537379036,128.28371537379036,8480920
2010-09-01,128.50130701859578,128.76379021255292,128.2969470822335,128.54760820045556,128.54760820045556,10034238
2010-09-02,128.58320401955362,128.9608797234432,128.4171686588615,128.8131229332898,128.8131229332898,5792333
2010-09-03,128.9964161137185,129.33616419026737,128.74402335273916,129.07995820702791,129.07995820702791,6004287
2010-09-06,129.7218329654764,130.4643891747094,129.34478589252709,129.88503995426979,129.88503995426979,5693320
2010-09-07,130.09387087924623,130.35515021494552,129.89135241091014,130.15381007222786,130.15381007222786,6582255
2010-09-08,130.41635883178313,130.62962066378753,130.2355951208797,130.42222707139197,130.42222707139197,7798011
2010-09-09,130.68724942772033,131.03617744840076,130.45434413482806,130.68995621982268,130.68995621982268,15440658
2010-09-10,130.9706575164392,131.22766848528764,130.61818862346794,130.95666278558045,130.95666278558045,4822027
2010-09-13,131.89362516223736,132.36152418022945,130.7512663482757,131.74729966742035,131.74729966742035,19199074
2010-09-14,132.03618682646274,132.29456743850847,131.8245301001892,132.00656858309074,132.00656858309074,4316878
2010-09-15,132.12789858964243,132.581090792871,131.88795450796167,132.2631412563904,132.2631412563904,12894006
2010-09-16,132.4172188180295,132.71181514940932,132.23251508370976,132.51668295537988,132.51668295537988,6306264
2010-09-17,132.8530036011172,133.00165091315648,132.54144193009301,132.76685894811948,132.76685894811948,5073152
2010-09-20,133.38928608279315,133.9140292705847,132.78355611066027,133.49384536944413,133.49384536944413,15454210
2010-09-21,133.65730560082517,133.89843736227223,133.43693629594154,133.72721121778915,133.72721121778915,8333786
2010-09-22,133.86919234265764,134.26770065168347,133.6774767980385,133.95553770018662,133.95553770018662,8175852
2010-09-23,134.124722959897,134.35037548520145,133.9206727478213,134.178490084697,134.178490084697,6965041
2010-09-24,134.3395967620548,134.66490720793604,134.1322697683526,134.3957336393808,134.3957336393808,5981732
2010-09-27,135.43058488765146,135.74344185164773,134.61974843389626,135.009864005077,135.009864005077,7322989
2010-09-28,135.19759474619025,135.35295045708358,134.84849138384078,135.20092492105886,135.20092492105886,1593593
2010-09-29,135.27193430459684,135.66774070416938,135.10873059185192,135.38460334751642,135.38460334751642,3166401
2010-09-30,135.58137629720466,135.75560663179093,135.40124459829906,135.56056455251004,135.56056455251004,9733763
2010-10-01,135.6551795736321,136.1250922803619,135.3879405760833,135.72847380410022,135.72847380410022,14451962
2010-10-04,136.027922346412,136.61961473750003,135.53316606772384,136.183666375109,136.183666375109,15819127
2010-10-05,136.44088303186172,136.67372321390968,135.92642502215347,136.32030133346802,136.32030133346802,4957701
2010-10-06,136.48295232543876,136.73045707836772,136.22144227456704,136.44998743966303,136.44998743966303,8809690
2010-10-07,136.53524483897203,136.70845079308148,136.4113016657606,136.57308415198872,136.57308415198872,2671670
2010-10-08,136.6222057930104,136.99471728854255,136.41812393189943,136.6899509287398,136.6899509287398,6710992
2010-10-11,137.24224760977333,137.46582320518124,136.82673920051516,137.0067662284928,137.0067662284928,12076816
2010-10-12,137.0973505134807,137.39891289778996,136.71000692461962,137.10230784589285,137.10230784589285,7930315
2010-10-13,137.27642219906576,137.5529042634837,137.01705231975066,137.19341681919195,137.19341681919195,6777224
2010-10-14,137.2902647899038,137.658911967352,137.0840305948579,137.2804526066849,137.2804526066849,7947020
2010-10-15,137.3023552419007,137.55319485050632,137.12284730014076,137.3637746666663,137.3637746666663,15193463
2010-10-18,137.6668187524863,137.78015888634565,137.36050229242517,137.59505306448924,137.59505306448924,7078703
2010-10-19,137.6471346469521,137.96765037954526,137.31347660402537,137.6671147973722,137.6671147973722,8295918
2010-10-20,137.7059444501421,137.98011289233105,137.48130772007752,137.73726009421728,137.73726009421728,17101032
2010-10-21,137.90845310410194,138.17292305561256,137.6324041333485,137.80584841331932,137.80584841331932,7136914
2010-10-22,138.04661072615323,138.2579122453826,137.6717870006165,137.87323921297306,137.87323921297306,3529583
2010-10-25,138.00938696902912,138.29856053740323,137.799938593542,138.07182107819145,138.07182107819145,15857547
2010-10-26,138.09313089695877,138.33105433897197,137.970917285766,138.1380163829991,138.1380163829991,13293018
2010-10-27,138.2570410797124,138.55572779166104,137.90290623912313,138.20481145983206,138.20481145983206,2640870
2010-10-28,138.27104495722094,138.47680716098472,137.9838430613244,138.2725657669851,138.2725657669851,7495845
2010-10-29,138.43130067312364,138.70513004471454,138.0094977995472,138.34163876275298,138.34163876275298,7911838
2010-11-01,138.60888569211227,138.80836677912342,138.16280988081314,138.56036446469247,138.56036446469247,15859472
2010-11-02,138.55687236959977,138.95731959724796,138.247826246701,138.63819460512548,138.63819460512548,7942679
2010-11-03,138.47714201361006,138.87114446591264,138.31802081250643,138.7184675691992,138.7184675691992,8691978
2010-11-04,138.971404602993,139.10763409675408,138.60461872692716,138.80086965876055,138.80086965876055,8828053
2010-11-05,138.91813044542363,139.14184572034821,138.72171843312648,138.88508717565657,138.88508717565657,6336942
2010-11-08,139.21847989981433,139.44213649743833,138.9319374365017,139.14549530882252,139.14549530882252,15303119
2010-11-09,139.17423006035165,139.4082738594316,138.84681219829164,139.233837553527,139.233837553527,5383332
2010-11-10,139.30548325963247,139.66340929938227,138.91263596783864,139.3224267348011,139.3224267348011,6275903
2010-11-11,139.30017542865662,139.78901406369766,139.0339007554249,139.41094915449176,139.41094915449176,7976289
2010-11-12,139.5589676584444,139.68813380720306,139.34131245102506,139.49909111444597,139.49909111444597,4097655
2010-11-15,139.717815770668,139.91197099862256,139.3542524248126,139.75809725435965,139.75809725435965,19339432
2010-11-16,139.79303250371535,139.97437969637744,139.5913965546874,139.8415803938379,139.8415803938379,7996578
2010-11-17,140.01352966883982,140.23768135475146,139.79444805743958,139.92311458281452,139.92311458281452,12082343
2010-11-18,139.9183922738683,140.30687695931994,139.74631799907337,140.00238612313663,140.00238612313663,4956491
2010-11-19,140.06398998384725,140.36597231963165,139.93945815683938,140.07908131665118,140.07908131665118,11419343
2010-11-22,140.20603103982728,140.48516733004453,140.004078336575,140.2905718348192,140.2905718348192,11914292
2010-11-23,140.3173118830629,140.595359920143,140.12771977690977,140.35382465957323,140.35382465957323,12805517
2010-11-24,140.55953390808358,140.71459583392317,140.1469605937415,140.41293264675465,140.41293264675465,20737454
2010-11-25,140.5327001162881,140.74054016511278,140.16028710254747,140.46758209821039,140.46758209821039,6051602
2010-11-26,140.599047192929,140.9354073636356,140.13462198486948,140.5174593157874,140.5174593157874,7287186
2010-11-29,140.56204142818896,140.80218769375807,140.31326664034668,140.63532058371624,140.63532058371624,5242597
2010-11-30,140.60394893199629,140.99490886655323,140.40816054160788,140.6629718842483,140.6629718842483,7624200
2010-12-01,140.77003398832574,140.93034903548025,140.31557730471746,140.68428246013667,140.68428246013667,11150674
2010-12-02,140.5880613769545,140.9521814796776,140.3048334340132,140.69903307915806,140.69903307915806,10854280
2010-12-03,140.6973023282448,141.04605875366937,140.54535839475497,140.70738237280892,140.70738237280892,18170831
2010-12-06,140.71835776296632,141.02776927144475,140.41275999117067,140.69655327580125,140.69655327580125,10221978
2010-12-07,140.90405922653903,141.101290469096,140.47116070524274,140.6818282422328,140.6818282422328,8002247
2010-12-08,140.73304549362328,140.82648954710143,140.52147018636342,140.66196737042517,140.66196737042517,4634678
2010-12-09,140.43617755488555,140.7945448125039,140.3132028990008,140.63722375780472,140.63722375780472,12336985
2010-12-10,140.72681331743632,140.9482777878834,140.226547512908,140.60785050179766,140.60785050179766,7397879
2010-12-13,140.5018918530299,140.79157524305762,140.31997627110434,140.49448384771958,140.49448384771958,12477941
2010-12-14,140.23759560975796,140.65638901599448,140.08310293172295,140.44912299242887,140.44912299242887,6469221
2010-12-15,140.37807168904072,140.55017441219397,140.02242171139022,140.40039798088293,140.40039798088293,14582109
2010-12-16,140.3260252116664,140.5001218417354,139.95276283571636,140.348561910508,140.348561910508,9704600
2010-12-17,140.41509799180912,140.68357630232114,140.0894458680389,140.29386787873045,140.29386787873045,13138772
2010-12-20,140.03179271314988,140.29772803885038,139.72308451053053,140.11516898924444,140.11516898924444,9702153
2010-12-21,140.12109508583666,140.27272676500326,139.831218089983,140.05157408611893,140.05157408611893,5036812
2010-12-22,140.0073704056857,140.17900495938147,139.69802737491867,139.98638670872208,139.98638670872208,6664219
2010-12-23,140.03695985180966,140.15009699857157,139.77909138420557,139.9198599544802,139.9198599544802,4217462
2010-12-24,139.86351453219459,139.99850301188397,139.7134924740989,139.8522469208196,139.8522469208196,8773751
2010-12-27,139.75966523118245,139.9233190750756,139.30848691520907,139.64542111758792,139.64542111758792,3850197
2010-12-28,139.62032301224696,139.72143022567056,139.32009420307142,139.575993940515,139.575993940515,9266258
2010-12-29,139.47894519139655,139.86677781977735,139.30610541764025,139.50674597115474,139.50674597115474,1309536
2010-12-30,139.5098406605095,139.63185993508714,139.25667935570183,139.43793030693334,139.43793030693334,11994018
2010-12-31,139.3507308506884,139.65328170569492,139.04828752870895,139.36980004527715,139.36980004527715,4607138
2011-01-03,139.27205134381913,139.55452056487863,139.0466804467941,139.17205264996218,139.17205264996218,4965348
2011-01-04,139.1247691905756,139.42453360465672,138.74857226661015,139.10919497282936,139.10919497282936,15885040
2011-01-05,139.01927289067754,139.32905606733954,138.9000037296756,139.0482881853931,139.0482881853931,9387070
2011-01-06,139.01026714488845,139.2093419410572,138.80860312765168,138.98958538507966,138.98958538507966,12214321
2011-01-07,139.0108647435139,139.1555363176023,138.69561132778134,138.93333966931527,138.93333966931527,4839319
2011-01-10,138.7247911740328,139.1018962687475,138.51566414363768,138.7818760035794,138.7818760035794,12940856
2011-01-11,138.8074386379601,139.15249607326686,138.5096976613934,138.73798960027415,138.73798960027415,7468615
2011-01-12,138.86525059707512,139.01542469078635,138.47958535749765,138.6978257686493,138.6978257686493,8484606
2011-01-13,138.57776515336332,138.94885372034915,138.2561599695132,138.66163760613128,138.66163760613128,16854033
2011-01-14,138.5966823252328,138.96715359528423,138.31813333176746,138.62967821014615,138.62967821014615,4472707
2011-01-17,138.61433423321634,138.82177446142447,138.43017955096212,138.56170359565178,138.56170359565178,12628542
2011-01-18,138.4991722081945,138.69138312429712,138.29933486891636,138.54919024006148,138.54919024006148,9700201
2011-01-19,138.54073614782814,138.83045291772106,138.16290941355396,138.5421711381356,138.5421711381356,7191475
2011-01-20,138.72891707176657,138.9441937599508,138.3285081543502,138.5408993873003,138.5408993873003,4629152
2011-01-21,138.5495217664386,138.72132280839207,138.39342624653554,138.545628084982,138.545628084982,7151215
2011-01-24,138.69491788829933,138.9239167859808,138.25287648995126,138.5983478433914,138.5983478433914,5313577
2011-01-25,138.5788134504942,138.8128722111694,138.32841859343458,138.62960930940355,138.62960930940355,14481448
2011-01-26,138.61694418395575,138.9489727099725,138.37725862513705,138.66813671106397,138.66813671106397,8375583
2011-01-27,138.74363630700682,138.86718773958884,138.57373354069426,138.71418314579904,138.71418314579904,5702794
2011-01-28,138.85908810674553,139.02413676976673,138.60216729914842,138.7680017110349,138.7680017110349,3898688
2011-01-31,139.0170589276417,139.32439205038983,138.67184618590923,138.97862116401043,138.97862116401043,6346594
2011-02-01,138.9950134150237,139.2927230233828,138.8802071626555,139.0660592255125,139.0660592255125,14843456
2011-02-02,139.08820354867342,139.4819959817142,138.88987905353258,139.16243524690387,139.16243524690387,8458380
2011-02-03,139.23515272005025,139.6254834848428,138.98280622720466,139.26750403689618,139.26750403689618,7310750
2011-02-04,139.4093386609867,139.77774846129714,139.1724953820283,139.38092074645834,139.38092074645834,18704901
2011-02-07,139.6946943096171,140.03722952316895,139.20842760399617,139.76780990225137,139.76780990225137,6502381
2011-02-08,139.69755313676106,140.15441424209146,139.53772245568715,139.9111697997805,139.9111697997805,5340299
2011-02-09,140.04245651823805,140.23203829125862,139.72262775373594,140.06115337172338,140.06115337172338,9791222
2011-02-10,140.28545865322442,140.6358547341596,140.06825428822967,140.21741576904873,140.21741576904873,9867279
2011-02-11,140.4476749483853,140.77923106995343,140.22198366080758,140.37961214272536,140.37961214272536,5965823
2011-02-14,140.9255694874986,141.4258964263338,140.39651262384774,140.89835663155068,140.89835663155068,5368823
2011-02-15,141.10350105072231,141.45728218284677,140.9062531577636,141.0808404203202,141.0808404203202,16493670
2011-02-16,141.3340822710186,141.54922306317624,140.850179145638,141.26753394028495,141.26753394028495,6442705
2011-02-17,141.42621487705426,141.77064823337932,141.2836897225088,141.45809234241366,141.45809234241366,3870968
2011-02-18,141.5810630052903,141.80616953686,141.37967698211187,141.6521707776751,141.6521707776751,8809902
2011-02-21,142.5927902415189,142.99778257243682,141.75275892067864,142.25207779194386,142.25207779194386,12512614
2011-02-22,142.4083967164154,142.62320564906383,142.13729839514554,142.45678786942415,142.45678786942415,7272770
2011-02-23,142.71133061760776,143.03917471009967,142.49623837640158,142.66329373488114,142.66329373488114,10464673
2011-02-24,142.89941220660896,143.23446625953775,142.61355873677397,142.87125053928355,142.87125053928355,4738750
2011-02-25,143.202676261322,143.42204128403515,142.86900089889872,143.08031343360022,143.08031343360022,10952538
2011-02-28,143.70781494321577,144.01829409081188,142.83942183595505,143.7106901657235,143.7106901657235,4962123
2011-03-01,144.03174625604964,144.1418731387097,143.77893391027195,143.92072892938495,143.92072892938495,9318746
2011-03-02,143.98323192417433,144.3395499440596,143.72391739596134,144.1301955890867,144.1301955890867,11743222
2011-03-03,144.42211672715422,144.57804224244367,143.95658008095194,144.33897555220835,144.33897555220835,8404720
2011-03-04,144.4215205162574,144.70369641955693,144.3265807728549,144.5470002774116,144.5470002774116,4313361
2011-03-07,144.81735351020419,146.05317879490954,144.37449058509193,145.16585761212855,145.16585761212855,4407917
2011-03-08,145.5212299749211,145.67007242194177,145.2298140203064,145.3701759722757,145.3701759722757,17743195
2011-03-09,145.3744830727584,145.79781248888347,145.14680553685037,145.5733963878132,145.5733963878132,5448666
2011-03-10,145.63589247029338,146.02817555746864,145.48304672084615,145.7754503174027,145.7754503174027,11728285
2011-03-11,145.93355970211744,146.24473787474557,145.75191972871696,145.97626921970604,145.97626921970604,8487796
2011-03-14,146.60292324066089,147.21291128079088,146.07688720481923,146.57063034951602,146.57063034951602,4842451
2011-03-15,146.88619621379982,147.0568496142191,146.61326781149413,146.76582372929187,146.76582372929187,6129191
2011-03-16,147.00171036980745,147.3754408613218,146.52184795480036,146.95943937509017,146.95943937509017,18715612
2011-03-17,147.16563491141625,147.43741565431358,147.00683056103102,147.15140874557272,147.15140874557272,45799141
2011-03-18,147.39510600851767,147.7812618419064,147.00641608228614,147.34166329940118,147.34166329940118,6826317
2011-03-21,148.29103392485263,148.65380740748492,147.38931664169405,147.90145264757965,147.90145264757965,6594608
2011-03-22,148.0677117560444,148.28228018795915,147.65579590184578,148.0841625214093,148.0841625214093,3526456
2011-03-23,148.31541177404895,148.68799971243993,148.05478301600309,148.26481487189355,148.26481487189355,3506028
2011-03-24,148.4917179470005,148.61321518022743,148.14387418419648,148.44334115769422,148.44334115769422,5211228
2011-03-25,148.74218462134766,149.00855767032454,148.33537112590685,148.61967283747302,148.61967283747302,6404108
2011-03-28,148.81801883293122,149.57250751552843,148.5228211123796,149.13481482729537,149.13481482729537,7898877
2011-03-29,149.29726178871246,149.71132857511122,149.1459876668559,149.30168266960396,149.30168266960396,11296674
2011-03-30,149.47196844488818,149.87299705375125,149.2706675211216,149.46601319919932,149.46601319919932,8934137
2011-03-31,149.7878619699231,150.01563930731282,149.42565272847418,149.62773787474322,149.62773787474322,11390683
2011-04-01,149.6763008158869,150.17010211959487,149.4197930610002,149.7867881548975,149.7867881548975,5885355
2011-04-04,150.27925943111367,150.60230710389834,149.94870396997544,150.24755594672837,150.24755594672837,7721783
2011-04-05,150.2208284059754,150.55661407778305,150.07921853845872,150.39570113091526,150.39570113091526,6668477
2011-04-06,150.66896861127793,150.80402292671891,150.33760577138048,150.54113920154492,150.54113920154492,4246440
2011-04-07,150.52829180159486,150.87440403439624,150.27561434458423,150.68387911441005,150.68387911441005,2981526
2011-04-08,150.94599149092878,151.17978339610184,150.3897696514328,150.82392982530334,150.82392982530334,5725158
2011-04-11,151.35396461391136,151.5567384184144,150.82618569973744,151.22803630407907,151.22803630407907,2313945
2011-04-12,151.284975549647,151.80373971246746,151.10921650350758,151.3574197650119,151.3574197650119,4540345
2011-04-13,151.53900057734597,151.82439848935994,151.2733653651781,151.48415880293635,151.48415880293635,10506837
2011-04-14,151.6004044453733,152.0065689928677,151.4559657941146,151.60826237364515,151.60826237364515,8754103
2011-04-15,151.7899973855555,151.90852285995405,151.50762982958307,151.72973943293096,151.72973943293096,8086075
2011-04-18,152.12454468427364,152.5511133388672,151.68197737046123,152.0785011001772,152.0785011001772,14435705
2011-04-19,152.09460365159623,152.6214437031451,151.88204811975262,152.1895616716979,152.1895616716979,5557812
2011-04-20,152.08235599484968,152.59088375649011,151.8590434369281,152.29804051075902,152.29804051075902,11250566
2011-04-21,152.40288089983696,152.73514033977233,152.13995516188155,152.40394657315338,152.40394657315338,5343521
2011-04-22,152.68190512154482,152.88948741991538,152.14781189873287,152.5072888146735,152.5072888146735,9190480
2011-04-25,152.79865118478483,152.99564695304886,152.50748439081246,152.80202217191592,152.80202217191592,8638386
2011-04-26,153.00408928219395,153.19416824092622,152.59301508005683,152.89519868786635,152.89519868786635,8874671
2011-04-27,152.97419801838217,153.2516220221619,152.76214095752687,152.98585616190613,152.98585616190613,6593532
2011-04-28,152.91732862473134,153.25882286431397,152.78999055929143,153.07400354982784,153.07400354982784,9384904
2011-04-29,153.27237285001866,153.41570552341267,152.87038506551576,153.15964980742427,153.15964980742427,9759044
2011-05-02,153.1719148258414,153.56169412742895,153.0359695498039,153.4016713561885,153.4016713561885,3912260
2011-05-03,153.4615303971315,153.62385155611165,153.03610232182643,153.47740265041057,153.47740265041057,12227525
2011-05-04,153.4913915775638,153.73245844120845,153.30629022229985,153.55067759327076,153.55067759327076,4312351
2011-05-05,153.62287272583026,154.07047040062682,153.46963169698301,153.62150514056182,153.62150514056182,5159120
2011-05-06,153.75657325452786,154.00557513904124,153.39139469800963,153.68989424807637,153.68989424807637,9028860
2011-05-09,154.13241595231338,154.3311175137328,153.566085835774,153.88052048988814,153.88052048988814,10787610
2011-05-10,154.0916647000425,154.21760535083408,153.74624789156283,153.9392453962237,153.9392453962237,8930363
2011-05-11,153.81725179139278,154.23501110168723,153.61105343309455,153.99557664174628,153.99557664174628,9414224
2011-05-12,153.85100728992612,154.3519066696421,153.59225010638468,154.04952318224852,154.04952318224852,4531702
2011-05-13,154.0429575666177,154.3820163453675,153.6563386600056,154.10109397352312,154.10109397352312,6157089
2011-05-16,154.2526251726924,154.41468446529012,154.0389798188232,154.24164140990806,154.24164140990806,2869837
2011-05-17,154.33785447288304,154.63027932925706,153.8613291748208,154.283798762199,154.283798762199,5053337
2011-05-18,154.15260117832528,154.53252997739395,153.9564218566856,154.32362514422582,154.32362514422582,4090356
2011-05-19,154.53161900101702,154.7008991510966,154.07508633197057,154.36112951178114,154.36112951178114,8053461
2011-05-20,154.46014948498868,154.74609368796195,154.08208060002931,154.39632082065768,154.39632082065768,25984651
2011-05-23,154.47959050121457,154.67646591489634,154.0734351018976,154.48810595314146,154.48810595314146,11698983
2011-05-24,154.4552823578911,154.6731040138907,154.2192778312701,154.51413458522973,154.51413458522973,2603902
2011-05-25,154.57605237467467,154.93035927216076,154.27769400164573,154.53789493760266,154.53789493760266,3745753
2011-05-26,154.69415047295624,154.8477390215241,154.26019683705735,154.55939596605293,154.55939596605293,4178812
2011-05-27,154.51400912009865,154.73664825800003,154.25153153161924,154.5786466263733,154.5786466263733,3326293
2011-05-30,154.87538323764485,155.08518796507784,154.4224301911705,154.62298595648153,154.62298595648153,6946255
2011-05-31,154.63007338927758,154.79125777496603,154.20160295905666,154.63332470220897,154.63332470220897,8969404
2011-06-01,154.70823424775102,155.00634581905598,154.28334031616063,154.6414578587699,154.6414578587699,4191048
2011-06-02,154.72414682913688,155.10622883248033,154.30274330591442,154.64758650408413,154.64758650408413,7155773
2011-06-03,154.57895282697666,154.86954628951736,154.481179340492,154.65268020457918,154.65268020457918,8931176
2011-06-06,154.47855583966526,154.85877915131988,154.33791829282578,154.67336852269682,154.67336852269682,11346728
2011-06-07,154.63258649753828,154.86458741594652,154.5074290653794,154.68593932946249,154.68593932946249,8649436
2011-06-08,154.67656341867308,154.9410436779175,154.53848362250102,154.7032836341827,154.7032836341827,9437037
2011-06-09,154.59812470953017,154.8986494214422,154.41597231317826,154.72656312541193,154.72656312541193,7851748
2011-06-10,154.74208595972706,155.1211659560852,154.48675714746935,154.75693949170505,154.75693949170505,4817920
2011-06-13,154.78230225085815,155.06194196209873,154.57131779087047,154.90226672651434,154.90226672651434,5374605
2011-06-14,155.0221993220896,155.27791050269605,154.80413540512407,154.97264747860982,154.97264747860982,4129032
2011-06-15,154.99881934495596,155.52002578712836,154.77604759792683,155.05593354854264,155.05593354854264,16924930
2011-06-16,155.11979694200969,155.55813392414038,154.95669932698016,155.15328662486755,155.15328662486755,3837500
2011-06-17,155.27498648367734,155.60620509639102,154.8042769153093,155.26586839613913,155.26586839613913,12877549
2011-06-20,155.66252128703883,156.04665855239136,155.24858820505605,155.70660276518166,155.70660276518166,3856245
2011-06-21,155.8614894052857,156.23626515093534,155.5263656619376,155.89171620178735,155.89171620178735,11741870
2011-06-22,156.16858459804678,156.41112195747215,155.85070478722344,156.0978667761134,156.0978667761134,13007233
2011-06-23,156.45471930258773,156.60678657795006,156.15442121240383,156.32621617671438,156.32621617671438,14231165
2011-06-24,156.41563162404512,156.7618255810163,156.1161263034225,156.57792609214508,156.57792609214508,4752678
2011-06-27,157.90707460662958,158.73721866771504,156.80413478164073,157.48483581296227,157.48483581296227,8684856
2011-06-28,157.9935060804356,158.17064327475796,157.52229704475621,157.84160467325876,157.84160467325876,5924639
2011-06-29,158.25239828741363,158.480082306116,157.79052305603625,158.22754249115852,158.22754249115852,5135285
2011-06-30,158.69857572090308,158.9918727151811,158.4456954049073,158.64381095521608,158.64381095521608,8177357
2011-07-01,159.06926397045294,159.48776673565916,158.50913700527386,159.09157175398633,159.09157175398633,12017788
2011-07-04,160.27788133014423,162.63585070208467,159.07108005639688,160.61999313577013,160.61999313577013,5940935
2011-07-05,161.35258858876327,161.87268272775816,160.7654843870782,161.1841927289772,161.1841927289772,9431234
2011-07-06,162.24109031177989,162.51127190247513,161.46945070390512,161.77197584780407,161.77197584780407,5081297
2011-07-07,162.338675552654,162.66222451582533,162.00305380191935,162.3810748678388,162.3810748678388,4748457
2011-07-08,163.15708818530464,163.56636475771646,162.1362321271344,163.00922216466958,163.00922216466958,6802159
2011-07-11,164.5783131842182,166.87322315871052,162.67264968463311,164.98527747181888,164.98527747181888,7009067
2011-07-12,165.78543646601452,165.98742732528765,165.18132626026863,165.66694163171462,165.66694163171462,11171124
2011-07-13,166.46051120979888,166.85459836827806,165.9986128482704,166.35631594634694,166.35631594634694,4278828
2011-07-14,166.69117245068543,167.91847565649698,166.23462150102023,167.05113279130396,167.05113279130396,23541362
2011-07-15,167.63941703901708,168.16370734580627,167.01551558987973,167.74912454217372,167.74912454217372,3265158
2011-07-18,169.53845145367112,171.95506372126354,168.01095008992476,169.83947298614066,169.83947298614066,8966316
2011-07-19,170.23138938176513,170.99256017646408,169.95520262030007,170.5274881165426,170.5274881165426,6937237
2011-07-20,171.25865766464895,171.52192574064878,170.7466349888283,171.20734003079784,171.20734003079784,5785014
2011-07-21,171.58684978948273,172.34753919331777,171.10485714070472,171.87676110449456,171.87676110449456,7329268
2011-07-22,172.82193797804052,173.50193116316504,171.5686259179031,172.53348371322073,172.53348371322073,11195650
2011-07-25,174.6379445368367,176.8217827460621,173.2174422662714,174.40478450545774,174.40478450545774,12099917
2011-07-26,174.87309095756794,175.83815989264986,174.35989013060762,174.98803701018323,174.98803701018323,7175408
2011-07-27,175.81211285793333,176.08535662506134,175.04653417793298,175.5472529278788,175.5472529278788,9443583
2011-07-28,175.93117516676315,176.3813785920656,175.59040643500563,176.08016463413261,176.08016463413261,4113586
2011-07-29,176.70683760771803,177.10163315474884,176.22296612621435,176.58450450453267,176.58450450453267,7295858
2011-08-01,177.80940921656497,179.12617548782526,176.1672116895909,177.90341685649202,177.90341685649202,9743773
2011-08-02,178.3663482270799,178.76328396955358,177.91831422161724,178.27142008185015,178.27142008185015,2554703
2011-08-03,178.63630953439426,178.80080547906206,178.23871852053756,178.60327500424546,178.60327500424546,8330297
2011-08-04,178.98901348766518,179.24491388276394,178.62496929438078,178.9004756542161,178.9004756542161,7354695
2011-08-05,179.13700851834741,179.38221925918756,178.93486338373324,179.16451606230055,179.16451606230055,15094772
2011-08-08,179.9955073219982,180.25356840526166,179.4441168858917,179.7726161406195,179.7726161406195,8697188
2011-08-09,179.7842470278848,180.35947842934632,179.48721332879532,179.9189558865422,179.9189558865422,10169120
2011-08-10,180.10528602622028,180.38161563236952,179.80337701867612,180.03960554327026,180.03960554327026,6984447
2011-08-11,180.24051693327593,180.4403747667327,179.71289103300515,180.13605914134203,180.13605914134203,10973308
2011-08-12,180.24954738833515,180.52128538146752,179.8998875842143,180.20981071129583,180.20981071129583,10597159
2011-08-15,180.4220212000817,180.64604215115517,179.99008137971137,180.3097935578327,180.3097935578327,4162590
2011-08-16,180.4288549609219,180.76719770060947,179.96774817150887,180.30767732069793,180.30767732069793,9345824
2011-08-17,180.52559776206905,180.79034241315034,179.98884990708532,180.29032920813682,180.29032920813682,14448082
2011-08-18,180.58196435514802,180.7831131756581,180.05892080176704,180.25924325068777,180.25924325068777,13083310
2011-08-19,180.22227788062295,180.67591407742455,179.93653793984618,180.21591347888892,180.21591347888892,8110242
2011-08-22,179.84689355264192,180.30866820035627,179.6144471395298,180.02740158277788,180.02740158277788,9396020
2011-08-23,179.9475716342749,180.3720346101576,179.53648517786328,179.9500368589637,179.9500368589637,12640369
2011-08-24,179.95676098235262,180.19507216612516,179.59790397913127,179.86789847349152,179.86789847349152,4526794
2011-08-25,179.66274933571967,180.0404338531858,179.4469676024071,179.7824804568996,179.7824804568996,10141471
2011-08-26,179.64045609077166,180.17431395651042,179.46055182886843,179.69527683972632,179.69527683972632,2986153
2011-08-29,179.37276879571434,179.61386659399392,179.1971262684003,179.43789269010153,179.43789269010153,12312556
2011-08-30,179.68131605473533,179.8595608139603,179.18838358680543,179.358486975986,179.358486975986,6599959
2011-08-31,179.28413619033722,179.61986744947802,178.7857862348393,179.28476581398075,179.28476581398075,7661538
2011-09-01,179.26682043235454,179.619335680219,178.9776256380223,179.21822323462413,179.21822323462413,6060288
2011-09-02,179.140407647972,179.56935201948627,178.91318477236192,179.16003525666235,179.16003525666235,7837482
2011-09-05,179.09410651589687,179.531034109203,178.76711479965311,179.0333665997573,179.0333665997573,9089621
2011-09-06,179.00084153309763,179.40616562100516,178.79672928970047,179.00572867240206,179.00572867240206,11665065
2011-09-07,178.82379209548367,179.3765372810076,178.5833285642364,178.98469315716312,178.98469315716312,15320501
2011-09-08,179.04460358173435,179.15596915665378,178.78053167461968,178.96984601382647,178.96984601382647,8196570
2011-09-09,179.1741502045879,179.31666476898704,178.74927286933587,178.96077320217788,178.96077320217788,3485621
2011-09-12,178.76684761713108,179.18156520320343,178.56067730926307,178.96406035521977,178.96406035521977,15367651
2011-09-13,178.88676980238438,179.4121820219853,178.68520807600217,178.97394446818248,178.97394446818248,3832249
2011-09-14,178.88427498234955,179.3411523005984,178.56034487926343,178.9875327117628,178.9875327117628,6477361
2011-09-15,179.01239664852204,179.4212189389754,178.63376595074914,179.0044110457465,179.0044110457465,6260519
2011-09-16,178.9197955628839,179.20095413693443,178.76679232966922,179.02416542991958,179.02416542991958,8046365
2011-09-19,178.93062319210796,179.289621881321,178.69057941373265,179.09654448143354,179.09654448143354,4253317
2011-09-20,179.1414548383919,179.5543259453564,178.91871389610537,179.12366266422273,179.12366266422273,4151281
2011-09-21,179.13985631156234,179.3399425728144,178.78854284848114,179.1515866961307,179.1515866961307,7914377
2011-09-22,179.16567809654504,179.36797677365223,178.854151499462,179.17990253694322,179.17990253694322,5368487
2011-09-23,179.18894492183145,179.3740403927885,178.94609797261333,179.20819614644634,179.20819614644634,15681604
2011-09-26,179.30383120360148,179.81029208881031,178.90003146244996,179.28880318495757,179.28880318495757,6073903
2011-09-27,179.47758546680566,179.75196299910456,178.82337910393903,179.31286746708156,179.31286746708156,4784017
2011-09-28,179.40859412132136,179.62927626983327,178.7972472924083,179.3348393168256,179.3348393168256,18455445
2011-09-29,179.1874339926672,179.62741192749758,178.96397559525636,179.35430469397537,179.35430469397537,10118947
2011-09-30,179.2764195460796,179.6640091102862,179.05697167706506,179.37084955831685,179.37084955831685,31122096
2011-10-03,179.51128498687373,179.8521206637952,179.15251776855524,179.39882067235058,179.39882067235058,3059600
2011-10-04,179.33898136441562,179.8101668015058,179.14122536051423,179.39954308331778,179.39954308331778,8875764
2011-10-05,179.32162935890253,179.62649926825847,179.05319392224877,179.39527478040617,179.39527478040617,10198573
2011-10-06,179.37076296813947,179.6126374515102,179.08579758581848,179.38560172340158,179.38560172340158,8112069
2011-10-07,179.22430648285962,179.56860637182487,178.86446364942054,179.37010987208993,179.37010987208993,6675481
2011-10-10,179.27952565813433,179.69453967592776,178.98456265995395,179.28458115017125,179.28458115017125,14913259
2011-10-11,179.33118451076507,179.69070684001397,178.93978886266996,179.24167371949014,179.24167371949014,10101060
2011-10-12,179.2985631984605,179.451886277227,178.885281143781,179.19087729343133,179.19087729343133,3437763
2011-10-13,178.88354452957603,179.30087543885216,178.65584217386055,179.1317778317808,179.1317778317808,5179753
2011-10-14,179.00334101429686,179.25601822648665,178.65808498630008,179.06396129432432,179.06396129432432,4470226
2011-10-17,178.66137516202684,179.32841284271612,178.41253179533265,178.80406882497854,178.80406882497854,7529755
2011-10-18,178.56903076122475,178.96894095284986,178.41102414510283,178.6972435821574,178.6972435821574,12856816
2011-10-19,178.59425695063848,179.02882466090188,178.11218123960293,178.57963106245984,178.57963106245984,6618167
2011-10-20,178.4481452792874,178.84551358231639,178.27583475910578,178.45081722567167,178.45081722567167,7048964
2011-10-21,178.0301766893845,178.61388537204465,177.82383710078793,178.3103880315788,178.3103880315788,4903408
2011-10-24,177.60091772354883,178.14500385986162,177.3258974096675,177.81526790333115,177.81526790333115,11706130
2011-10-25,177.58925203533073,177.8293771478436,177.3158233871748,177.6242368778784,177.6242368778784,14816853
2011-10-26,177.51607274460528,177.80834000441965,177.07460764683907,177.41952029405044,177.41952029405044,7871276
2011-10-27,177.09337670356877,177.6484426131847,176.79286382384683,177.20070411163312,177.20070411163312,17627336
2011-10-28,177.13197955146958,177.3659400218652,176.80335961912448,176.96737429041227,176.96737429041227,6094586
2011-10-31,175.73646195094724,176.9727681703827,175.09605620137964,176.17616259178774,176.17616259178774,3978680
2011-11-01,175.83408253226753,176.05442504390555,175.55734229061883,175.88063781321182,175.88063781321182,11960694
2011-11-02,175.648958247629,176.0839297606776,175.28437940392806,175.56884125340628,175.56884125340628,7625560
2011-11-03,175.41422065906096,175.69357012902864,175.03332595983017,175.24191916537842,175.24191916537842,5982400
2011-11-04,175.01890184315752,175.16629248128123,174.58250619925917,174.9013298607803,174.9013298607803,8312639
2011-11-07,174.67288827539917,175.42301702634387,172.75438882323562,173.81214176408264,173.81214176408264,3622809
2011-11-08,173.28654725163236,173.84334785638046,173.09882179652232,173.43146670972192,173.43146670972192,3338120
2011-11-09,173.19076360018636,173.45528727793453,172.5944335097215,173.0444159970502,173.0444159970502,8378955
2011-11-10,172.5390280823678,173.13671539641558,172.30283541568585,172.6524479377194,172.6524479377194,9940554
2011-11-11,172.47334221195538,172.77200859283818,171.67989956371312,172.25702084338133,172.25702084338133,16060627
2011-11-14,170.81178753991765,172.42313248551733,169.7776245020478,171.06456846684227,171.06456846684227,12462958
2011-11-15,170.4852958037245,170.90057908851094,170.15765203481894,170.6698883489939,170.6698883489939,10991516
2011-11-16,170.2166809530638,170.5937437650664,170.05828077055986,170.27904075439767,170.27904075439767,15099448
2011-11-17,169.82963565685353,170.44270490370886,169.55914619210344,169.89348399470532,169.89348399470532,10220434
2011-11-18,169.5563252651495,169.77448021646583,169.210232458193,169.51467638156888,169.51467638156888,6735154
2011-11-21,168.77505993461438,169.3424996543898,167.3001291723102,168.43333153801305,168.43333153801305,12624442
2011-11-22,168.0623074915065,168.40084999087935,167.63943997930906,168.09610362761853,168.09610362761853,12394390
2011-11-23,167.88880183074795,168.07872458570307,167.59432043161078,167.77291642203923,167.77291642203923,7968797
2011-11-24,167.63130668534887,167.83150367919504,167.28898664176845,167.46522823292696,167.46522823292696,4390918
2011-11-25,167.08042713987675,167.6560367008014,166.7255223098167,167.17449737193363,167.17449737193363,3276929
2011-11-28,166.19314612582076,166.94979923042746,165.90956206215833,166.41863187418554,166.41863187418554,12190298
2011-11-29,165.97159242651264,166.40231176614554,165.82730141520958,166.21031344218648,166.21031344218648,10163254
2011-11-30,165.9244376252948,166.24451661186748,165.6875430409189,166.02624389656566,166.02624389656566,10902487
2011-12-01,165.76125907786798,166.32609858637957,165.42848483368758,165.86788154897494,165.86788154897494,12420034
2011-12-02,165.70291966769818,166.11023956778675,165.54360546902177,165.7363048681653,165.7363048681653,5103517
2011-12-05,165.45260779470556,165.7446718700604,165.30230862411645,165.4963604262922,165.4963604262922,3130190
2011-12-06,165.36478196298376,165.89767983607703,165.1228380385354,165.46523832667447,165.46523832667447,10353961
2011-12-07,165.6344863999566,165.90538115069785,164.97943775100907,165.45717800797073,165.45717800797073,14560501
2011-12-08,165.41391290591562,165.9144380906652,165.17822699139043,165.47135872442735,165.47135872442735,9538834
2011-12-09,165.6235953919523,165.9753023413242,165.24436996118945,165.5069597302908,165.5069597302908,3804805
2011-12-12,165.70020011099265,165.9710280547099,165.37376325791496,165.73407702678568,165.73407702678568,9023086
2011-12-13,165.83586245560832,166.25937943127454,165.3738335706891,165.8471517327402,165.8471517327402,4558840
2011-12-14,165.761393980694,166.28744513787754,165.53644963737122,165.97754299933356,165.97754299933356,3699632
2011-12-15,166.01248824624082,166.56768278031302,165.62763238401487,166.12443008081206,166.12443008081206,7969387
2011-12-16,166.28424646686017,166.69104142393547,166.1294529285926,166.28699223142215,166.28699223142215,8677129
2011-12-19,167.00546723160502,167.58619109202783,166.53446956811842,166.86052164050585,166.86052164050585,7615079
2011-12-20,166.96980213084947,167.45816928143333,166.71336715761413,167.0775766101063,167.0775766101063,9959330
2011-12-21,167.213306033,167.51911686348672,166.86732352807394,167.3062029200703,167.3062029200703,5387825
2011-12-22,167.64851759913032,167.88813623389436,167.29442680248275,167.54557982464425,167.54557982464425,8350171
2011-12-23,167.93800150198896,168.29286932524164,167.55958054564599,167.7948865780746,167.7948865780746,6276207
2011-12-26,168.58605608976603,169.7405688462213,167.57402257317085,168.59417847396801,168.59417847396801,7054013
2011-12-27,168.853542295653,169.0422956882083,168.70301454847885,168.87499716528785,168.87499716528785,9149029
2011-12-28,169.20974880512105,169.37243617866199,168.8781772110333,169.16164197669613,169.16164197669613,13589000
2011-12-29,169.31210157640388,169.6526760614876,169.12079101974675,169.45329216243917,169.45329216243917,9258939
2011-12-30,169.86813047395336,170.16069354848014,169.39660349610986,169.74912697676342,169.74912697676342,10929287
2012-01-02,170.98971802221465,171.83710326389135,169.55463842861283,170.65353173368723,170.65353173368723,8041006
2012-01-03,170.91185172267012,171.1884127666728,170.67664177136717,170.95789760480017,170.95789760480017,10208791
2012-01-04,171.17111877834347,171.59841087368233,170.88785577560256,171.2623443757264,171.2623443757264,13414552
2012-01-05,171.59993056267646,172.02335655443085,171.20073769992635,171.5660513007121,171.5660513007121,20471537
2012-01-06,171.74469974332453,172.2873641013915,171.51586889248233,171.86819763400385,171.86819763400385,14655699
2012-01-09,172.27898303685555,173.66313238359226,171.75930467596328,172.7570656261789,172.7570656261789,7782667
2012-01-10,172.9844257568097,173.41503122999245,172.79473957704027,173.04476213515858,173.04476213515858,14179178
2012-01-11,173.32133898588015,173.66782469687857,173.13998922487005,173.32679432367624,173.32679432367624,10527200
2012-01-12,173.6358081214327,173.86705927974904,173.4026170714549,173.60234144597825,173.60234144597825,5905217
2012-01-13,174.03769818344927,174.23337175744564,173.63209786535782,173.87058275631105,173.87058275631105,10599926
2012-01-16,174.4840707229301,175.5064079358227,173.8892433648046,174.62326435795825,174.62326435795825,4549845
2012-01-17,175.06551270371958,175.33212217859793,174.38810113202905,174.8540749628782,174.8540749628782,10607827
2012-01-18,175.24505972506066,175.4649774076102,174.65807638609706,175.07347602706093,175.07347602706093,19208245
2012-01-19,175.47882690331124,175.71856012502803,174.8324567729631,175.28064680475285,175.28064680475285,12070316
2012-01-20,175.5246879471047,175.691679758923,175.18750579239136,175.47476655020037,175.47476655020037,14552319
2012-01-23,175.9243342138507,176.43404694681882,175.53680356218024,175.97061213554045,175.97061213554045,6621650
2012-01-24,175.93367923694532,176.2662651937298,175.80023533622557,176.1043202944743,176.1043202944743,10174482
2012-01-25,176.24751343331772,176.47075940527654,175.99126957966538,176.22087369239574,176.22087369239574,11342125
2012-01-26,176.46048137024263,176.74712668550723,176.1380973331835,176.31945158355117,176.31945158355117,6867913
2012-01-27,176.6316442025303,176.92539701341929,176.02157590637293,176.39923322218698,176.39923322218698,11260444
2012-01-30,176.53148107695887,176.7132230261007,175.99203762063118,176.51759316544073,176.51759316544073,10042097
2012-01-31,176.55963012501078,176.82167057777897,176.29327942361442,176.5139823364621,176.5139823364621,11323153
2012-02-01,176.5782056735403,176.94283550541465,176.3113303015947,176.4874715261959,176.4874715261959,4779823
2012-02-02,176.22381870603093,176.67193792240232,175.98992011549672,176.4375450842109,176.4375450842109,15142281
2012-02-03,176.2682574779888,176.7292209206654,176.11262997809106,176.3649077413663,176.3649077413663,10021802
2012-02-06,176.00705588991582,176.4502225307501,175.55573718470185,176.0208285694895,176.0208285694895,7541139
2012-02-07,175.8735242780007,176.25322334078095,175.4491861419628,175.86744588502128,175.86744588502128,7632652
2012-02-08,175.6759705204275,175.9239022573175,175.18935665079874,175.69640143060104,175.69640143060104,7846192
2012-02-09,175.50020560439415,175.79764634636027,175.20002958972069,175.50870503241015,175.50870503241015,5285558
2012-02-10,175.50433008038974,175.7516874492044,174.90389326957694,175.3053665166304,175.3053665166304,14498157
2012-02-13,174.73167746089942,175.32752403148965,173.96077261761064,174.6115965255718,174.6115965255718,12948708
2012-02-14,174.33432237012815,174.51462281838937,173.96797933512448,174.35578780125098,174.35578780125098,13391308
2012-02-15,174.01337563658421,174.52427540762065,173.76833780794672,174.08938609024878,174.08938609024878,17048076
2012-02-16,173.85552830267758,173.98272221192155,173.58811685175576,173.8134012187467,173.8134012187467,8796292
2012-02-17,173.63953736456543,173.9567722447151,173.18758386718105,173.52884301292616,173.52884301292616,3495842
2012-02-20,172.23449981740293,173.2268685990273,171.73432320448495,172.6338266513696,172.6338266513696,10955889
2012-02-21,172.2043573722988,172.82687610991042,171.8766373320441,172.32507337009076,172.32507337009076,10753743
2012-02-22,172.0974347728772,172.30051748813645,171.59229452573047,172.01279588540115,172.01279588540115,17398049
2012-02-23,171.48143677189012,171.97041258965606,171.30413525633287,171.69800402348233,171.69800402348233,13742368
2012-02-24,171.3805490685633,171.58953619281363,171.186655878147,171.38170761051575,171.38170761051575,8554296
2012-02-27,170.05257199696314,171.16454768072444,169.29020713926272,170.43388932714487,170.43388932714487,7443086
2012-02-28,170.2547765357917,170.5879707953271,169.78982669071755,170.1216729718026,170.1216729718026,13213776
2012-02-29,169.99761547808407,170.32113299793852,169.34132707149524,169.81300119632022,169.81300119632022,2121169
2012-03-01,169.35740217056116,169.7925484709034,169.02888061128562,169.50888382687924,169.50888382687924,9026290
2012-03-02,169.2623896582472,169.52185808182426,169.0382704790309,169.21015903864796,169.21015903864796,12836232
2012-03-05,168.82649987998386,169.38981148974435,167.21520833638814,168.34716926831663,168.34716926831663,7530323
2012-03-06,168.30947536882388,168.5345451343195,167.90593193896487,168.07050061000191,168.07050061000191,6608539
2012-03-07,167.96627675001858,168.15929123608402,167.51889372850388,167.7992957844225,167.7992957844225,9270741
2012-03-08,167.48771903552253,167.82206162962848,167.19196232368174,167.53353471168094,167.53353471168094,15707917
2012-03-09,167.25343410246103,167.56868639611926,167.07062751666632,167.2731973118797,167.2731973118797,10023810
2012-03-12,166.4249551494314,167.40825684482041,165.6009437657899,166.52452635114253,166.52452635114253,5702643
2012-03-13,166.31756235860388,166.4364637761251,166.1331082674223,166.28568284412728,166.28568284412728,14701250
2012-03-14,166.01875169132728,166.41766627068714,165.84392356734148,166.05216261056475,166.05216261056475,16204108
2012-03-15,165.71304257678383,166.0969805541606,165.47245297355144,165.8239455705574,165.8239455705574,5342944
2012-03-16,165.4283953472539,166.02624430584726,165.20353379747124,165.6010116442078,165.6010116442078,32418346
2012-03-19,164.6458711259245,165.31272096327586,164.0635317632017,164.96370774812974,164.96370774812974,7997388
2012-03-20,164.86325455252668,165.11350875056834,164.36931839618504,164.7617054774356,164.7617054774356,12853992
2012-03-21,164.36683346502028,164.87921194062625,164.18461983773838,164.5648859209116,164.5648859209116,11509498
2012-03-22,164.47333466745624,164.7428852583577,164.0891729247007,164.37322899866015,164.37322899866015,5643140
2012-03-23,164.2665140626609,164.35684368103276,164.03850372784044,164.18671463078374,164.18671463078374,6383257
2012-03-26,163.67174991772197,164.21791005341237,163.35309779281758,163.65782605442973,163.65782605442973,8275467
2012-03-27,163.5612289675017,163.83159954239315,163.16100862763832,163.49168110507838,163.49168110507838,3140590
2012-03-28,163.48147631351387,163.66987899975305,162.95201514528648,163.3305783106145,163.3305783106145,12060435
2012-03-29,163.35512290143325,163.52814961225118,162.88459502391885,163.17449759114058,163.17449759114058,3100515
2012-03-30,162.91140081149285,163.40172818708797,162.62655042961654,163.02341886675907,163.02341886675907,8058885
2012-04-02,162.46889400381724,163.14843020777047,162.177434594111,162.59999386519397,162.59999386519397,5717803
2012-04-03,162.4300290680624,162.70700277037318,162.29719271749474,162.46872232220707,162.46872232220707,10685055
2012-04-04,162.51480453819607,162.76973546231787,162.13078228094727,162.3423523748249,162.3423523748249,2657417
2012-04-05,162.24707593936358,162.53660040190587,161.78870816688212,162.22086394315016,162.22086394315016,3484560
2012-04-06,162.04316985328776,162.27636285497076,161.71156913597832,162.1042369472852,162.1042369472852,5936159
2012-04-09,161.59086098158866,161.94882115125282,161.33372789085743,161.783323775574,161.783323775574,10369445
2012-04-10,161.6493459523559,161.94494650989375,161.50050893190726,161.6859417239731,161.6859417239731,8937362
2012-04-11,161.5945523353331,162.00510632611815,161.11185869007764,161.59332070869442,161.59332070869442,13525577
2012-04-12,161.58502819696508,161.8908136209554,161.2890630736714,161.50544064984044,161.50544064984044,8443453
2012-04-13,161.61823893705687,161.83489157710778,161.27300819173112,161.42228146751364,161.42228146751364,7929346
2012-04-16,161.09611553767996,161.52111614571803,160.71819798727492,161.20092838072125,161.20092838072125,4681656
2012-04-17,161.1202823524405,161.4304321320351,160.8963174767028,161.136451905528,161.136451905528,7154606
2012-04-18,160.93012934410623,161.27144226091661,160.70566214229547,161.0765959073744,161.0765959073744,7922317
2012-04-19,160.98051402755664,161.2772361904751,160.81667689170922,161.02134030636284,161.02134030636284,2863555
2012-04-20,160.87185821927105,161.26225383172823,160.62965190141992,160.97066502259594,160.97066502259594,5126032
2012-04-23,160.5816256861045,161.0206087410976,160.39579723488765,160.84592027578722,160.84592027578722,10085710
2012-04-24,160.76040383563665,161.03259992715007,160.56050566981486,160.8133654620233,160.8133654620233,8751177
2012-04-25,160.60682509169342,161.13198756575878,160.41427314589524,160.7852905660164,160.7852905660164,7049367
2012-04-26,160.75987840910898,161.15472052902035,160.55355383879663,160.76167550786897,160.76167550786897,5904537
2012-04-27,160.9088516568469,161.22416989549097,160.3869264910291,160.74250020768346,160.74250020768346,3346776
2012-04-30,160.74946226229662,161.17097244505942,160.45322182170574,160.7114120559234,160.7114120559234,2695950
2012-05-01,160.83115598959472,161.07129349921686,160.49387537765182,160.70979498861047,160.70979498861047,6862677
2012-05-02,160.78896959271506,160.99929486751307,160.4621450149777,160.71248400774664,160.71248400774664,16842645
2012-05-03,160.81937994548926,161.0786565864628,160.51428456883627,160.71929267330842,160.71929267330842,8148991
2012-05-04,160.90737292653904,161.139841624099,160.28091782006257,160.7300012732469,160.7300012732469,13331656
2012-05-07,160.62535325178027,160.9679901776836,160.50451639914908,160.7833295588343,160.7833295588343,4441969
2012-05-08,160.89617814342589,161.090590560664,160.57988433074593,160.80744077579135,160.80744077579135,9216692
2012-05-09,161.0666683656178,161.26274930580033,160.53815174002654,160.83435336688103,160.83435336688103,5627122
2012-05-10,160.97008819379766,161.1382892584443,160.61078852689928,160.86384762005449,160.86384762005449,5519579
2012-05-11,160.74461013574347,161.23373471901365,160.49937258428,160.8957038232629,160.8957038232629,11608485
2012-05-14,160.86768721305256,161.346878763667,160.52996801560687,161.00324701260965,161.00324701260965,7532432
2012-05-15,160.91752582942354,161.24967984306477,160.7492776375277,161.0423538954697,161.0423538954697,4001520
2012-05-16,161.03400685739544,161.35023335050815,160.64648474446793,161.0827241681205,161.0827241681205,8401887
2012-05-17,161.14808936015248,161.3823353133079,160.7876605741639,161.12413811851337,161.12413811851337,5592113
2012-05-18,161.11198933955018,161.32029203304475,160.96810998128248,161.16637603459952,161.16637603459952,3885596
2012-05-21,161.19348703115676,161.44919697400323,160.91674160071202,161.29583645652872,161.29583645652872,4863540
2012-05-22,161.46431715646537,161.76616752865115,161.02000995494458,161.33917311489938,161.33917311489938,22251027
2012-05-23,161.29452455944318,161.6200236234985,161.01649886367534,161.38223517871916,161.38223517871916,14667494
2012-05-24,161.49772086716132,161.74570986034686,160.97792362127402,161.4248029359392,161.4248029359392,2921720
2012-05-25,161.51612284518094,161.71326852674187,161.17199413852742,161.46665667451066,161.46665667451066,7280930
2012-05-28,161.39308779979214,162.05036455327715,161.13451284962855,161.58573665784562,161.58573665784562,7551151
2012-05-29,161.577528707105,161.8560047049334,161.22229435341154,161.62253720133467,161.62253720133467,7003590
2012-05-30,161.56775755636826,161.94887717831833,161.34616140076895,161.65752516593105,161.65752516593105,5740215
2012-05-31,161.75901963799214,162.13233783741413,161.34013532477826,161.6904808395859,161.6904808395859,11622875
2012-06-01,161.96594383457918,162.15266641308085,161.4650633747405,161.72118451025057,161.72118451025057,12817217
2012-06-04,161.79432067363038,162.00813358429866,161.31945641448203,161.79928097267268,161.79928097267268,13516915
2012-06-05,161.80633443950026,162.23949842863746,161.44868058276745,161.8211017252493,161.8211017252493,9435654
2012-06-06,161.86333445154855,162.14245745171857,161.68051917944743,161.84107821579894,161.84107821579894,10845711
2012-06-07,161.8107052100406,162.169204113888,161.6026735654702,161.8593673075747,161.8593673075747,6734194
2012-06-08,161.80178823898297,162.06718954081876,161.51854792651508,161.87612586382957,161.87612586382957,3637228
2012-06-11,161.85771787404713,162.09192074885752,161.7539050701292,161.9187869519992,161.9187869519992,3589690
2012-06-12,162.06418085385513,162.32426935309527,161.77713216523594,161.9309919987009,161.9309919987009,5225733
2012-06-13,161.7974118614692,162.25703511697046,161.64365876101473,161.9424508261469,161.9424508261469,7236626
2012-06-14,161.92230632755016,162.24765207156008,161.69441372293596,161.95332029759024,161.95332029759024,4211702
2012-06-15,161.9168356032204,162.35764783455332,161.66891406706668,161.96375727628399,161.96375727628399,4547174
2012-06-18,162.2306816620701,162.4002544362106,161.75888227350495,161.99404188839796,161.99404188839796,6620991
2012-06-19,162.0489718491984,162.2041834138307,161.80247517187334,162.00431752862366,162.00431752862366,12323385
2012-06-20,161.9463641437442,162.36837619031178,161.63466334341845,162.01494499236492,162.01494499236492,9455585
2012-06-21,161.85717404775832,162.21795948809157,161.7051723928261,162.0260811428749,162.0260811428749,5194905
2012-06-22,162.1368374380072,162.43939451710457,161.82394036311806,162.0378828434065,162.0378828434065,8187702
2012-06-25,162.04684167839764,162.44832576846431,161.824201670825,162.07884987766158,162.07884987766158,4116979
2012-06-26,162.17188759248128,162.5663987074657,161.74754604691537,162.0948824108103,162.0948824108103,5194916
2012-06-27,162.16879735544953,162.28174172749377,161.94187421395654,162.1123648102458,162.1123648102458,3493322
2012-06-28,162.13699228321414,162.29679801404464,161.93533141203784,162.13145393922122,162.13145393922122,9913135
2012-06-29,162.21550204221543,162.39433403563447,161.98142800331127,162.1523066609896,162.1523066609896,6945110
2012-07-02,162.14672170795706,162.4621763660556,161.80427308819242,162.22701501558288,162.22701501558288,7393345
2012-07-03,162.30552327035267,162.48667680049252,161.8540850076439,162.25649074105337,162.25649074105337,11970078
2012-07-04,162.4997996415329,162.74343092850967,161.88572123583742,162.2885143755821,162.2885143755821,4858918
2012-07-05,162.2476384931567,162.55439871253176,161.93297173337325,162.323242782422,162.323242782422,10102835
2012-07-06,162.2335238063552,162.599680940812,161.98647592806128,162.3608328248261,162.3608328248261,21582915
2012-07-09,162.52608950208867,162.89771694881142,162.1833324710649,162.49234139795422,162.49234139795422,4895833
2012-07-10,162.40581534997534,162.8427495494238,162.1774226141817,162.54294661514564,162.54294661514564,3661716
2012-07-11,162.76217919466418,163.0087462782779,162.43776159540735,162.59719778416655,162.59719778416655,4265337
2012-07-12,162.56030119800914,162.8239690073744,162.29658469220064,162.65525176826984,162.65525176826984,9715613
2012-07-13,162.52380200090195,163.03031709740466,162.30501421234362,162.71726543070866,162.71726543070866,19155457
2012-07-16,162.77682942027187,163.08676978803445,162.61079967293145,162.9286331205685,162.9286331205685,18767113
2012-07-17,162.95313341624512,163.1762086288341,162.7389640209804,163.0080541288797,163.0080541288797,12205595
2012-07-18,163.33540377195652,163.54945121012747,162.85041923674015,163.09221913179164,163.09221913179164,12417289
2012-07-19,163.1136518755776,163.3758648500859,162.81414598052726,163.1812849925573,163.1812849925573,10091767
2012-07-20,163.31272086595908,163.60491197145387,162.89091416930177,163.27540857442978,163.27540857442978,11495910
2012-07-23,163.45155353776312,163.87815211236241,163.1432527752509,163.58969427921826,163.58969427921826,9312154
2012-07-24,163.72546559149578,163.97236274638993,163.4405940965385,163.70561737804826,163.70561737804826,5363192
2012-07-25,163.82688419029805,164.2844035761313,163.41510732726042,163.82738251425022,163.82738251425022,18843359
2012-07-26,163.9017216344217,164.11022010522794,163.61430884869444,163.95514655107718,163.95514655107718,15598229
2012-07-27,163.86519515745394,164.46547983420172,163.6371721795227,164.0890663517823,164.0890663517823,5424613
2012-07-30,164.6263719503365,165.17280103123258,164.08721605404182,164.52932896969622,164.52932896969622,11063829
2012-07-31,164.62853599034372,165.03139390272005,164.36219881174398,164.68944045844384,164.68944045844384,16610958
2012-08-01,164.84726301900275,165.32918952612013,164.50806092872463,164.85649202733484,164.85649202733484,9862913
2012-08-02,165.04225449761262,165.19720073187023,164.6223491476113,165.03056251645498,165.03056251645498,7219335
2012-08-03,164.99338873425322,165.5054067706156,164.72803484298166,165.21141867322194,165.21141867322194,16351291
2012-08-06,165.7799571096206,166.21114722133203,165.485698826452,165.79158839190745,165.79158839190745,9089424
2012-08-07,166.11737056092474,166.4006300664453,165.8284507279666,165.99647446176567,165.99647446176567,5844510
2012-08-08,166.39009541427754,166.69868164168727,165.72976709651675,166.20658982052288,166.20658982052288,4501258
2012-08-09,166.34992585428026,166.66105616702086,166.08665993200972,166.42162319242948,166.42162319242948,1847610
2012-08-10,166.73886043816438,167.02016665092745,166.27610291293774,166.64126330173582,166.64126330173582,21455990
2012-08-13,167.4193143625745,167.77442179561154,166.67096268356497,167.3247112965583,167.3247112965583,5264655
2012-08-14,167.59197351970323,167.9093950486642,167.37590615490686,167.55966559796835,167.55966559796835,12954121
2012-08-15,167.70460456972964,168.11216642115164,167.3759967774762,167.79767025803045,167.79767025803045,5049283
2012-08-16,168.01286826998992,168.53265046497867,167.6234982954415,168.038414000995,168.038414000995,8696506
2012-08-17,168.43856781575008,168.64808724013938,168.01997887287544,168.2815855511124,168.2815855511124,10017221
2012-08-20,168.7712215755941,169.6279121773885,168.4508589640878,169.0225542868865,169.0225542868865,4305432
2012-08-21,169.08208870064198,169.46522724327087,168.82215016455305,169.2723243081199,169.2723243081199,12909454
2012-08-22,169.57152121427023,169.72938002997446,169.34463603303098,169.5229657577584,169.5229657577584,7245079
2012-08-23,169.68017190243313,170.00729539844312,169.3072339342987,169.77416736005242,169.77416736005242,10546182
2012-08-24,170.00907812962302,170.26824949477577,169.78095275215662,170.02561783925242,170.02561783925242,16555206
2012-08-27,170.9164832572221,171.78937932504613,169.97094391859372,170.7783497807927,170.7783497807927,11579693
2012-08-28,170.83252256907406,171.38317565440826,170.5375881723461,171.02768301012102,171.02768301012102,7629543
2012-08-29,171.22223126071125,171.61810958898553,170.8776541844143,171.27570873760752,171.27570873760752,21146319
2012-08-30,171.46857248213658,171.71782493102927,171.2184696390833,171.52211568750255,171.52211568750255,7823373
2012-08-31,171.97151079824567,172.23144337235556,171.36328087351006,171.76659258405675,171.76659258405675,8381341
2012-09-03,172.45465140873947,173.3542516392422,171.90230561317782,172.48533019617787,172.48533019617787,7371556
2012-09-04,172.76115100549416,172.89896517968282,172.46296268776211,172.7189741218726,172.7189741218726,4334646
2012-09-05,172.96377727569606,173.3618667112575,172.4314888314543,172.94913161547862,172.94913161547862,4102303
2012-09-06,172.9501578416725,173.52901708906313,172.74659467781515,173.1754914012463,173.1754914012463,6063822
2012-09-07,173.36000484533204,173.58355925131903,173.00691895973694,173.39774220342608,173.39774220342608,4819041
2012-09-10,173.81097244408966,174.63176149424055,173.51080809538993,174.03672795094275,174.03672795094275,6962972
2012-09-11,174.44568811612376,174.57359727845756,174.06462648902834,174.23943006127544,174.23943006127544,12091738
2012-09-12,174.53307678989125,174.6541855920542,174.2680973405202,174.43646680927253,174.43646680927253,6520214
2012-09-13,174.61173084184273,175.1314960435193,174.26713401053868,174.62752691918433,174.62752691918433,8930055
2012-09-14,174.7184951986517,175.2816610971129,174.3752213929293,174.8122991152614,174.8122991152614,6212033
2012-09-17,175.29531120279384,175.9175433231004,174.80498302725496,175.3257754629881,175.3257754629881,28558633
2012-09-18,175.35529355083182,175.81057913036787,175.01450913460803,175.4822832462304,175.4822832462304,17005877
2012-09-19,175.6700569552123,175.9408840099477,175.46055034415494,175.63094673689005,175.63094673689005,7068427
2012-09-20,175.76102957001976,176.16993633026885,175.47788480348171,175.77145465921762,175.77145465921762,9166368
2012-09-21,175.99713376657874,176.26328996590922,175.65760941915858,175.9034957374634,175.9034957374634,4092882
2012-09-24,176.08954452076372,176.42737455651204,175.92154114227802,176.24570515021492,176.24570515021492,7186743
2012-09-25,176.51463646745438,176.68926051451376,176.15525729704473,176.34076609463824,176.34076609463824,5925415
2012-09-26,176.5499269868511,176.883354893045,175.91352036499504,176.42580381623208,176.42580381623208,11598626
2012-09-27,176.53753084157682,176.829575245204,176.25890673078672,176.50050703924683,176.50050703924683,5024298
2012-09-28,176.52296994704406,176.7427373459972,176.0636779514194,176.56456448793296,176.56456448793296,18325835
2012-10-01,176.6595365755811,177.14051753087827,176.37270165085644,176.6897494305239,176.6897494305239,7742522
2012-10-02,176.379781840927,176.94200543577563,176.18349154791204,176.70824447082524,176.70824447082524,5179631
2012-10-03,176.69745433836923,176.97035660418308,176.35068194186715,176.715338036603,176.715338036603,8129674
2012-10-04,176.55411695015977,176.9316814692195,176.20705249438151,176.71151953066004,176.71151953066004,11563218
2012-10-05,176.7724139929416,176.9788369231131,176.53626598661657,176.69727835579965,176.69727835579965,10377525
2012-10-08,176.77340306604813,177.03649402466766,176.16048863137362,176.59691284574495,176.59691284574495,8651462
2012-10-09,176.67333165420334,176.8973267159527,176.05218101346628,176.54587502324603,176.54587502324603,12406955
2012-10-10,176.52887883326972,176.72163331267174,176.27623979729904,176.4868615458453,176.4868615458453,12033407
2012-10-11,176.65473219198063,176.90436105198248,176.22597051987202,176.42036181634597,176.42036181634597,12063480
2012-10-12,176.26455891932875,176.83131157223,176.03092175731703,176.34686523755107,176.34686523755107,6969936
2012-10-15,175.9106677396657,176.5696978173376,175.58554528000144,176.08928843342466,176.08928843342466,6945742
2012-10-16,176.0072000749097,176.2393473323372,175.63384730070678,175.99269848547905,175.99269848547905,7212168
2012-10-17,175.8542116437451,176.2165364074368,175.53842850636326,175.89155870225363,175.89155870225363,6248924
2012-10-18,175.92233514630126,176.30817647326924,175.57605386642493,175.7863584865515,175.7863584865515,8434065
2012-10-19,175.76230376003426,176.1205101769251,175.51918614391042,175.6775872411758,175.6775872411758,7977541
2012-10-22,175.22408484066602,175.50254574708322,174.87864411094742,175.33474135503857,175.33474135503857,18301366
2012-10-23,175.1539672224534,175.39826728452965,175.0266616145943,175.21658001899993,175.21658001899993,6215423
2012-10-24,175.1116706642814,175.42547180338536,174.70663778628247,175.09729466730346,175.09729466730346,4884601
2012-10-25,174.8157075817336,175.4689495657462,174.48381697477058,174.97737470275217,174.97737470275217,11048658
2012-10-26,174.78941606612833,175.2124925954834,174.6233208940321,174.8573095281493,174.8573095281493,8291265
2012-10-29,174.40573851095832,174.84758712795266,174.0920593692092,174.5011367720623,174.5011367720623,5676128
2012-10-30,174.33902405879948,174.5809570822696,174.19961778765708,174.38538478528434,174.38538478528434,11828351
2012-10-31,174.43237339537393,174.66914185647587,173.8941329497483,174.27193460247034,174.27193460247034,6958372
2012-11-01,174.13162730444608,174.61869569829543,173.9445743073225,174.16127562642367,174.16127562642367,17142897
2012-11-02,173.87218309507531,174.34949270707773,173.62814685466245,174.05379584354333,174.05379584354333,4974720
2012-11-05,173.85358372378957,174.18922518887544,173.4835626585516,173.74984919611964,173.74984919611964,5983652
2012-11-06,173.73777915311015,174.16230935615397,173.3290253569923,173.6543008953159,173.6543008953159,8527295
2012-11-07,173.35191621854102,173.7919116191073,173.1867525759754,173.56143772598023,173.56143772598023,15773539
2012-11-08,173.39599446539046,173.81790805388653,173.25262347876568,173.47114059249196,173.47114059249196,5599574
2012-11-09,173.46811893591934,173.6438837009297,172.95721146679102,173.38329039923084,173.38329039923084,9657109
2012-11-12,173.27872798787448,173.57731625052202,172.86737668745417,173.1332305046048,173.1332305046048,4470309
2012-11-13,172.98728415459854,173.41963083660679,172.6575137587985,173.05397711604704,173.05397711604704,12651856
2012-11-14,173.05422228912218,173.3627666831378,172.76339982590022,172.976575189614,172.976575189614,5774950
2012-11-15,172.82153059095072,173.34623261445776,172.49544486505962,172.90090562968513,172.90090562968513,10900709
2012-11-16,172.8365590393529,173.12610559641317,172.624781060665,172.82684934064002,172.82684934064002,11185790
2012-11-19,172.7612946692394,173.10022984802401,172.30363081141738,172.6131691426025,172.6131691426025,3226750
2012-11-20,172.70971767295467,172.89280429713654,172.29951160668688,172.54437498088765,172.54437498088765,8882694
2012-11-21,172.26879518236728,172.68903892291664,172.05030751643926,172.4765986119542,172.4765986119542,6212710
2012-11-22,172.6001007141419,172.81684721183643,172.15967968912793,172.40972094018164,172.40972094018164,10264557
2012-11-23,172.15420747652658,172.7858305540687,171.86940106401082,172.34362286994954,172.34362286994954,5167615
2012-11-26,171.93845006967825,172.41826255570356,171.67147721349312,172.14881531229113,172.14881531229113,5981824
2012-11-27,172.04424074527427,172.54928638678274,171.85877899053415,172.08464469201613,172.08464469201613,14565768
2012-11-28,171.91923183163416,172.5028150416731,171.6440918174731,172.02065819517918,172.02065819517918,14012919
2012-11-29,172.08295037063965,172.21149053248547,171.77030002031702,171.95673672615987,171.95673672615987,4866566
2012-11-30,171.98326541987595,172.40249113983953,171.59672267863422,171.89276118933768,171.89276118933768,19641151
2012-12-03,171.46579728933037,171.90458475764433,171.28758843234684,171.6993192158493,171.6993192158493,2199900
2012-12-04,171.69388889188232,171.86121975764237,171.241789152751,171.63393645161102,171.63393645161102,8906051
2012-12-05,171.6023033051528,171.78869010126843,171.18841800015187,171.5679041414675,171.5679041414675,4208962
2012-12-06,171.70447938828943,171.97742664783314,171.24499445031742,171.5011031897983,171.5011031897983,9632387
2012-12-07,171.6305735776059,171.82325654732182,171.143031601451,171.4334145009829,171.4334145009829,7018993
2012-12-10,171.17670723636198,171.43262464740107,171.03271325760068,171.22383105545532,171.22383105545532,4809638
2012-12-11,171.22320958035456,171.4636968586571,170.7389344998044,171.15140046185067,171.15140046185067,5533048
2012-12-12,171.16494816900956,171.45251003429536,170.74248845430378,171.07748665299755,171.07748665299755,5398529
2012-12-13,170.9991999044473,171.1858446050594,170.59354808826296,171.00197053327537,171.00197053327537,8311447
2012-12-14,171.1443843517527,171.39530150932947,170.681544475787,170.92473300706382,170.92473300706382,13024137
2012-12-17,170.71276154653535,171.12315092531375,170.4115989142601,170.6815010332877,170.6815010332877,21302971
2012-12-18,170.71020534715,170.9307148264258,170.32291704616958,170.59618692491364,170.59618692491364,7344813
2012-12-19,170.59841766153642,171.00831069368598,170.34588069927335,170.50855593194774,170.50855593194774,9289164
2012-12-20,170.38265210382633,170.7213734079839,170.14305850609088,170.41848895876961,170.41848895876961,14476829
2012-12-21,170.17275830705725,170.83116102074945,169.8852441789982,170.32586690975873,170.32586690975873,6391527
2012-12-24,170.17868597456945,170.4229992764599,169.55805613973888,170.03147935152492,170.03147935152492,5408107
2012-12-25,169.87326995879621,170.30686168835288,169.58958636031534,169.92744604297832,169.92744604297832,21192645
2012-12-26,169.77406985394518,170.0322836745006,169.50498176819207,169.82026218049668,169.82026218049668,7312298
2012-12-27,169.82719903512756,170.1768582576157,169.54608423636012,169.7098086684594,169.7098086684594,8918341
2012-12-28,169.69274966000424,169.9008538871991,169.13020007193393,169.59596641124614,169.59596641124614,3587688
2012-12-31,169.22890027748264,169.45813261560025,169.06458409423942,169.23291621234537,169.23291621234537,6156665
2013-01-01,169.02855962478878,169.26099908444593,168.6166353353427,169.1043280182232,169.1043280182232,20553084
2013-01-02,169.10453727264692,169.32252501067384,168.64615764716294,168.9718261929191,168.9718261929191,10082938
2013-01-03,168.84881475925235,169.17458877727972,168.5624579868223,168.8356446012951,168.8356446012951,7886092
2013-01-04,168.6058355478319,169.10275367694982,168.21684594968838,168.69608770030942,168.69608770030942,16059479
2013-01-07,168.55879967948854,168.86380089090065,168.05290154358102,168.2602097107669,168.2602097107669,3514484
2013-01-08,168.13221598050697,168.28952833713714,167.75363571384284,168.11019614191886,168.11019614191886,6501720
2013-01-09,168.08662851780255,168.36749999513,167.6135516932231,167.9583295485012,167.9583295485012,24951545
2013-01-10,167.7385263985843,168.02198096541355,167.5766035781114,167.8049143874724,167.8049143874724,7802601
2013-01-11,167.87239120789573,168.1032749093772,167.3483734028947,167.65025511579074,167.65025511579074,7775660
2013-01-14,167.15850489801178,167.79546628505037,166.6502830956095,167.1818572064131,167.1818572064131,14425744
2013-01-15,167.02099655993766,167.36527386486287,166.6198998308447,167.0252660617043,167.0252660617043,14935925
2013-01-16,167.08433310434214,167.268021840635,166.71851982828272,166.8689530911347,166.8689530911347,4173138
2013-01-17,166.48925206564755,166.97331792506574,166.23519055657573,166.7132227516627,166.7132227516627,9908816
2013-01-18,166.68628601121438,166.87308366140633,166.35093049193037,166.55837950024667,166.55837950024667,19246646
2013-01-21,166.28708864078175,166.7010301125528,165.78506544366292,166.10221684391868,166.10221684391868,5800241
2013-01-22,166.09636931971116,166.26338053459463,165.71278657134124,165.9539665143107,165.9539665143107,6640758
2013-01-23,165.79228874664943,166.08193717592536,165.64572938405385,165.8081255575507,165.8081255575507,8116109
2013-01-24,165.70921844533518,165.98603170821067,165.47309052930046,165.6649984305971,165.6649984305971,11320485
2013-01-25,165.65196780226796,165.96176330977198,165.03305971938198,165.52488959040832,165.52488959040832,3918108
2013-01-28,164.9780157734756,165.44584089480253,164.81397279981556,165.12571736001476,165.12571736001476,1687381
2013-01-29,164.93384512899584,165.20943554710672,164.81227357920855,165.00072623646915,165.00072623646915,8910125
2013-01-30,165.12737299253314,165.27520177531943,164.69483786422393,164.88027568448038,164.88027568448038,14330361
2013-01-31,164.6918181993271,165.19875162248346,164.3674446309008,164.7646701610068,164.7646701610068,6844612
2013-02-01,164.67287191499165,164.8372007240865,164.2105378335362,164.65421412300682,164.65421412300682,5895808
2013-02-04,164.27502078662704,164.58285274733288,164.1155444623542,164.35214578331434,164.35214578331434,7359252
2013-02-05,164.2554142375848,164.4557768350889,164.10392571578595,164.2589713975198,164.2589713975198,17782496
2013-02-06,164.2521167234021,164.4360483541256,163.94368024156384,164.16834281921928,164.16834281921928,5738287
2013-02-07,164.18446168991701,164.38238068884553,163.91238799184165,164.07953301467813,164.07953301467813,10639597
2013-02-08,164.12683008000826,164.39729050278737,163.8086148777461,163.99181495016194,163.99181495016194,4493608
2013-02-11,163.775670785419,164.09917921805484,163.4322208471983,163.727940859418,163.727940859418,4602450
2013-02-12,163.8052903635527,163.99796788642956,163.4110370558059,163.6373194176564,163.6373194176564,12206432
2013-02-13,163.43753145508032,163.81236489806633,163.21976694991406,163.5441545472473,163.5441545472473,18112932
2013-02-14,163.52935069632923,163.88364079686878,163.21360701797263,163.44771921445613,163.44771921445613,12477694
2013-02-15,163.13271853458318,163.6559642510911,162.87764197445412,163.3472863855482,163.3472863855482,2864881
2013-02-18,163.07343893655758,163.50626711703805,162.54874450912578,163.01473258477967,163.01473258477967,6484854
2013-02-19,162.81474622626416,163.25456312086837,162.55054946380386,162.89103943406025,162.89103943406025,9015091
2013-02-20,162.68273264979214,162.9493540684803,162.4920893866805,162.75971361855156,162.75971361855156,8241881
2013-02-21,162.66100683483415,162.99730215952482,162.34350763422142,162.6200281045192,162.6200281045192,3063640
2013-02-22,162.32776465347743,162.72840210961175,162.1845119968481,162.4712558582287,162.4712558582287,4182226
2013-02-25,161.70493318163176,162.55796112396416,161.34632711422287,161.96314838846274,161.96314838846274,5357842
2013-02-26,161.7494060788017,161.9400109516957,161.47173502841588,161.77075887579434,161.77075887579434,7734102
2013-02-27,161.42721686874555,161.7703916934267,161.12956030961348,161.56564746219516,161.56564746219516,3041709
2013-02-28,161.49632106592742,161.7822479918578,160.88198815382262,161.3470871139307,161.3470871139307,10800085
2013-03-01,161.1427239895232,161.33621767535698,160.85568381409954,161.1143507972665,161.1143507972665,7636583
2013-03-04,159.9880579782507,161.372089012227,159.516694002454,160.33069753397584,160.33069753397584,4748552
2013-03-05,160.09852787053364,160.28131897359268,159.86743092912857,160.0434176683856,160.0434176683856,8813062
2013-03-06,159.70276999859644,160.10387715905165,159.53342383768583,159.74444385189693,159.74444385189693,3893974
2013-03-07,159.57396935230196,159.81047983622537,159.15265367243572,159.4345783473189,159.4345783473189,7794346
2013-03-08,159.29621731421346,159.4308308722601,158.90136934474594,159.1146234174604,159.1146234174604,3251390
2013-03-11,157.83243727991464,158.8823596567081,156.71489254260297,158.10224470429185,158.10224470429185,3497502
2013-03-12,157.80152397204466,157.98714331506676,157.53287340121562,157.74995470140124,157.74995470140124,6375218
2013-03-13,157.24557899320934,157.56534094535562,157.05886191115204,157.39158658727504,157.39158658727504,5591838
2013-03-14,156.94928559028625,157.3076370953094,156.63303102606156,157.02794262472221,157.02794262472221,9694763
2013-03-15,156.8038980466367,157.07794069248533,156.22675057205825,156.65982507655175,156.65982507655175,7925719
2013-03-18,155.43682954551147,157.14865185657763,154.57946111721887,155.5366535464241,155.5366535464241,22865731
2013-03-19,155.03822774807753,155.67453068879203,154.64363349384968,155.15866428387272,155.15866428387272,7006656
2013-03-20,154.79574253995102,155.25493024951862,154.38407424206522,154.78021274974856,154.78021274974856,1536852
2013-03-21,154.55922059288463,154.88527849467582,154.05745889933576,154.40210120686052,154.40210120686052,2892936
2013-03-22,154.10439009878516,154.45798092845928,153.82888070133845,154.02513191801768,154.02513191801768,4399004
2013-03-25,153.1858408447317,153.71632728244128,151.86234733924812,152.90910020384965,152.90910020384965,43454350
2013-03-26,152.3607129064913,153.0557821672141,152.06674193710202,152.54472255927706,152.54472255927706,7854447
2013-03-27,152.14389496809824,152.60013967228863,151.79205182215955,152.1854984827945,152.1854984827945,13925300
2013-03-28,151.86902144023293,152.19908612010676,151.36458412812533,151.83223023721087,151.83223023721087,13237399
2013-03-29,151.34315672034043,151.6820315804047,151.15005145503306,151.4857200853352,151.4857200853352,4246044
2013-04-01,150.7814812047924,151.40585701432167,149.92556889020753,150.49476082004554,150.49476082004554,3263757
2013-04-02,150.18303848028728,150.4739954808635,150.03836036426537,150.18308039304068,150.18308039304068,11029772
2013-04-03,149.82721879921053,150.29122750107126,149.6485649432179,149.88081770548447,149.88081770548447,2635873
2013-04-04,149.43854218364962,149.89377260024787,149.23353241893858,149.58742335188185,149.58742335188185,13043254
2013-04-05,149.37478471876506,149.555988899611,148.9202017294289,149.30234792673775,149.30234792673775,7545217
2013-04-08,148.82836010602054,149.68800033356604,147.8748898079051,148.49154116710505,148.49154116710505,10885903
2013-04-09,148.24183885552844,148.40212464953373,147.94654351772272,148.23424740084363,148.23424740084363,9310685
2013-04-10,147.9385224763251,148.24702235407077,147.71847296062236,147.98252553556512,147.98252553556512,9562563
2013-04-11,147.69748854543457,147.88182636454573,147.4755011845425,147.73582616577437,147.73582616577437,8429056
2013-04-12,147.57092963084798,147.85551948279263,147.2891984915472,147.49359988597624,147.49359988597624,9209563
2013-04-15,147.39325288338486,147.78559446989888,146.36986848552175,146.7882655315866,146.7882655315866,8186480
2013-04-16,146.62208200666717,146.77652800090974,146.3659995906695,146.55843755680795,146.55843755680795,4019690
2013-04-17,146.51644163640293,146.72579594052021,146.1816350482164,146.3303356445463,146.3303356445463,6569989
2013-04-18,146.02406781271037,146.32456102675863,145.91112740808111,146.10341038930662,146.10341038930662,23672804
2013-04-19,146.02872681858508,146.28740888131864,145.74300436365507,145.8771123855937,145.8771123855937,9360507
2013-04-22,145.21536131241572,146.04159211518845,144.44193293348366,145.19648782866494,145.19648782866494,14163472
2013-04-23,145.17041030618446,145.3427139400492,144.740419769025,144.9672047761082,144.9672047761082,4893314
2013-04-24,144.52248690549442,144.87153717521235,144.309757077389,144.73580194760268,144.73580194760268,4850904
2013-04-25,144.54809974282196,144.92394979521524,144.31289423790264,144.50172993765327,144.50172993765327,4382920
2013-04-26,144.2962151707415,144.61442618100963,144.02983073927035,144.26443934076488,144.26443934076488,4110550
2013-04-29,143.35639051270638,144.0949951851237,142.91946300147805,143.5277619735146,143.5277619735146,3554599
2013-04-30,143.3010489075179,143.65058901403788,143.1406152676528,143.27210297391903,143.27210297391903,8989424
2013-05-01,143.0328874968369,143.2237348010657,142.62973631468896,143.01047835990886,143.01047835990886,6696145
2013-05-02,142.88389969439848,143.1325821022648,142.604438938564,142.7424978218343,142.7424978218343,12393708
2013-05-03,142.4478487781803,142.63031121286994,142.058899426851,142.4684074334264,142.4684074334264,6849963
2013-05-06,141.89352117284295,142.62986858544974,140.42808749556778,141.61352886196738,141.61352886196738,2405653
2013-05-07,141.2547035531362,141.6187509599396,141.0209511789127,141.3190507679906,141.3190507679906,9986657
2013-05-08,140.96161754367958,141.18510422544432,140.7157238419929,141.02048867156267,141.02048867156267,2898619
2013-05-09,140.53697156615502,140.931021886664,140.3747609547324,140.71824774226002,140.71824774226002,8905229
2013-05-10,140.43633662196126,140.55419381112384,140.15108968494047,140.41273314965903,140.41273314965903,5439911
2013-05-13,139.30082558715188,140.358861732742,138.42767592728126,139.48059908783034,139.48059908783034,8986258
2013-05-14,139.18727402807016,139.40709596076434,139.0097042938889,139.16604153780028,139.16604153780028,3886979
2013-05-15,138.89111522028762,139.19076131600082,138.6902018006612,138.85023617235404,138.85023617235404,11805957
2013-05-16,138.4964522008464,138.7749055148712,138.2390763977636,138.53358816106797,138.53358816106797,8151861
2013-05-17,138.10440659346122,138.4590461404983,137.8908230860415,138.21650267351862,138.21650267351862,6735149
2013-05-20,137.0392782411799,138.43529864276167,135.95381044733708,137.26667304905445,137.26667304905445,3428306
2013-05-21,136.99261185718404,137.1094543246731,136.7756439543208,136.9518893522159,136.9518893522159,19780744
2013-05-22,136.79383536329408,137.07655353958646,136.22722417129316,136.638694026996,136.638694026996,5083729
2013-05-23,136.37100937580146,136.74602038586127,136.11881597876058,136.32749224297135,136.32749224297135,9124033
2013-05-24,136.05342514567482,136.3741816981209,135.75194883288677,136.01868916971827,136.01868916971827,4977869
2013-05-27,135.55744445546415,136.08486408266918,134.40030233119197,135.11072391035287,135.11072391035287,52888532
2013-05-28,134.74282637497816,135.22492517507055,134.5587330697294,134.81556737595042,134.81556737595042,8620578
2013-05-29,134.60101095669486,134.7122402690119,134.34806446494406,134.5248354002017,134.5248354002017,5883181
2013-05-30,134.11451843102572,134.39129549806924,133.9591067344419,134.2389331526831,134.2389331526831,10830009
2013-05-31,133.92537541186053,134.15514992918995,133.59572084944122,133.95826580297108,133.95826580297108,11640290
2013-06-03,133.37438592889316,134.18757120091124,132.41486037063657,133.15172483643858,133.15172483643858,9744870
2013-06-04,132.84263859119665,133.02533105467495,132.6395210578263,132.89604877371704,132.89604877371704,6805171
2013-06-05,132.72514462430232,132.9293630164112,132.29181786233426,132.64763345668413,132.64763345668413,9971142
2013-06-06,132.3053867477837,132.8028360881253,132.091395253933,132.40688405491633,132.40688405491633,7402151
2013-06-07,132.1781193536764,132.53067452142204,131.9191155668426,132.17420573799006,132.17420573799006,7899464
2013-06-10,131.6392520761023,132.1726034490366,131.06347343404101,131.52864899202464,131.52864899202464,5401817
2013-06-11,131.2965649256274,131.46805781184517,130.97004674523075,131.3323067102287,131.3323067102287,3848653
2013-06-12,131.092624811963,131.4930586764379,130.86911460461715,131.14606136115637,131.14606136115637,10602237
2013-06-13,131.09214958680317,131.25293305278234,130.79162090510368,130.97031811438413,130.97031811438413,10832941
2013-06-14,130.76719631905766,130.95477819221156,130.61383229366896,130.80548213948836,130.80548213948836,15298593
2013-06-17,130.10044776828775,130.61361026562713,129.83080510845642,130.38046954182414,130.38046954182414,8196431
2013-06-18,130.4458403400883,130.62938244218913,130.13400121809744,130.2633143501985,130.2633143501985,7181976
2013-06-19,129.9741562652601,130.45915070881253,129.77077647638882,130.1590922783315,130.1590922783315,3953238
2013-06-20,130.16732728880544,130.41178396491003,129.91554242829793,130.0682084957995,130.0682084957995,7843456
2013-06-21,129.85165131078367,130.34800488644575,129.6567644351193,129.99106817217893,129.99106817217893,9578687
2013-06-24,129.83459100954414,130.11893032686208,129.6216519833686,129.84615965055013,129.84615965055013,3220614
2013-06-25,129.85720643468056,130.08596609986373,129.577002342047,129.82804485833958,129.82804485833958,13652910
2013-06-26,129.78091211686444,130.05989163546403,129.46876098152967,129.82569937292257,129.82569937292257,5603675
2013-06-27,129.80581678461354,130.04280354990127,129.610087180712,129.83952836387556,129.83952836387556,7252827
2013-06-28,129.8382072051786,130.1053459391964,129.60646506962576,129.86993700077494,129.86993700077494,10786839
2013-07-01,130.1009464624002,130.39312498697714,129.9341687542765,130.06469248291572,130.06469248291572,7970800
2013-07-02,130.23837334136851,130.4469217355792,130.04744866502494,130.16523905511855,130.16523905511855,16137118
2013-07-03,130.49526858453703,130.64444103225222,130.09876650994127,130.28299705567176,130.28299705567176,10955532
2013-07-04,130.47956930665342,130.65578385944033,130.11320716989326,130.41697758867355,130.41697758867355,7428139
2013-07-05,130.55568241548028,130.85015861693833,130.41543268546806,130.56619175822217,130.56619175822217,1680878
2013-07-08,131.02982771347715,131.6842298133501,130.79401957227932,131.0953471271316,131.0953471271316,13164645
2013-07-09,131.4316758226447,131.5769161298801,131.064130460536,131.29560688385007,131.29560688385007,4435600
2013-07-10,131.52187635124102,131.81855273733174,131.20889168447434,131.5061557976066,131.5061557976066,12248138
2013-07-11,131.66981160344477,131.91023831766987,131.4104749305618,131.72600497249948,131.72600497249948,10221937
2013-07-12,132.0606360570336,132.2149021844687,131.78595741311537,131.95416551262693,131.95416551262693,7243094
2013-07-15,132.61462853325148,133.08391587814558,132.29207755968022,132.6786263653993,132.6786263653993,12885300
2013-07-16,132.8470444500994,133.15711814295804,132.54799134195798,132.93014340744756,132.93014340744756,10380836
2013-07-17,133.32199472199835,133.4412887587394,132.9922554061174,133.1850273352216,133.1850273352216,9427422
2013-07-18,133.47109898918518,133.7451593395773,133.083058921142,133.4422892528198,133.4422892528198,3391519
2013-07-19,133.58331580484716,134.08815359108874,133.33816521854445,133.70094026434026,133.70094026434026,8160991
2013-07-22,134.07288913273464,135.31221882792352,133.49870704992938,134.47533890341805,134.47533890341805,4297478
2013-07-23,134.73693378195418,135.06130074560141,134.56063216267404,134.72965733161024,134.72965733161024,4624982
2013-07-24,135.01830262979945,135.2454083641698,134.62599107236733,134.9804203742161,134.9804203742161,6678345
2013-07-25,135.14177345200926,135.52841340030838,134.88648650777552,135.22663913533367,135.22663913533367,16629035
2013-07-26,135.28873070226066,135.60942420617616,135.17564754597126,135.4673247190613,135.4673247190613,9603589
2013-07-29,136.3461530533918,136.63318949882316,135.60036040068462,136.14629344688709,136.14629344688709,9925187
2013-07-30,136.29912335881383,136.58129179616344,136.15706976637355,136.35495736203745,136.35495736203745,11759423
2013-07-31,136.50134234230177,136.81153440077557,136.39529264535656,136.55314362028906,136.55314362028906,5166013
2013-08-01,136.6199159567962,136.87603740949757,136.4704188142667,136.73986332574032,136.73986332574032,3637281
2013-08-02,136.7900448117655,137.07781298525822,136.62283318720083,136.91433034629395,136.91433034629395,3328261
2013-08-05,137.31816451544913,137.69927044123202,136.9922059103855,137.36527558500282,137.36527558500282,8979795
2013-08-06,137.70366132136604,137.89645480397965,137.23120256000135,137.49219768000873,137.49219768000873,13102291
2013-08-07,137.68818575893647,137.82740124398555,137.37890864438234,137.60780276094306,137.60780276094306,12626735
2013-08-08,137.67699006264763,137.97566388403203,137.40300112436373,137.71231851473178,137.71231851473178,5279955
2013-08-09,137.67874009570744,137.9867472193382,137.42112955932237,137.80597262830113,137.80597262830113,15755496
2013-08-12,138.1018126527598,138.32529853653116,137.8523079911773,138.02404199695368,138.02404199695368,22219330
2013-08-13,138.00541657026375,138.28218239587073,137.8416639775337,138.07652641890638,138.07652641890638,10840156
2013-08-14,138.05061891529084,138.30363329584935,137.95412126681998,138.11928763527024,138.11928763527024,16828625
2013-08-15,138.26417543681487,138.4267588689347,137.8469071220718,138.15255333297137,138.15255333297137,12379221
2013-08-16,137.99925842132674,138.30250771692798,137.8406953949861,138.1765511989358,138.1765511989358,7131943
2013-08-19,137.98247075319804,138.3218145474167,137.8003886341677,138.1952146756704,138.1952146756704,5738229
2013-08-20,138.1703263468917,138.37235504162774,137.97912702248817,138.1844180839494,138.1844180839494,3571202
2013-08-21,138.03072502627623,138.30049565076052,137.76544171464596,138.16549209512223,138.16549209512223,6404880
2013-08-22,138.073322189663,138.29432651420325,137.99598765407663,138.13866439611516,138.13866439611516,7106613
2013-08-23,137.97401839433795,138.3267323593647,137.80498360561822,138.10416267385415,138.10416267385415,7185591
2013-08-26,138.03457028152286,138.31356810947938,137.81617714578405,137.95689023680907,137.95689023680907,7562114
2013-08-27,137.9091828952674,138.18372618508485,137.51104797059173,137.89396929079376,137.89396929079376,2541089
2013-08-28,137.74737304996287,138.0969369946607,137.54712727687115,137.8245127561551,137.8245127561551,11810114
2013-08-29,137.67412014146143,137.95762040119683,137.43115046156558,137.74874831981919,137.74874831981919,12515713
2013-08-30,137.7031064005485,138.06017434603993,137.30259501955177,137.66690366871222,137.66690366871222,9630711
2013-09-02,137.5035495874846,137.6296609223808,137.2171329969393,137.38716529602587,137.38716529602587,4458305
2013-09-03,137.265627035792,137.43194000292243,137.14859595635042,137.28327665509562,137.28327665509562,9611251
2013-09-04,137.01254068092163,137.4756593266753,136.79781315997238,137.17444623402486,137.17444623402486,8090953
2013-09-05,137.02997607559766,137.21702239629388,136.8469003407041,137.06090171973963,137.06090171973963,10141976
2013-09-06,137.02119548940559,137.16539866419265,136.78253045740627,136.94287079916612,136.94287079916612,17374486
2013-09-09,136.42968734408993,136.93634995433936,136.2074125499013,136.56413646897676,136.56413646897676,7317048
2013-09-10,136.4448269859874,136.80369236350734,136.1362323649879,136.4304367925111,136.4304367925111,8760073
2013-09-11,136.26424074839304,136.55731418050146,136.16186080829866,136.29338914438765,136.29338914438765,5192736
2013-09-12,136.09200135636874,136.47655017617333,135.95208466076772,136.15322121153253,136.15322121153253,12683217
2013-09-13,136.14267787736358,136.41613949886246,135.87838319230062,136.0101606808719,136.0101606808719,11368085
2013-09-16,135.43221385325552,135.8271536775815,135.16990798539206,135.5659003713179,135.5659003713179,8914880
2013-09-17,135.42480093378663,135.61354348771093,135.03713592159312,135.4135463186962,135.4135463186962,4725040
2013-09-18,135.2083347924164,135.49324888756794,134.8585872812459,135.25943810289957,135.25943810289957,5684765
2013-09-19,135.06075138006216,135.34507707566735,134.8014681381772,135.103803410854,135.103803410854,3202117
2013-09-20,134.96355431334607,135.18480072834475,134.7796114947876,134.94686992948573,134.94686992948573,5651326
2013-09-23,134.46915459485737,135.138821379136,133.8031668973088,134.4705536187054,134.4705536187054,11405836
2013-09-24,134.203308412201,134.632976154777,134.04421324197222,134.31070184930715,134.31070184930715,9750537
2013-09-25,134.3042264234624,134.44268224386087,133.98664039431094,134.15068972521675,134.15068972521675,8664944
2013-09-26,134.0509918534096,134.19838807375007,133.61079729248414,133.9907449333602,133.9907449333602,16803565
2013-09-27,133.731276134115,134.18306556184493,133.49776405854107,133.8310951606637,133.8310951606637,9315749
2013-09-30,133.17110590887933,134.04613736622034,132.77762380774857,133.35619282679534,133.35619282679534,5994630
2013-10-01,133.0966505910737,133.54958558359493,132.8817479735346,133.2,133.2,5637687
2013-10-02,133.04125722335775,133.1653801556571,132.86948758005596,133.04520219123802,133.04520219123802,7124817
2013-10-03,132.98959117211143,133.18903990629389,132.71334601771008,132.8918349086498,132.8918349086498,6387506
2013-10-04,132.72851204824516,132.87361531118776,132.42856504387655,132.73989522461835,132.73989522461835,12883305
2013-10-07,132.38042235026384,132.614874145001,131.98814315339598,132.29261248769612,132.29261248769612,9876568
2013-10-08,132.0842846094931,132.28180418170308,131.90568758606108,132.14635392172312,132.14635392172312,6818264
2013-10-09,132.0118925474791,132.2876836857652,131.6659335757207,132.0015083162226,132.0015083162226,6949290
2013-10-10,131.90527135328742,132.16686309683925,131.52232249497473,131.85807274357757,131.85807274357757,11370956
2013-10-11,131.67170110329985,131.86625641950934,131.47212595615534,131.7160442761712,131.7160442761712,13262129
2013-10-14,131.19797438960862,131.65465936092727,130.76300043533308,131.29837222921535,131.29837222921535,3182734
2013-10-15,131.15228385435304,131.4056544757838,130.8129071032573,131.16194290659485,131.16194290659485,7343644
2013-10-16,131.00247012668694,131.24637760535592,130.7288160299016,131.02690605112858,131.02690605112858,8374465
2013-10-17,130.90236798711192,131.04432951713545,130.71266605354322,130.8932587351997,130.8932587351997,10522446
2013-10-18,130.80491621663154,130.993725194872,130.56807001982475,130.7609980311914,130.7609980311914,8464980
2013-10-21,130.54747944288064,130.85374535880692,130.06925620202824,130.37250631452062,130.37250631452062,9806461
2013-10-22,130.2599072220025,130.3824057081334,130.09659379129513,130.2457627820255,130.2457627820255,7106159
2013-10-23,130.09729020137593,130.25940899054882,129.92864123426062,130.12039122336648,130.12039122336648,5346868
2013-10-24,130.05148733297742,130.21023533295624,129.822194801782,129.99638871092674,129.99638871092674,11840656
2013-10-25,129.9245518262459,130.2474801429997,129.63268190812542,129.87375231708933,129.87375231708933,12029891
2013-10-28,129.34994845754846,129.92843352262244,129.00898373014493,129.51401057102248,129.51401057102248,11082401
2013-10-29,129.36370809811527,129.69768373058957,129.25196146576374,129.39680937542568,129.39680937542568,12113698
2013-10-30,129.2481015472313,129.49557018788633,128.96906124696955,129.28095966034687,129.28095966034687,4921324
2013-10-31,129.18004898510873,129.44373854091168,128.8637834710221,129.1664584981691,129.1664584981691,6207287
2013-11-01,129.10330106840289,129.1721966057403,128.91120445782965,129.05330296127562,129.05330296127562,14004446
2013-11-04,128.61400353490575,129.09236055370633,128.25204800959673,128.72202805654496,128.72202805654496,9559716
2013-11-05,128.6275542679844,128.9768504331814,128.34513569371256,128.61442750481578,128.61442750481578,8227853
2013-11-06,128.46809406141335,128.78925988489144,128.294473688766,128.50828881176506,128.50828881176506,7053296
2013-11-07,128.2754129307621,128.7547958157741,128.08407964061186,128.40364176764567,128.40364176764567,15080325
2013-11-08,128.43094149629346,128.61104747233557,128.11570344373757,128.30051616271032,128.30051616271032,3300997
2013-11-11,127.84446402745793,128.1735131172016,127.64716886957203,128.00056588553687,128.00056588553687,9267169
2013-11-12,128.04600569196904,128.26133456216272,127.77804414618629,127.90382393986586,127.90382393986586,7737942
2013-11-13,127.74944690152847,127.94161368197558,127.46842875003685,127.80875238464283,127.80875238464283,4276707
2013-11-14,127.71979197321828,127.97353615735712,127.48023671519324,127.71538101012077,127.71538101012077,17953087
2013-11-15,127.63997377615715,127.7766951218766,127.33823826641253,127.62373960655228,127.62373960655228,2083685
2013-11-18,127.32192523797406,127.4816521434442,127.17919782553818,127.35949312409673,127.35949312409673,8500023
2013-11-19,127.18475476829614,127.50241739299021,126.97955527625085,127.27506950687078,127.27506950687078,10419431
2013-11-20,127.23057410622431,127.38580472650362,126.87178283958201,127.19252481186246,127.19252481186246,4913129
2013-11-21,127.20124757277661,127.35602005482201,126.87117098317015,127.11188882932456,127.11188882932456,9189593
2013-11-22,126.9358283485311,127.30150066340721,126.75407064994853,127.03319134950988,127.03319134950988,7150629
2013-11-25,126.66842780014993,126.934803623378,126.57338058566347,126.80902782893293,126.80902782893293,13111191
2013-11-26,126.53350584578651,126.88518420771285,126.38635476165997,126.73838226253899,126.73838226253899,46352707
2013-11-27,126.62357872430609,126.93242957352184,126.42338480515153,126.66982415013224,126.66982415013224,9475773
2013-11-28,126.66529965231025,126.80856323760074,126.26563099266923,126.60338328196546,126.60338328196546,10820747
2013-11-29,126.54806303478496,126.84673942204,126.21225931224781,126.53908944829143,126.53908944829143,4912895
2013-12-02,126.35918334120623,126.64620017046123,126.13673521766094,126.35938805675387,126.35938805675387,8907031
2013-12-03,126.4852498161125,126.64194055904119,126.12927944839271,126.30398026357884,126.30398026357884,6638829
2013-12-04,126.27668631836825,126.54809266138109,126.02957940855963,126.25086845616059,126.25086845616059,11808822
2013-12-05,126.09583132007432,126.42760290748166,125.86753807862998,126.20008242475181,126.20008242475181,3921294
2013-12-06,126.31336934492896,126.44346973373935,125.97781140993163,126.15165195960536,126.15165195960536,4677136
2013-12-09,126.06446888628015,126.20708845959855,125.76858439605654,126.02079186426792,126.02079186426792,14432046
2013-12-10,126.00550722418274,126.17650446570372,125.65543482615904,125.98208156669877,125.98208156669877,8885632
2013-12-11,126.0067172090774,126.26790287145653,125.73903453507847,125.94587578665585,125.94587578665585,15507966
2013-12-12,125.96077627750918,126.14356559552907,125.62907306535249,125.91220431439204,125.91220431439204,9595688
2013-12-13,125.87358276631228,126.20544201279003,125.70287117174668,125.88109694016008,125.88109694016008,10322552
2013-12-16,125.914961164226,126.13395393350855,125.6613639593221,125.80345730818354,125.80345730818354,6853022
2013-12-17,125.95158543488374,126.12262887332786,125.45986770949963,125.78290422860708,125.78290422860708,7261800
2013-12-18,125.8213433017367,126.12034220359723,125.62573737046709,125.76506419832648,125.76506419832648,12957182
2013-12-19,125.83165186290412,125.97695437014801,125.56512701418444,125.74996700759452,125.74996700759452,7447093
2013-12-20,125.6642919850249,125.93500280504533,125.39868773867462,125.73764244666398,125.73764244666398,14457441
2013-12-23,125.64023644975639,125.98445281160339,125.51298629801423,125.71760244520902,125.71760244520902,7572435
2013-12-24,125.71364709484179,125.92780268105618,125.3466324695753,125.71666630601223,125.71666630601223,4435417
2013-12-25,125.56200554137682,125.99048762554018,125.34684611406608,125.71865174788081,125.71865174788081,4237880
2013-12-26,125.81309627496209,126.02302824282063,125.53960722092843,125.72358856106763,125.72358856106763,7341722
2013-12-27,125.73019589025168,126.02642871187956,125.60752844734405,125.73150653582545,125.73150653582545,12645626
2013-12-30,125.84409381989678,125.9855699276768,125.47402493054751,125.77344533205282,125.77344533205282,5736765
2013-12-31,125.71548087441523,125.95087896342005,125.56123608873723,125.7935858556226,125.7935858556226,11534410
2014-01-01,125.81025021179701,126.04384414365525,125.67700086835428,125.81685649202733,125.81685649202733,8413261
2014-01-02,125.68495890258687,125.99421135568322,125.5430323266191,125.84326893587392,125.84326893587392,10832451
2014-01-03,126.09111448121483,126.22132982812782,125.75123646188214,125.87276249918563,125.87276249918563,6921260
2014-01-06,125.96769887414253,126.18382699838591,125.63534545905493,125.97894206968523,125.97894206968523,8766577
2014-01-07,126.05884538336568,126.17426677710982,125.86986102504717,126.01997227463113,126.01997227463113,12791912
2014-01-08,126.05012664910102,126.18388388250827,125.9165286093486,126.06368968092899,126.06368968092899,7931608
2014-01-09,126.16665322296043,126.39454832832146,125.94999301493837,126.11001550495612,126.11001550495612,6153457
2014-01-10,125.9892480811213,126.4411507892529,125.7909211280397,126.15887096309,126.15887096309,3223825
2014-01-13,126.28807287362235,126.5238677754352,126.02226129017978,126.31982730590522,126.31982730590522,10487748
2014-01-14,126.22308299925791,126.51078556907142,126.05159419245446,126.3780134642395,126.3780134642395,5439103
2014-01-15,126.54536105345241,126.66089471108391,126.21896059485883,126.43833533856723,126.43833533856723,6166719
2014-01-16,126.5566553201896,126.69724018229462,126.29752152210351,126.50071414526583,126.50071414526583,4683346
2014-01-17,126.60344292613811,126.85894929071817,126.38883981824202,126.5650711007127,126.5650711007127,7130626
2014-01-20,126.69567949763842,127.04458307006854,126.52717483069198,126.76922302331634,126.76922302331634,22833151
2014-01-21,126.88316597697319,127.0519765551912,126.5795599778086,126.84070473752976,126.84070473752976,9539691
2014-01-22,126.77265360638714,127.08606556388705,126.6311683407406,126.91377068237826,126.91377068237826,5797185
2014-01-23,126.99871637091742,127.36611658553481,126.80548535603963,126.98834207423918,126.98834207423918,6368027
2014-01-24,126.91136916493983,127.29984161007798,126.69684800329111,127.06434012948992,127.06434012948992,3896492
2014-01-27,127.38245660200556,127.59867304044592,127.1401547662885,127.30010643935451,127.30010643935451,4545490
2014-01-28,127.34604662250229,127.53326417268207,127.00806802286834,127.38102331193804,127.38102331193804,4198314
2014-01-29,127.49223613870456,127.70766848959464,127.34427968252524,127.4629729297982,127.4629729297982,9157814
2014-01-30,127.40916115766858,127.66804340782178,127.30221746449868,127.54587650931232,127.54587650931232,10002124
2014-01-31,127.64465724103003,127.87999518774673,127.4254385703803,127.62965526685781,127.62965526685781,8316494
2014-02-03,128.03024795217937,128.2594894824481,127.64971517026066,127.88545477145597,127.88545477145597,9624980
2014-02-04,127.87912230337983,128.19037328651837,127.70341063361138,127.97194640490045,127.97194640490045,5453949
2014-02-05,127.95544047555138,128.18465927880885,127.82652600954509,128.05891929826313,128.05891929826313,4505519
2014-02-06,128.1730468025825,128.26995675992262,127.91932472060653,128.14629466792135,128.14629466792135,4491259
2014-02-07,128.30852182764596,128.4538858172688,127.92126703119318,128.23399373025245,128.23399373025245,4392851
2014-02-10,128.5411735666094,128.66155958723473,128.18902602786324,128.49824523705678,128.49824523705678,9571394
2014-02-11,128.54828733114448,128.7084848426746,128.2457138938913,128.58645123385313,128.58645123385313,21895709
2014-02-12,128.66448676371758,128.9947356298857,128.49123680267815,128.67458700520922,128.67458700520922,4738897
2014-02-13,128.66719006979517,129.00244534967916,128.48187008574035,128.76257376750237,128.76257376750237,6742755
2014-02-14,128.77286226900992,129.0445635353068,128.57602209773742,128.85033273711,128.85033273711,8854167
2014-02-17,129.13113007604508,129.47574349207625,128.89257587782592,129.11145505359318,129.11145505359318,6958316
2014-02-18,129.23771170260864,129.34530299636123,128.94936265692328,129.19751501623222,129.19751501623222,9449073
2014-02-19,129.45358084483132,129.65883434552683,129.08140857757567,129.28295326807256,129.28295326807256,5999919
2014-02-20,129.43102263333563,129.569417960915,129.2127249309389,129.36769102549152,129.36769102549152,5693210
2014-02-21,129.4597091613428,129.80966716311465,129.27702148960066,129.45164950486654,129.45164950486654,7302898
2014-02-24,129.85311693673557,129.97901079049467,129.55259486088005,129.69806143850116,129.69806143850116,9418937
2014-02-25,129.9034371150733,130.12022117078146,129.4751549540928,129.7781149694738,129.7781149694738,15190763
2014-02-26,129.78633293406955,130.24220668476335,129.5599438531482,129.85699530428928,129.85699530428928,9657735
2014-02-27,129.95042643353008,130.13025990986938,129.55829746763888,129.93462365932498,129.93462365932498,7052365
2014-02-28,129.96329972294012,130.39034311088417,129.69469248000436,130.01092125095818,130.01092125095818,12119776
2014-03-03,130.20275283764903,130.45476707567346,130.09959990580407,130.2310416092169,130.2310416092169,13190435
2014-03-04,130.2786279133031,130.52398803339705,129.941998917723,130.30122831101406,130.30122831101406,6874150
2014-03-05,130.34157091145124,130.58021299148,130.01617755291295,130.36969033129554,130.36969033129554,7436981
2014-03-06,130.3476005957588,130.70204198671627,130.19752349598062,130.4363488864388,130.4363488864388,6461684
2014-03-07,130.40232397019824,130.66082001880787,130.22311702681176,130.50112519282118,130.50112519282118,12059987
2014-03-10,130.78682768720702,130.95294567603773,130.29788760963675,130.6833727831766,130.6833727831766,8302335
2014-03-11,130.78842406279134,131.00622513956827,130.47602030445285,130.73983225828903,130.73983225828903,3961735
2014-03-12,130.85408176706778,131.1209997953671,130.42763853015953,130.7940155665274,130.7940155665274,9801358
2014-03-13,130.87900596091634,131.192672412696,130.7052655844147,130.84584392426913,130.84584392426913,16848458
2014-03-14,130.8433342322842,131.13411278137715,130.72491649534615,130.8952385478915,130.8952385478915,17527000
2014-03-17,130.95987112500637,131.22914708129764,130.78882931774152,131.02803217781624,131.02803217781624,6295833
2014-03-18,130.96333038828,131.25624370876648,130.7879950597042,131.0669040287349,131.0669040287349,5647069
2014-03-19,130.94911885890113,131.2745239742792,130.76023483062684,131.10294822742108,131.10294822742108,20663638
2014-03-20,130.92743730913085,131.2699837920657,130.74591017886496,131.13608599025207,131.13608599025207,17510372
2014-03-21,131.1762017460153,131.37861513616767,130.94108012382966,131.16623853360534,131.16623853360534,10105632
2014-03-24,131.24087523097643,131.43059141608668,131.1068150737231,131.23799701057203,131.23799701057203,3398538
2014-03-25,131.3940749835323,131.63993051199006,130.91645894508926,131.2554208397878,131.2554208397878,5907845
2014-03-26,131.1750698841411,131.5413493434333,130.98471587109424,131.26946553141264,131.26946553141264,4630487
2014-03-27,131.29371365090265,131.49394449937452,131.10716434926985,131.28005230182387,131.28005230182387,19798767
2014-03-28,131.1693513923197,131.56529736917003,131.0325183273668,131.28710236739886,131.28710236739886,3730907
2014-03-31,131.19871469286616,131.4427788044783,130.96343111761385,131.28624449888008,131.28624449888008,19712754
2014-04-01,131.10654049285466,131.51892643656024,130.94781875365805,131.27835990888383,131.27835990888383,7588842
2014-04-02,131.41462156413715,131.55736816028235,131.01073587110153,131.26660055368578,131.26660055368578,4395546
2014-04-03,131.34260980021702,131.50404665161238,131.04891538534025,131.25116693840135,131.25116693840135,13102994
2014-04-04,131.15046010764559,131.4611498706047,130.84585470530402,131.2323154258937,131.2323154258937,10959302
2014-04-07,131.060179465808,131.5495962381066,130.85706419499687,131.15781713366155,131.15781713366155,4247498
2014-04-08,131.220166273427,131.48828368932465,130.89742683520635,131.12785766089138,131.12785766089138,7899662
2014-04-09,131.20569380091945,131.38537263739812,130.90056408506732,131.09576210521317,131.09576210521317,15914421
2014-04-10,130.94769842018542,131.3364520277439,130.74260992839498,131.06178682949005,131.06178682949005,6517492
2014-04-11,131.0943983603118,131.31488959731698,130.8416266423952,131.0261881965851,131.0261881965851,18528420
2014-04-14,130.96941656984026,131.08538062722272,130.74718902543432,130.91221578340964,130.91221578340964,5512675
2014-04-15,130.91986953381166,131.09906951952578,130.60928628350712,130.87268735040783,130.87268735040783,3555260
2014-04-16,130.84779110433786,130.96140837408342,130.6353941169787,130.8328173745395,130.8328173745395,8182922
2014-04-17,130.8739872023105,131.04119165211966,130.50241040433673,130.7928622186676,130.7928622186676,3854033
2014-04-18,130.9026611367395,131.01986050149895,130.60301670118773,130.75307824565527,130.75307824565527,8515475
2014-04-21,130.55617203711748,130.81737112816973,130.34006799473033,130.63731705240633,130.63731705240633,8020599
2014-04-22,130.7139767212487,130.98271827637535,130.4055433655026,130.60078143946285,130.60078143946285,5473828
2014-04-23,130.76075075195652,130.93256946396903,130.44812308505408,130.56569882369425,130.56569882369425,20466364
2014-04-24,130.66000577132758,130.84775703640096,130.3800510314585,130.5323255679636,130.5323255679636,7984113
2014-04-25,130.60388373534153,130.76454449528075,130.12760811471395,130.50091803513388,130.50091803513388,12324932
2014-04-28,130.24862513292757,130.77670316862486,130.06611971263396,130.42105340268134,130.42105340268134,12727951
2014-04-29,130.36174879048073,130.55321031293153,130.21874079208922,130.40007239008617,130.40007239008617,19296952
2014-04-30,130.3112742262184,130.71612690314686,130.05187431581777,130.38233891470728,130.38233891470728,4369865
2014-05-01,130.25014111569573,130.51961321021165,130.08416755220276,130.36810933940774,130.36810933940774,3322459
2014-05-02,130.2338041454639,130.6923173302064,129.97447173433895,130.35757961124636,130.35757961124636,18943330
2014-05-05,130.37721914851554,130.54028920852969,130.12791096670165,130.34749068479235,130.34749068479235,10697413
2014-05-06,130.24042429831204,130.70834865823662,130.04708387520003,130.35094068877626,130.35094068877626,8521539
2014-05-07,130.5398069754082,130.7333746238582,130.2229054699083,130.35762029589043,130.35762029589043,7484189
2014-05-08,130.37067682972096,130.52549016420278,130.14161142732675,130.36742337417243,130.36742337417243,6849105
2014-05-09,130.2337321898843,130.62426590326055,129.99900973081083,130.3802437916598,130.3802437916598,12305233
2014-05-12,130.41581563714396,130.82184715936205,130.17072060263325,130.4357477597299,130.4357477597299,3886684
2014-05-13,130.51510460664187,130.70942660440303,130.2632936560092,130.45957621441454,130.45957621441454,10156432
2014-05-14,130.65385534552476,130.8399582639199,130.33549735224165,130.48589134849237,130.48589134849237,13397921
2014-05-15,130.60975089300882,130.79341006644125,130.20430040903034,130.514587030001,130.514587030001,11600724
2014-05-16,130.59922876481286,130.76594319745743,130.25128163350564,130.545557126978,130.545557126978,7719473
2014-05-19,130.73569619845523,130.84704817534652,130.43087012203543,130.6510525910949,130.6510525910949,7989358
2014-05-20,130.609916012731,130.86345448276612,130.31145295623338,130.69005903032107,130.69005903032107,15215097
2014-05-21,130.92439159559933,131.05760699095885,130.60705605431193,130.73080922520344,130.73080922520344,10701689
2014-05-22,130.85012083774174,130.99704611063373,130.57209139433786,130.7731970437796,130.7731970437796,19240781
2014-05-23,130.8849427165283,131.07530728022394,130.44634847563353,130.81711635408706,130.81711635408706,3347096
2014-05-26,130.86839506416916,131.21025750203574,130.75088025414644,130.9570019157734,130.9570019157734,12588697
2014-05-27,131.15879068458102,131.2827079782003,130.81868256059997,131.00598587338197,131.00598587338197,5332430
2014-05-28,131.0933473912961,131.41214304781363,130.79099346313305,131.05597066290977,131.05597066290977,7713608
2014-05-29,131.2377127235999,131.49486777446273,130.76204127683474,131.10685015239432,131.10685015239432,15917908
2014-05-30,131.13021744202865,131.38882297203088,131.0120655332229,131.1585182098732,131.1585182098732,4846542
2014-06-02,131.26356485024152,131.66357961316652,130.93895385015998,131.31719247065152,131.31719247065152,23040375
2014-06-03,131.29055322814074,131.70010450384268,131.03337570912774,131.3709534804834,131.3709534804834,13905325
2014-06-04,131.43276212940413,131.70154452954716,131.25666622268932,131.42497239849746,131.42497239849746,10687213
2014-06-05,131.38149606989163,131.86144486583123,131.16422205105937,131.47914309273125,131.47914309273125,5019965
2014-06-06,131.56879893224357,131.70711453637688,131.30864608826946,131.53335943122238,131.53335943122238,7312449
2014-06-09,131.56181795631306,131.84396479758763,131.4654366920018,131.6952209926153,131.6952209926153,6687582
2014-06-10,131.69363732596437,132.10339963353616,131.41327047044717,131.74855858851134,131.74855858851134,4320129
2014-06-11,131.6271532094561,132.04158162655298,131.41630746647866,131.80141116885258,131.80141116885258,13822868
2014-06-12,131.97596539530096,132.20686041043152,131.69993420815288,131.8536726016765,131.8536726016765,6535565
2014-06-13,131.89678483526143,132.27133834551606,131.67000704687942,131.90523675502075,131.90523675502075,7327743
2014-06-16,131.94985687867356,132.1908538517327,131.80246275916966,132.05468421855093,132.05468421855093,7515164
2014-06-17,132.16931955908416,132.46637650122298,131.87911122009046,132.10239793435204,132.10239793435204,7187572
2014-06-18,132.1960490202386,132.39223191789915,131.92916013724394,132.14888371086127,132.14888371086127,10429840
2014-06-19,132.18299712847872,132.45470992210156,132.06055061145108,132.19403541611624,132.19403541611624,5859738
2014-06-20,132.13182538089112,132.53076517237662,131.92835937245013,132.2377469181545,132.2377469181545,13311134
2014-06-23,132.3493062117597,132.7357941527783,132.118807962005,132.35917888534453,132.35917888534453,5938568
2014-06-24,132.44218421538935,132.520539597381,132.22275293292213,132.39606825489153,132.39606825489153,7886704
2014-06-25,132.35307365111757,132.68278723667908,132.08485581724992,132.43098676140968,132.43098676140968,4162620
2014-06-26,132.48017561152997,132.77435213689103,132.1213592623352,132.46382827293652,132.46382827293652,13670955
2014-06-27,132.4530681386034,132.81481653896586,132.23990878045376,132.4944866575096,132.4944866575096,15523451
2014-06-30,132.62470388317675,132.88441910022914,132.36989744701282,132.57230172988216,132.57230172988216,11442989
2014-07-01,132.42641867772602,132.74993301355795,132.2961582940717,132.59316628701595,132.59316628701595,8711540
2014-07-02,132.51927751011917,132.81403085598242,132.41170802243747,132.61130387985588,132.61130387985588,7856724
2014-07-03,132.63730891241462,132.845814296773,132.4414466773822,132.62654248879954,132.62654248879954,3663152
2014-07-04,132.61523064678298,132.98214070019537,132.3158436147355,132.63869691671667,132.63869691671667,4063605
2014-07-07,132.62852280231317,132.85184802143223,132.5241802130288,132.65480314300495,132.65480314300495,11642818
2014-07-08,132.6992964652922,132.83085262093306,132.5069816533461,132.6527688755122,132.6527688755122,7308616
2014-07-09,132.90417119100974,133.03281141478968,132.5254514883407,132.64672444134115,132.64672444134115,4054507
2014-07-10,132.60161039610415,132.75832622899807,132.47451152931345,132.6364846433614,132.6364846433614,3962088
2014-07-11,132.7845780090182,133.0191229727138,132.4832904810851,132.6218642844427,132.6218642844427,10989035
2014-07-14,132.66848038113042,132.8575591566774,132.1533866978885,132.54986787074884,132.54986787074884,12384290
2014-07-15,132.6820431372021,132.86568678144138,132.31623800949438,132.51587329677056,132.51587329677056,3715383
2014-07-16,132.49019451812865,132.67776444338168,132.31581678046956,132.4765721762015,132.4765721762015,8631971
2014-07-17,132.43699593238176,132.554949088447,132.2455680276975,132.4317793119114,132.4317793119114,9712224
2014-07-18,132.22291891810332,132.70558096486175,132.00192271726488,132.3813095067698,132.3813095067698,5975162
2014-07-21,132.24128402755733,132.54452575186588,131.93061157478218,132.19398647493293,132.19398647493293,14869441
2014-07-22,132.11092167368392,132.44330895812064,131.89883116249453,132.1189569350821,132.1189569350821,6733301
2014-07-23,131.84803873181122,132.195767357193,131.67631830694225,132.0373244687281,132.0373244687281,3390619
2014-07-24,131.97808028631766,132.27642726806766,131.7207009454421,131.94890387874057,131.94890387874057,7258120
2014-07-25,131.81340299013843,132.1850869791623,131.64208049179953,131.8535099679891,131.8535099679891,15854069
2014-07-28,131.6611619214091,131.90017637915258,131.30339731753295,131.52363633984822,131.52363633984822,6730935
2014-07-29,131.43999159203565,131.72815543488014,131.17599046399252,131.39849717473786,131.39849717473786,4739834
2014-07-30,131.34707280316124,131.61678217423776,131.06002338413995,131.2654587032119,131.2654587032119,10952256
2014-07-31,131.01098300720412,131.4113103372421,130.81982065931172,131.12433572813995,131.12433572813995,9103349
2014-08-01,130.88610564147493,131.11719099560827,130.7774166393129,130.97494305239178,130.97494305239178,7988283
2014-08-04,130.49723721814968,130.95609451986437,129.95486163996114,130.47880891986185,130.47880891986185,10155381
2014-08-05,130.36731126020874,130.43781749203197,130.1640017002726,130.2993010476166,130.2993010476166,5660978
2014-08-06,130.0629539908439,130.34218003047027,129.9443511355235,130.1137211068886,130.1137211068886,5926487
2014-08-07,129.8737611447225,130.15066915917936,129.69457893174342,129.92266480500896,129.92266480500896,11509832
2014-08-08,129.7017044490251,129.86146471065393,129.35472433641635,129.72672784930865,129.72672784930865,4934480
2014-08-11,128.88919482913332,129.61443835902247,128.59849759703636,129.11559013259352,129.11559013259352,17937518
2014-08-12,128.9142696697836,129.05215060815704,128.61030544263568,128.9060876349204,128.9060876349204,14792586
2014-08-13,128.7757320737135,129.02894094053104,128.5099182299763,128.69468302008158,128.69468302008158,4514901
2014-08-14,128.5687757268934,128.8533035056698,128.33206301947573,128.481971995408,128.481971995408,16732390
2014-08-15,128.24508126650696,128.4034714153,128.1373409228465,128.2685502682307,128.2685502682307,8632536
2014-08-18,127.70375399607806,128.55774113417687,127.13784036184617,127.62997794498644,127.62997794498644,15987949
2014-08-19,127.42854886273895,127.67417991452328,127.26280563389862,127.41967048110418,127.41967048110418,8551912
2014-08-20,127.29679916470936,127.40614861986255,127.05065446256455,127.21163085137314,127.21163085137314,7321748
2014-08-21,126.96583201099737,127.14126072975296,126.68924413419639,127.00645476312437,127.00645476312437,6949779
2014-08-22,126.9003251779534,127.05217339895306,126.68639614044322,126.80473792368883,126.80473792368883,2350541
2014-08-25,126.49863474119185,126.969153891729,125.62721141897774,126.2262999715714,126.2262999715714,12717678
2014-08-26,126.02525723650417,126.34497811695293,125.83049641710193,126.04437720069866,126.04437720069866,5617525
2014-08-27,125.83064165575514,125.99545019237698,125.62171654888607,125.86889221529414,125.86889221529414,12927457
2014-08-28,125.62790883589253,125.83281508429323,125.43873950741153,125.70044072268881,125.70044072268881,18475039
2014-08-29,125.60999461280821,125.75881485897347,125.3440186459664,125.53961843021368,125.53961843021368,5993424
2014-09-01,125.04648661989715,125.43626582389301,124.78158397765523,125.10888382687926,125.10888382687926,5819025
2014-09-02,124.95285913262443,125.1578360777562,124.67937709163014,124.98435690567962,124.98435690567962,13241268
2014-09-03,124.89267259394519,125.05543572899226,124.52851308386157,124.86936670593441,124.86936670593441,6332330
2014-09-04,124.81971171335717,125.08624007943334,124.60069381777008,124.76343791964374,124.76343791964374,15457039
2014-09-05,124.66807571818377,125.02156551389137,124.52833927872722,124.66609523880788,124.66609523880788,5662373
2014-09-08,124.36099380964095,124.63865624566822,124.07427255120118,124.42083074903132,124.42083074903132,16420768
2014-09-09,124.38320630940237,124.70162033763106,124.14978942395793,124.35307941001685,124.35307941001685,6865940
2014-09-10,124.30042779549052,124.48731432993945,124.03577467154193,124.29153763645826,124.29153763645826,9436315
2014-09-11,124.35059542740898,124.47184232085908,124.0301149426021,124.23573012035575,124.23573012035575,13073278
2014-09-12,124.1959817978534,124.3558940665813,124.0406070397553,124.18518155370958,124.18518155370958,10331454
2014-09-15,124.05780741788233,124.3388518872512,123.79514553514129,124.06033647051112,124.06033647051112,13664094
2014-09-16,124.13270807723883,124.39267436520065,123.77767172976023,124.02607062169237,124.02607062169237,3863018
2014-09-17,123.96094941782701,124.26342526988235,123.83023470583582,123.99468718233099,123.99468718233099,6526302
2014-09-18,123.89998879729613,124.17042900649055,123.73650754327657,123.96571084442726,123.96571084442726,8256992
2014-09-19,124.04476868120211,124.21881932320133,123.61969901771785,123.9386662999813,123.9386662999813,5455816
2014-09-22,123.83827919390421,124.00782181483096,123.59931362333396,123.86437034739266,123.86437034739266,12998498
2014-09-23,123.82666675232282,124.18286496140001,123.70363885808983,123.84029989678018,123.84029989678018,6192365
2014-09-24,123.73666458540835,124.05802734754104,123.5618576988024,123.81578469962662,123.81578469962662,5461398
2014-09-25,123.80516373780623,124.0185736017773,123.49625447218608,123.79034944793217,123.79034944793217,12802875
2014-09-26,123.81345687912422,124.0271742449849,123.44610536467589,123.76351883369706,123.76351883369706,4743210
2014-09-29,123.7625034260311,123.94346526103833,123.39521271501489,123.66990173574993,123.66990173574993,4860213
2014-09-30,123.59305764523947,123.7626411169107,123.4818326804672,123.63273659135433,123.63273659135433,10314800
2014-10-01,123.71407398445093,123.88020053462822,123.29624658161609,123.59179954441912,123.59179954441912,15663799
2014-10-02,123.50244962576951,123.72069229383969,123.25980437405939,123.54673151193937,123.54673151193937,8673574
2014-10-03,123.6277138736508,123.79394625972807,123.38015544546523,123.49763831088941,123.49763831088941,3566267
2014-10-06,123.40782260397502,123.65245174016442,123.11079412619404,123.32842811600955,123.32842811600955,11267348
2014-10-07,123.22905056042961,123.58450422258362,123.06832909767641,123.26545466037005,123.26545466037005,5948519
2014-10-08,123.30899538661208,123.45338840265124,122.91549695687725,123.19956624600603,123.19956624600603,14010693
2014-10-09,123.09260018489536,123.37630576675296,122.96427969602829,123.13098491488664,123.13098491488664,6616819
2014-10-10,122.95165847799456,123.20760949141419,122.79648218547312,123.05993270898097,123.05993270898097,14174071
2014-10-13,122.91936513248358,123.14472392020875,122.48805742332836,122.83417126223785,122.83417126223785,6491781
2014-10-14,122.7170544062835,122.93590154998935,122.43931341914158,122.75545597687858,122.75545597687858,5669355
2014-10-15,122.71977115462875,122.91374569808113,122.32758781082036,122.67538002657875,122.67538002657875,3066875
2014-10-16,122.50909540210583,122.77768592709863,122.23191654734444,122.59416545330753,122.59416545330753,5752564
2014-10-17,122.51202781242435,122.65672585839896,122.39902830833682,122.51203429903403,122.51203429903403,8741454
2014-10-20,122.37989620048297,122.53975683355098,121.98675367282847,122.26236176989124,122.26236176989124,8412038
2014-10-21,122.05400500930459,122.30268588370987,121.9628993516717,122.17878471130004,122.17878471130004,10861880
2014-10-22,122.1937155032701,122.39724003728979,121.76504843441231,122.09540128155226,122.09540128155226,14902295
2014-10-23,121.97166432597972,122.20361874205078,121.83810083080998,122.01243352261704,122.01243352261704,8115491
2014-10-24,121.88659870977467,122.03987505816951,121.56917062638007,121.93010347646354,121.93010347646354,8275561
2014-10-27,121.58468160226357,121.92929791722364,121.42280841498132,121.68916003438466,121.68916003438466,13955639
2014-10-28,121.53364374934452,121.73301694498048,121.29949377421383,121.61160125904937,121.61160125904937,8979545
2014-10-29,121.62047914133053,121.71565803724866,121.40456103542323,121.5357904063415,121.5357904063415,5042301
2014-10-30,121.52281907460502,121.7515938318994,121.3058391437554,121.46194951823014,121.46194951823014,6161842
2014-10-31,121.35436755476367,121.51553272249005,121.08771738137696,121.39030063668451,121.39030063668451,2757961
2014-11-03,121.36135891891621,121.51341019235582,121.07605921591308,121.19072645113306,121.19072645113306,5008181
2014-11-04,121.07712353273625,121.24005476067153,120.81325713897586,121.13006601554154,121.13006601554154,3435910
2014-11-05,121.16275871536979,121.24442886518348,120.96019578386996,121.07270779636137,121.07270779636137,9534741
2014-11-06,121.01428503879221,121.31608390845476,120.74295690716315,121.01887383556175,121.01887383556175,14661230
2014-11-07,120.89870790800059,121.15800159651339,120.76716783397647,120.96878617511182,120.96878617511182,4997896
2014-11-10,120.68844931608406,120.97783762408972,120.57928299972592,120.84322141555131,120.84322141555131,5091764
2014-11-11,120.70620455914776,121.01046064379872,120.52502571071369,120.81033937619144,120.81033937619144,12820079
2014-11-12,120.70665400124685,120.95960125572348,120.58674337080652,120.78231384702687,120.78231384702687,6385296
2014-11-13,120.86581452449153,121.08175754730318,120.62330473839663,120.75936687002681,120.75936687002681,9095821
2014-11-14,120.72308288924823,120.92983978562748,120.6153936987388,120.74172048716042,120.74172048716042,11600035
2014-11-17,120.6175330393067,121.03146434437197,120.4648489797846,120.7228053230544,120.7228053230544,5614783
2014-11-18,120.64213644930506,121.0633538241565,120.48792424974863,120.72858173641397,120.72858173641397,5669563
2014-11-19,120.78713802277753,120.95943248834418,120.44391302851948,120.74076895375288,120.74076895375288,6210545
2014-11-20,120.836735549307,121.09902980332511,120.52163894046444,120.75958901704026,120.75958901704026,3679080
2014-11-21,120.74971921942172,120.98967707338733,120.5694042555254,120.78526396824525,120.78526396824525,10204000
2014-11-24,121.0885627680782,121.25923492857986,120.69574842691445,120.9056385690573,120.9056385690573,10803563
2014-11-25,120.91582666119722,121.09249949641585,120.84537064411597,120.96095349162418,120.96095349162418,8325190
2014-11-26,121.18362840423107,121.30776188040178,120.83002954021063,121.02423351195438,121.02423351195438,15788469
2014-11-27,121.0687959103147,121.33026419280654,120.73851166723678,121.09570067201702,121.09570067201702,7020601
2014-11-28,121.02843819234278,121.38327952522121,120.8442264323627,121.17557701378125,121.17557701378125,10894264
2014-12-01,121.564423496261,121.79361036902269,121.23525187021097,121.46788154897493,121.46788154897493,10199704
2014-12-02,121.67054999952228,121.87261993215452,121.32397808637994,121.5834822660561,121.5834822660561,5364942
2014-12-03,121.5846549294228,121.81845796511985,121.38171120422258,121.70780574759947,121.70780574759947,14251680
2014-12-04,121.87297746842239,121.99265104051574,121.61771468485539,121.84027740848906,121.84027740848906,8529486
2014-12-05,121.99830500112802,122.2727578874,121.86594031058107,121.98032266360896,121.98032266360896,13023378
2014-12-08,122.4977184427122,122.96882454923464,122.19725460868139,122.44015414319067,122.44015414319067,4174417
2014-12-09,122.54128613808618,122.96382041998662,122.36299285195962,122.60474792407209,122.60474792407209,8451282
2014-12-10,122.6507321932068,123.08075395214738,122.41359955439322,122.77404237360399,122.77404237360399,6354382
2014-12-11,122.89635312984818,123.30359531694097,122.65783064564951,122.94746290667037,122.94746290667037,5226363
2014-12-12,123.2941309004653,123.41689672437226,122.99528676311347,123.12443493815536,123.12443493815536,16186710
2014-12-15,123.53935148741506,124.08785313691727,123.31634264111754,123.67091417196202,123.67091417196202,8820599
2014-12-16,123.7533723608606,123.99522229770938,123.54425577487137,123.85634634596167,123.85634634596167,3822700
2014-12-17,124.0451591490886,124.35775194553209,123.7116329452434,124.04245709280006,124.04245709280006,6238800
2014-12-18,124.3423216693202,124.50852341671528,123.95572172883858,124.22867182736124,124.22867182736124,12793887
2014-12-19,124.43728607144315,124.53897851153546,124.13407437236584,124.41441596452928,124.41441596452928,5222636
2014-12-22,125.14953697661468,125.41740095784104,124.69985550596924,124.96307894051493,124.96307894051493,4962694
2014-12-23,125.3215155531553,125.5052655637759,124.81083290164803,125.14119483695075,125.14119483695075,7432923
2014-12-24,125.35915143312312,125.56043891339557,124.99573755263046,125.31596721041366,125.31596721041366,10115768
2014-12-25,125.6042406819917,125.71379340317789,125.3056217930029,125.48682147578762,125.48682147578762,5558372
2014-12-26,125.67540621237848,125.88704487846283,125.35309546342071,125.65318304795674,125.65318304795674,9725995
2014-12-29,125.98630696638132,126.43172822641564,125.80447883991708,126.11956575407524,126.11956575407524,8140671
2014-12-30,126.28928129603774,126.47360963513718,126.13788114451934,126.26221070226529,126.26221070226529,8650866
2014-12-31,126.44766133860092,126.60940905410735,126.23034366695433,126.39749003167067,126.39749003167067,2403845
2015-01-01,126.4864735863706,126.6526123443848,126.36349473589479,126.52482915717539,126.52482915717539,8063913
2015-01-02,126.64179213139981,126.96188962646652,126.43997001397543,126.6437741408337,126.6437741408337,7057537
2015-01-05,126.97182465763987,127.22363578601791,126.67776340719254,126.95101333675751,126.95101333675751,9724183
2015-01-06,127.20574047907651,127.37106573258417,126.78739123585218,127.0373921433979,127.0373921433979,5769237
2015-01-07,127.03029783420833,127.45740201433631,126.8743318496646,127.11600265054591,127.11600265054591,6645691
2015-01-08,127.22733029564976,127.35808451269862,127.00023065335893,127.18699415610635,127.18699415610635,10443641
2015-01-09,127.38038777637837,127.54070341886947,127.12819533010548,127.25051595798413,127.25051595798413,16482522
2015-01-12,127.50004961270123,127.6387661495027,127.12121210337546,127.39775612056962,127.39775612056962,4125367
2015-01-13,127.62063832742189,127.78311961870939,127.2122975766757,127.43289208676504,127.43289208676504,10339951
2015-01-14,127.49834150462713,127.63376704895363,127.2666444643578,127.46130483880195,127.46130483880195,14722957
2015-01-15,127.46438918385498,127.77933899485163,127.13631606928493,127.48314367458522,127.48314367458522,11322524
2015-01-16,127.39239027547086,127.77603038432287,127.18387093071131,127.49855789201966,127.49855789201966,14235090
2015-01-19,127.44461579472852,127.70157455856561,127.16330816387718,127.50774581327858,127.50774581327858,6096291
2015-01-20,127.50386163992049,127.65027818749789,127.25167492072093,127.49895453636626,127.49895453636626,14847440
2015-01-21,127.64103192802966,127.77367648189254,127.33469651715546,127.4844851306293,127.4844851306293,5568971
2015-01-22,127.55902782769724,127.7769093188234,127.16340748871643,127.46448689397255,127.46448689397255,8223580
2015-01-23,127.39754395687568,127.63827318427217,127.26926402233798,127.4391091243009,127.4391091243009,6222963
2015-01-26,127.38531198731663,127.61921726091558,127.09960886820656,127.33219159624493,127.33219159624493,6349296
2015-01-27,127.3013641961394,127.50696616647284,127.15485570621404,127.286788673562,127.286788673562,3383005
2015-01-28,127.06469416119525,127.54183265328369,126.90171955162828,127.23675270738842,127.23675270738842,2984803
2015-01-29,127.1446873409988,127.34990395669155,127.03413242083091,127.18223299562896,127.18223299562896,14408715
2015-01-30,126.98482387428905,127.47544086909514,126.76787770155512,127.12337883618845,127.12337883618845,3254182
2015-02-02,126.93717905280994,127.1131379675684,126.57772328851672,126.92230265082921,126.92230265082921,9067193
2015-02-03,126.78036894069207,127.05973734257385,126.60968529460325,126.84760367971303,126.84760367971303,4178380
2015-02-04,126.63040651317753,126.89887411737062,126.45706196315683,126.76931675044,126.76931675044,5233940
2015-02-05,126.71718754828693,126.83127714144422,126.40877271992727,126.68759116091498,126.68759116091498,11263786
2015-02-06,126.52941925352887,126.85366836391907,126.27512385551223,126.60257620904282,126.60257620904282,8675114
2015-02-09,126.19620501922996,126.52905415622585,126.08240100263153,126.329288158392,126.329288158392,7507265
2015-02-10,126.16818550431165,126.56769426577245,125.91069061295748,126.23260873617974,126.23260873617974,14179094
2015-02-11,126.00680959180332,126.25079847536716,125.89737078006712,126.13338644114451,126.13338644114451,6921304
2015-02-12,125.84297877131266,126.24553274245623,125.66929965067075,126.03177057119119,126.03177057119119,14797086
2015-02-13,125.81430178251335,126.13045610517712,125.68595487791718,125.92791042422465,125.92791042422465,4686657
2015-02-16,125.55027065857564,125.75652239719238,125.30159238836916,125.60435730029393,125.60435730029393,4412962
2015-02-17,125.33364049241008,125.6387322027874,125.17317514256962,125.49301302432276,125.49301302432276,7465985
2015-02-18,125.28824488180994,125.60192455225315,125.05100874895153,125.38017096086257,125.38017096086257,8013114
2015-02-19,125.34855935124874,125.50837203748134,125.00737791813626,125.26598040781819,125.26598040781819,5208268
2015-02-20,125.16576117331654,125.36948010609399,124.99070134612408,125.15059066309443,125.15059066309443,6968422
2015-02-23,124.95290356304919,125.15322426655973,124.46755684223444,124.79871925789544,124.79871925789544,15828686
2015-02-24,124.63054919687875,124.94805991698396,124.31434516275917,124.68002572550267,124.68002572550267,6568238
2015-02-25,124.44226016233424,124.67558013426058,124.25181019226893,124.56087949095476,124.56087949095476,3038174
2015-02-26,124.46584590306213,124.67470773600614,124.11745387332398,124.44142985215649,124.44142985215649,3346034
2015-02-27,124.3400449732186,124.68526211917683,124.20136651900872,124.3218261070128,124.3218261070128,22708841
2015-03-02,123.8308299651992,124.3200291227292,123.6263862155551,123.96358321255723,123.96358321255723,16522604
2015-03-03,123.89198437164164,124.13252765307847,123.56522617814525,123.84485602108003,123.84485602108003,6432997
2015-03-04,123.65601280244105,123.91910563634325,123.39970299655613,123.7267212127816,123.7267212127816,11997981
2015-03-05,123.76672855653256,123.92148884465847,123.48528925554518,123.60932808556673,123.60932808556673,9112534
2015-03-06,123.6165126602139,123.80441502253544,123.16061521145039,123.49282593734026,123.49282593734026,15099992
2015-03-09,123.10658572179018,123.49192158617824,122.79864273968089,123.15015834563975,123.15015834563975,4682491
2015-03-10,123.16460389962923,123.40163165222963,122.87699601090108,123.0387130924154,123.0387130924154,4749109
2015-03-11,122.90427780547445,123.0719521984506,122.73636963635794,122.92890530770364,122.92890530770364,15473454
2015-03-12,122.8585114724468,122.93579429236547,122.63762913615669,122.82088428940939,122.82088428940939,3791721
2015-03-13,122.83770114636238,123.02371325670514,122.46755307031245,122.71479933543739,122.71479933543739,8284140
2015-03-16,122.64386909895516,122.80558418355345,122.25577812977863,122.40965383850369,122.40965383850369,7823172
2015-03-17,122.27204670201749,122.4537637017486,122.16200349028328,122.31280612086934,122.31280612086934,11841050
2015-03-18,122.2161183229069,122.39680199704492,121.90005907773913,122.2186409570815,122.2186409570815,8579543
2015-03-19,122.08226040433995,122.24172382997519,121.9833844745814,122.12730764504502,122.12730764504502,7488898
2015-03-20,121.99498474607478,122.223960203236,121.8693052051601,122.03895548266476,122.03895548266476,6613887
2015-03-23,121.9539197156878,122.10327336557046,121.56577271673436,121.79327887250952,121.79327887250952,4864862
2015-03-24,121.60220290502168,121.96028592312463,121.47661727151805,121.71834428780244,121.71834428780244,7362449
2015-03-25,121.7110998234884,121.84554391398761,121.3425837579995,121.64713734227576,121.64713734227576,14324784
2015-03-26,121.49510502539341,121.78414074332633,121.35617366771254,121.57980733383431,121.57980733383431,6934264
2015-03-27,121.48307925880181,121.62621383810188,121.20557737440663,121.51650356038297,121.51650356038297,16160526
2015-03-30,121.26096565036327,121.5378607267429,121.08544641738092,121.35224262901784,121.35224262901784,11529900
2015-03-31,121.34372799016263,121.58039396701543,121.16854944230893,121.30653677457522,121.30653677457522,10152614
2015-04-01,121.29805610529479,121.62282887025007,121.11665358625152,121.26560364464692,121.26560364464692,7378201
2015-04-02,121.30502888642148,121.55428141806016,121.00916089523679,121.22952839489295,121.22952839489295,5842957
2015-04-03,121.12593699890455,121.31322323586545,120.98804654858776,121.19813961199422,121.19813961199422,18545658
2015-04-06,121.19948295759815,121.46732233113946,120.83158257085864,121.1297365087905,121.1297365087905,11896373
2015-04-07,121.00367700834774,121.4229407302899,120.85802953767376,121.1147380376738,121.1147380376738,7461461
2015-04-08,121.04091750771245,121.41070395421659,120.89554656074672,121.10324825559289,121.10324825559289,18708894
2015-04-09,121.055916827257,121.32048525834614,120.94262181250205,121.0950316069838,121.0950316069838,10956802
2015-04-10,121.09635190433963,121.30004164825363,120.9231895593323,121.08985253628269,121.08985253628269,3932175
2015-04-13,121.12499265124784,121.27619465830293,120.83486026692317,121.09018523598839,121.09018523598839,6463560
2015-04-14,121.11576163255481,121.22049238442933,120.87813550110957,121.09480092128027,121.09480092128027,11507456
2015-04-15,121.01289347031368,121.26831070249116,120.86133266287685,121.10127640666069,121.10127640666069,17000202
2015-04-16,121.13108378035815,121.2810932010975,120.9569693588517,121.10937613656569,121.10937613656569,26051935
2015-04-17,121.16452134469563,121.35099635011663,120.84124762689115,121.11886455543144,121.11886455543144,8102927
2015-04-20,121.07393093751928,121.45251062442941,120.82736385111406,121.15330639015404,121.15330639015404,10886935
2015-04-21,121.17506426485902,121.3956036453733,120.99131227147384,121.16599400922372,121.16599400922372,5892328
2015-04-22,121.12800376346114,121.30267354799963,120.94475312208645,121.17889253943467,121.17889253943467,5133266
2015-04-23,121.0598570779735,121.5445991144819,120.83441948702,121.19176642522297,121.19176642522297,3443642
2015-04-24,121.15326443528944,121.55341491821858,121.01047641588461,121.20438011102473,121.20438011102473,9722480
2015-04-27,121.16362224904238,121.54732848943688,120.9776908780984,121.23830441287183,121.23830441287183,15054782
2015-04-28,121.39355371508708,121.60905622038612,121.11543336276532,121.24752174308853,121.24752174308853,11791537
2015-04-29,121.1384799219864,121.5030757418154,120.99185800816576,121.25530109549919,121.25530109549919,8356248
2015-04-30,121.29713396532317,121.61571013460048,121.12944701095302,121.26140691453995,121.26140691453995,14750056
2015-05-01,121.11403030481915,121.39399609879392,120.91218784675279,121.26560364464692,121.26560364464692,34981659
2015-05-04,121.11597645774444,121.46699156632654,120.97334453763798,121.26473053630339,121.26473053630339,5278254
2015-05-05,121.11432523928296,121.42593621549902,120.94957635518963,121.25941058656802,121.25941058656802,2381308
2015-05-06,121.27860338363644,121.41030274781448,120.96290133469299,121.25131202837028,121.25131202837028,9493821
2015-05-07,121.08597036718591,121.38524169517152,120.98101240821808,121.240276370719,121.240276370719,13745297
2015-05-08,121.28578477311454,121.49369954675483,121.00250508861863,121.22614512262302,121.22614512262302,3690543
2015-05-11,121.11707254059759,121.47144246226313,120.83613812631816,121.16359292575505,121.16359292575505,12131628
2015-05-12,121.13988080017852,121.39162652224255,120.7830682615316,121.13549440596846,121.13549440596846,6759088
2015-05-13,121.07569095864318,121.24987616710915,120.86760111846056,121.10350784078132,121.10350784078132,9467482
2015-05-14,120.96078733644525,121.38265695017395,120.72167896026934,121.06747473920242,121.06747473920242,5052744
2015-05-15,121.12554183836103,121.29779358890615,120.77005384003998,121.0272366102406,121.0272366102406,4899672
2015-05-18,120.85881622497064,121.08703373503236,120.63424799473565,120.87970714914599,120.87970714914599,4604923
2015-05-19,120.93018132502776,121.10084615146326,120.59701175967231,120.8210640007408,120.8210640007408,11169602
2015-05-20,120.74803523067254,120.93201450782007,120.59566828223082,120.75742336999684,120.75742336999684,5854909
2015-05-21,120.80597610051467,120.88473415460054,120.57906426824567,120.68862676592295,120.68862676592295,9155144
2015-05-22,120.76919040065148,120.95545919397598,120.44479140456077,120.61451569752793,120.61451569752793,8118909
2015-05-25,120.43298184994191,120.5518511021012,120.10668942130947,120.3587107965045,120.3587107965045,4434304
2015-05-26,120.27621352644681,120.48868793342547,120.05756261163805,120.2617569609133,120.2617569609133,8310195
2015-05-27,120.20713002477605,120.4914512494992,119.9373856389043,120.15869620604512,120.15869620604512,9006477
2015-05-28,120.0969336824366,120.33583362870029,119.69410058579216,120.04937004090883,120.04937004090883,13609354
2015-05-29,119.958145613507,120.05722677447511,119.73745990641414,119.9336199745132,119.9336199745132,16888110
2015-06-01,119.62173546254375,119.7804769268843,119.18799687124319,119.54624145785876,119.54624145785876,4805219
2015-06-02,119.36558789439017,119.51273684913727,119.2623660237435,119.40330761734386,119.40330761734386,9552997
2015-06-03,119.38418595380739,119.51906977142079,119.1343993099222,119.25373786559183,119.25373786559183,2640021
2015-06-04,118.98169769971294,119.31710799243345,118.7968316555234,119.09795415658954,119.09795415658954,12244271
2015-06-05,118.89076902797534,119.07695853033701,118.68679822455148,118.93637844432392,118.93637844432392,13847326
2015-06-08,118.25139679492365,119.17124966149305,117.777693510417,118.42111882781572,118.42111882781572,2103461
2015-06-09,118.25863373735325,118.47852846705021,118.0969663876316,118.24059464236547,118.24059464236547,6751974
2015-06-10,118.10483223655588,118.2226087751283,117.8083705914279,118.05638822358627,118.05638822358627,5108439
2015-06-11,117.82890612948086,118.09891532122992,117.70005670979441,117.86892152546503,117.86892152546503,6743313
2015-06-12,117.76328439227257,117.95247849589646,117.51634594904839,117.6786165019886,117.6786165019886,6107251
2015-06-15,117.14163977511949,117.40429539953543,116.82515012256326,117.09489101929692,117.09489101929692,7827383
2015-06-16,116.85641503432555,117.07009551108547,116.76024788039176,116.89745223426856,116.89745223426856,13106416
2015-06-17,116.71819052187772,117.0020760712361,116.51846366576471,116.69928489381935,116.69928489381935,6838515
2015-06-18,116.55378805700808,116.71811947514588,116.36736563425656,116.50081095193629,116.50081095193629,4882803
2015-06-19,116.15752413442173,116.54061791998232,115.95699887144531,116.3024523626062,116.3024523626062,7247253
2015-06-22,115.89966407696478,116.24606619611293,115.25546329018272,115.71228824980261,115.71228824980261,7048526
2015-06-23,115.56719423160439,115.63322700690075,115.38302869437383,115.51861061055324,115.51861061055324,7661014
2015-06-24,115.28091376351168,115.47109498330448,115.17514849703996,115.32715809379127,115.32715809379127,5844220
2015-06-25,115.04961318361856,115.34970492457062,114.89262705483861,115.13835265350357,115.13835265350357,9590332
2015-06-26,114.96398642607397,115.10657107300676,114.83369875075206,114.95261624367699,114.95261624367699,15274044
2015-06-29,114.31307106451567,114.68665315771896,113.69339378840148,114.418040736833,114.418040736833,4241618
2015-06-30,114.16491193246888,114.5540344283402,113.915290681191,114.24879998871985,114.24879998871985,10022167
2015-07-01,114.05279690508746,114.42248639981987,113.9229465355822,114.08473804100227,114.08473804100227,12926847
2015-07-02,113.97759506800625,114.21849111933348,113.7159854159974,113.92620205131841,113.92620205131841,6439583
2015-07-03,113.96712279649918,114.07962544918179,113.66555562868028,113.77323999191205,113.77323999191205,14962422
2015-07-06,113.21613615402369,113.64726193239943,112.86956412663389,113.34752915430768,113.34752915430768,7761325
2015-07-07,113.2603968081386,113.54688323120997,113.01628671257676,113.21659457496118,113.21659457496118,4556034
2015-07-08,113.15614305546369,113.23964993863483,112.92518127676169,113.09109980536718,113.09109980536718,4236180
2015-07-09,113.10586555198186,113.29840832557018,112.82027424740434,112.97101802142065,112.97101802142065,11844293
2015-07-10,112.96179111364091,113.1936635478098,112.59974936630937,112.85632239901666,112.85632239901666,11312072
2015-07-13,112.61308448249476,112.91789031534631,112.26749773028115,112.54428426000982,112.54428426000982,17489254
2015-07-14,112.65858216100612,112.783764790144,112.30723329501231,112.45086504272595,112.45086504272595,11187540
2015-07-15,112.3957363743203,112.59821384950577,112.09896811178754,112.36269786645964,112.36269786645964,7611843
2015-07-16,112.3220583710559,112.44200439235397,112.04546715297012,112.2797559071059,112.2797559071059,10181738
2015-07-17,112.20290168131278,112.40596096895432,111.89870659119549,112.20201234055975,112.20201234055975,8293609
2015-07-20,112.09905066836227,112.24010865283822,111.87127376500304,111.9997037567168,111.9997037567168,6774428
2015-07-21,111.81645754588514,112.0604137138873,111.65704339173755,111.94248552035104,111.94248552035104,6078513
2015-07-22,111.83461031886803,112.13726466253023,111.63137422303733,111.89033155626792,111.89033155626792,3380195
2015-07-23,112.0098475907687,112.1743239098574,111.7155434416528,111.84321504036241,111.84321504036241,5519947
2015-07-24,111.70028596171692,111.94636406358045,111.53735652095186,111.80110914852953,111.80110914852953,7921784
2015-07-27,111.7611579603458,111.99104777591518,111.50047484731488,111.7045869764169,111.7045869764169,2067547
2015-07-28,111.59825182851367,111.99570135794073,111.36011144258221,111.6822553398247,111.6822553398247,6184267
2015-07-29,111.8310364068063,111.98659285158217,111.53109457992919,111.66480020678019,111.66480020678019,12676227
2015-07-30,111.57705802573304,111.97780434819056,111.40098288411559,111.65219475317838,111.65219475317838,15659159
2015-07-31,111.72875643531813,111.86715004099159,111.45437571495056,111.64441215491428,111.64441215491428,6145495
2015-08-03,111.68575160551718,111.97936196221035,111.32490947541369,111.64973325109833,111.64973325109833,6031176
2015-08-04,111.63970031061784,111.93904889955205,111.48310378857329,111.66097383313517,111.66097383313517,5581461
2015-08-05,111.59279877342516,111.81532779000594,111.35074065763393,111.67690314998477,111.67690314998477,6051137
2015-08-06,111.59067173542515,111.9098860710997,111.38550983995432,111.69749437754211,111.69749437754211,14164885
2015-08-07,111.73704338011822,111.99180435819228,111.55873354665523,111.72272069170226,111.72272069170226,18066250
2015-08-10,111.72737135446309,111.98466929442874,111.5365992513022,111.82594191274939,111.82594191274939,3439077
2015-08-11,111.69984828155089,112.12061987887891,111.53486469779044,111.86944033227073,111.86944033227073,5331906
2015-08-12,112.06752805957291,112.17483427336813,111.75733148986347,111.91743971786988,111.91743971786988,3150953
2015-08-13,111.85746454713858,112.10894286738127,111.76643792983185,111.96991324544186,111.96991324544186,7886277
2015-08-14,112.06924374745243,112.26059815050866,111.80363411794733,112.02683409088166,112.02683409088166,6266750
2015-08-17,112.25099376262447,112.50686354710376,112.05350413593297,112.2240122933583,112.2240122933583,9572570
2015-08-18,112.37908984840763,112.51717572300203,112.19378570288698,112.2984541692196,112.2984541692196,11145666
2015-08-19,112.33418484077848,112.48120497116348,112.22412098282092,112.37720924242377,112.37720924242377,10544163
2015-08-20,112.45158194449984,112.56359949833265,112.29245240859368,112.46025068886583,112.46025068886583,3513006
2015-08-21,112.58223009726082,112.7332283158978,112.34141416127106,112.54755168444082,112.54755168444082,7897848
2015-08-24,113.00474575198903,113.24327548573166,112.65391107329997,112.8347437249133,112.8347437249133,3426645
2015-08-25,112.77269327265137,113.09469522648632,112.63005868765534,112.93881467597001,112.93881467597001,19065452
2015-08-26,113.07954128400972,113.29935049537801,112.77792374279286,113.04701105563468,113.04701105563468,6699968
2015-08-27,113.1451297931662,113.31392231321139,113.03721608784515,113.15930603980229,113.15930603980229,4039859
2015-08-28,113.13411104769921,113.45413941734111,113.01908141328934,113.2756728043679,113.2756728043679,6094025
2015-08-31,113.64765877700425,114.14927340544698,113.22478242427286,113.64893553940264,113.64893553940264,8876281
2015-09-01,113.73397409656664,114.05787909108633,113.45043776763245,113.78132118451023,113.78132118451023,11542845
2015-09-02,113.92485916708351,114.0429092815852,113.81431292606426,113.91756140495497,113.91756140495497,15326698
2015-09-03,114.11648611695607,114.26254821858434,113.89517764399932,114.0572139539525,114.0572139539525,8255638
2015-09-04,114.05041803498736,114.30952875595034,113.87447124971945,114.1997535001825,114.1997535001825,6770165
2015-09-07,114.43847793682514,115.05931345721189,114.01124169464923,114.63944080906519,114.63944080906519,11268105
2015-09-08,114.66261441626058,115.05126775935327,114.51126435210513,114.78827503102275,114.78827503102275,11114597
2015-09-09,114.89851788730795,115.06941602392308,114.64909483508715,114.93736959361159,114.93736959361159,8489505
2015-09-10,115.12019613206422,115.25959475095235,114.96051189183775,115.08619916551145,115.08619916551145,11992155
2015-09-11,115.18797145160802,115.43422247113828,115.00617381086064,115.23423841540207,115.23423841540207,5896253
2015-09-14,115.91907127239088,116.2828646136777,115.36744363526378,115.66836091981598,115.66836091981598,7904482
2015-09-15,115.91595685639777,116.15376916671174,115.65968673863843,115.80798556846712,115.80798556846712,2894912
2015-09-16,115.84460199647009,116.05947814151402,115.64254854377286,115.94419323850776,115.94419323850776,16028616
2015-09-17,116.15517179142648,116.36643113127855,115.93907281364747,116.07645859861765,116.07645859861765,6256342
2015-09-18,116.22067042408425,116.39955157741458,115.9853079253976,116.20425631747652,116.20425631747652,16074328
2015-09-21,116.51943699955642,116.85846870940347,116.05124784968793,116.55559031334467,116.55559031334467,5762354
2015-09-22,116.68343247033656,116.95004316890446,116.50974356120832,116.66026415399705,116.66026415399705,9305015
2015-09-23,116.62926496160445,117.0881160847283,116.41296599052885,116.75784369679715,116.75784369679715,8222000
2015-09-24,116.72442710804621,117.18630586075584,116.49866181586128,116.84780361042473,116.84780361042473,5920639
2015-09-25,116.9663135071935,117.17656894035152,116.68794889272716,116.92961856355957,116.92961856355957,10168004
2015-09-28,117.20741613060741,117.31418456170667,116.97368421727515,117.12094034680501,117.12094034680501,15148721
2015-09-29,117.201089084719,117.46414414208924,116.98169726520716,117.16492214476631,117.16492214476631,19576637
2015-09-30,117.11445321557845,117.3653861207186,116.98817949547235,117.19813232563358,117.19813232563358,11597656
2015-10-01,117.30605594534883,117.46439724414063,117.03840361777414,117.22004555808655,117.22004555808655,4368523
2015-10-02,117.30111478007994,117.42406304620816,117.05568453705644,117.23027966252829,117.23027966252829,3961616
2015-10-05,117.27097281589255,117.46045905033162,116.84863837352094,117.1933840876404,117.1933840876404,14138611
2015-10-06,117.18681119539036,117.32425517945808,117.01648800421914,117.15966486333804,117.15966486333804,4858820
2015-10-07,117.12822445746937,117.26831644134793,116.83003005788473,117.11579125439813,117.11579125439813,10885363
2015-10-08,117.06914067297384,117.39318381205763,116.9566400910659,117.06209683984008,117.06209683984008,8554108
2015-10-09,116.86314533241793,117.12922715534562,116.74713545128581,116.99891519868332,116.99891519868332,15468291
2015-10-12,116.58492764656447,116.99435787536949,116.41254280285263,116.75578270581453,116.75578270581453,10323443
2015-10-13,116.68534282762153,116.81708504432628,116.48245715393794,116.65798794845678,116.65798794845678,7878616
2015-10-14,116.47746068048403,116.66679949331464,116.40206738818296,116.55237385959728,116.55237385959728,22422485
2015-10-15,116.36331586889065,116.55287677548284,116.17512831500218,116.43927401825543,116.43927401825543,12074131
2015-10-16,116.24757241273446,116.46651053610036,116.04026777621952,116.31902200345061,116.31902200345061,10557195
2015-10-19,115.86029524439144,116.46318557482904,115.44932512475627,115.91868870845241,115.91868870845241,5686747
2015-10-20,115.83437748780909,115.94603689897741,115.59133445913037,115.77316378998977,115.77316378998977,4509201
2015-10-21,115.62451146968438,115.95699222031996,115.45685826525173,115.62215459316116,115.62215459316116,7026631
2015-10-22,115.37778080338134,115.71094504506888,115.1302854600756,115.46599469698593,115.46599469698593,3781153
2015-10-23,115.3196875715604,115.51451419082476,114.97767492570769,115.30501768048356,115.30501768048356,6810414
2015-10-26,114.59179621240999,115.33506649224145,114.32352380605184,114.7965196992074,114.7965196992074,11940289
2015-10-27,114.62616434247484,114.84713755211834,114.31277247967448,114.61960999159028,114.61960999159028,13070221
2015-10-28,114.55500706534283,114.72489808374732,114.22785170179117,114.43955105874302,114.43955105874302,6742558
2015-10-29,114.32076251562569,114.42728931791163,114.05201798550043,114.25667647968497,114.25667647968497,34723926
2015-10-30,114.15644006809566,114.25855716197447,113.93110311728479,114.07131983343551,114.07131983343551,15121412
2015-11-02,113.52585622014213,114.2920124791352,112.99411996402132,113.50369328173281,113.50369328173281,7881016
2015-11-03,113.38446541451033,113.63893846702784,113.0818827208009,113.31174415691177,113.31174415691177,14156207
2015-11-04,113.13334444778064,113.43281502457843,113.01182787739663,113.11898085999634,113.11898085999634,5987626
2015-11-05,112.87341125092942,113.12683972833914,112.71878505107733,112.92573697000587,112.92573697000587,9082953
2015-11-06,112.61604715912075,113.01854728869928,112.44591030331333,112.73234606595982,112.73234606595982,6680268
2015-11-09,111.97997479538479,112.7035482293292,111.48213419834967,112.15462705968199,112.15462705968199,4364715
2015-11-10,112.03557282549893,112.18173521748736,111.71387541968289,111.96398388960746,111.96398388960746,10441174
2015-11-11,111.65677417820437,111.92350296682565,111.46076681765743,111.77486160057435,111.77486160057435,7976425
2015-11-12,111.66537621539148,111.82654450310322,111.48293942517428,111.58759377160197,111.58759377160197,8277849
2015-11-13,111.34665673049433,111.54632185889248,111.17193306595684,111.40251398170982,111.40251398170982,7892192
2015-11-16,110.71185361457172,111.29375837134575,110.17587537664724,110.86373863670832,110.86373863670832,5105870
2015-11-17,110.85019386657889,110.98912072169594,110.4652914038854,110.6907467933308,110.6907467933308,17700812
2015-11-18,110.4752172655866,110.66914167314535,110.34696677205305,110.52161088413048,110.52161088413048,9059470
2015-11-19,110.36482798571458,110.47247634727111,110.22576755850122,110.3566644881267,110.3566644881267,7000338
2015-11-20,110.08475390150535,110.31138699377493,109.89167172718382,110.19624118433889,110.19624118433889,4157177
2015-11-23,109.62105284098102,110.3936101887837,109.31975913091152,109.74544561646516,109.74544561646516,16137274
2015-11-24,109.56097773828313,109.8217759519005,109.3056857776321,109.60645047173514,109.60645047173514,12655610
2015-11-25,109.52008495940487,109.66629424392944,109.2404357597433,109.47364631431806,109.47364631431806,8006039
2015-11-26,109.25515673948547,109.63198097217177,109.09413971468588,109.34736672323335,109.34736672323335,4209638
2015-11-27,109.10829408963934,109.51797108055231,108.94515976069616,109.22794527750037,109.22794527750037,18336748
2015-11-30,108.75483077260482,109.16481299040095,108.55579365578926,108.91416560260583,108.91416560260583,6666175
2015-12-01,108.91816350482992,109.08197050501695,108.63660067089037,108.8255125284738,108.8255125284738,5718383
2015-12-02,108.82953778686766,109.01932341359779,108.53018810988324,108.7453549430885,108.7453549430885,7805902
2015-12-03,108.67411452907102,108.9210813479448,108.39280003807468,108.67387366695958,108.67387366695958,9650498
2015-12-04,108.58088628834398,108.7435454102805,108.42824538209267,108.6112189688947,108.6112189688947,7353122
2015-12-07,108.62709419012923,108.77487595078938,108.29167177375417,108.47771703116044,108.47771703116044,1470826
2015-12-08,108.54767372273926,108.67225622507482,108.33247132770323,108.45187133342799,108.45187133342799,9063492
2015-12-09,108.43659180300259,108.59751874388763,108.12974713259622,108.4356035577977,108.4356035577977,12688962
2015-12-10,108.51609456680545,108.62347502830919,108.3107487524256,108.42906397307726,108.42906397307726,5123902
2015-12-11,108.38795008311814,108.53854725021772,108.18721124032734,108.43240284807435,108.43240284807435,17456603
2015-12-14,108.46399794283688,108.62998110109652,108.3113909133011,108.50319291944686,108.50319291944686,12389842
2015-12-15,108.67287589366481,108.81974738295675,108.35739464813697,108.5475483213903,108.5475483213903,10113075
2015-12-16,108.59969503669255,108.70027846074794,108.34980903957393,108.60253352708935,108.60253352708935,4818185
2015-12-17,108.63532227899984,108.861162024112,108.55518631667766,108.6682988053518,108.6682988053518,9196985
2015-12-18,108.63582035696386,108.96218769009887,108.51154261268269,108.74499442498517,108.74499442498517,9553489
2015-12-21,109.05075289636476,109.19294082566044,108.66754158909292,109.04216602018751,109.04216602018751,7678928
2015-12-22,109.11278782329357,109.48540626524021,108.8759747304611,109.16408569338112,109.16408569338112,12492286
2015-12-23,109.35779108133127,109.44795641927855,109.16017812165822,109.29768705198391,109.29768705198391,6679721
2015-12-24,109.34864109703945,109.6115333330166,109.13836724013292,109.44312036480352,109.44312036480352,6984040
2015-12-25,109.48034726409395,109.76913213363301,109.35087609541621,109.60053590064754,109.60053590064754,5733096
2015-12-28,109.72286754035404,110.52372913169033,109.39540289429796,110.14617853440275,110.14617853440275,6384180
2015-12-29,110.24347861161309,110.45268491903198,110.14124831694745,110.35302565042096,110.35302565042096,7421983
2015-12-30,110.53254605028796,110.84147734427795,110.34722950445884,110.57260633350182,110.57260633350182,7289148
2015-12-31,110.80706172507348,111.14567502369238,110.47613583840945,110.80507085245294,110.80507085245294,7127232
2016-01-01,111.01494787431137,111.21886078522228,110.7081222134505,111.05056947608199,111.05056947608199,12698584
2016-01-04,112.36240225385342,112.79339750675042,111.11507173441281,111.86262259087123,111.86262259087123,16958861
2016-01-05,112.21121172546295,112.51672136674705,111.93946754042896,112.15607318525335,112.15607318525335,4214434
2016-01-06,112.53825284450217,112.86663037339046,112.19771105640226,112.4596202752477,112.4596202752477,16762969
2016-01-07,112.78419415202039,113.05212423254001,112.50431318936849,112.77249189138603,112.77249189138603,11208520
2016-01-08,113.10625543569927,113.34079472351986,112.85245894103468,113.09391606420003,113.09391606420003,5118708
2016-01-11,114.14541504848016,114.89957224162482,113.3640160800076,114.1017842280128,114.1017842280128,6783543
2016-01-12,114.20447968715139,114.8665885628226,113.9785820354134,114.44969893284632,114.44969893284632,9220557
2016-01-13,114.77972797721232,115.2633823038004,114.61776748787699,114.80230634701384,114.80230634701384,3497096
2016-01-14,114.93673932200892,115.38726018766664,114.74472999463055,115.15883450104717,115.15883450104717,7660439
2016-01-15,115.4505211648379,115.82045590847913,115.29138945566686,115.51851142547791,115.51851142547791,10404250
2016-01-18,117.17446316481634,118.1317702595184,115.72376278103249,116.60871512647168,116.60871512647168,5513810
2016-01-19,117.01843904502866,117.44610206441376,116.78566145959964,116.97326743780906,116.97326743780906,3817187
2016-01-20,117.63290006179233,117.87708592949107,117.07024119837385,117.33710867220229,117.33710867220229,8835372
2016-01-21,117.89081395018768,118.14950147907373,117.24403982530862,117.69946686018305,117.69946686018305,24132675
2016-01-22,118.15870631702309,118.37028684082995,117.56289193782514,118.05957003228306,118.05957003228306,5600330
2016-01-25,119.73138910047409,120.25200341543811,118.39571187265345,119.11862975861524,119.11862975861524,5674139
2016-01-26,119.4161004533248,119.85482322528053,119.14035599923625,119.461993172509,119.461993172509,7236912
2016-01-27,119.73229301588782,119.97878563684442,119.48093296668989,119.79924172318039,119.79924172318039,17536866
2016-01-28,119.94445840869358,120.46714121263952,119.67791503733365,120.12960344116111,120.12960344116111,3501667
2016-01-29,120.56408302176881,120.83786756368384,120.04862469238653,120.45230635698283,120.45230635698283,11755880
2016-02-01,121.48746994436016,121.93889380201111,120.46261106646705,121.36674259681092,121.36674259681092,6321616
2016-02-02,121.78878774751819,122.01247071118583,121.32284803404423,121.65124652011838,121.65124652011838,6600144
2016-02-03,121.86533481093012,122.21633443593613,121.55818939800172,121.9251672587543,121.9251672587543,4827642
2016-02-04,122.3841656621183,122.57070079198336,122.06745363526815,122.18866830807941,122.18866830807941,7063607
2016-02-05,122.32430207761462,122.56715373858606,122.2208216595081,122.44191316345449,122.44191316345449,4897829
2016-02-08,122.56303937752563,123.65163808646139,122.16015692986014,123.14174551948653,123.14174551948653,6099958
2016-02-09,123.40975559883312,123.62245117726222,123.05280481928608,123.3556005526686,123.3556005526686,2331926
2016-02-10,123.51163502755513,123.74817107417108,123.30795852584598,123.56001686870428,123.56001686870428,3361829
2016-02-11,123.91447232761737,124.05220632320297,123.50613121236192,123.75515796295423,123.75515796295423,9466914
2016-02-12,123.89177063638549,124.25028563277972,123.73912388066952,123.94118733077921,123.94118733077921,15037617
2016-02-15,124.47497944498251,124.72787850616051,123.942931499807,124.44624002931172,124.44624002931172,40219667
2016-02-16,124.57363500994335,124.84404757219228,124.31383566470238,124.59745744504416,124.59745744504416,12701478
2016-02-17,124.8286977765053,124.98595327705237,124.51852206284599,124.74038061115526,124.74038061115526,6184788
2016-02-18,124.91064560599126,125.08440007888342,124.57550737207171,124.87517302300577,124.87517302300577,2967220
2016-02-19,125.15616849249048,125.35939666545018,124.66341930406578,125.0019981759564,125.0019981759564,10478491
2016-02-22,125.38913389734968,125.77721621217522,125.13156913241154,125.33630503501651,125.33630503501651,3869707
2016-02-23,125.58408166481333,125.72943699559728,125.20106491279961,125.43289610597502,125.43289610597502,5343350
2016-02-24,125.47183023972919,125.82360179135247,125.30181445650145,125.52233739483734,125.52233739483734,12459149
2016-02-25,125.46440676097457,125.83962360694034,125.3104154484218,125.60479239696411,125.60479239696411,9267781
2016-02-26,125.75068815233993,126.036614053056,125.50136498239776,125.68042460771618,125.68042460771618,5027430
2016-02-29,125.97031567733279,126.16489809939458,125.58550528714272,125.86801944533104,125.86801944533104,3408396
2016-03-01,125.88970322645008,126.2240844914921,125.57263670697195,125.91799544419133,125.91799544419133,8895657
2016-03-02,126.11370989604724,126.30327709010739,125.7380066900438,125.96197670302374,125.96197670302374,9462057
2016-03-03,125.97797025252125,126.18609919743896,125.64572433048028,126.00017958990506,126.00017958990506,16968732
2016-03-04,125.90602136654043,126.35986720022571,125.6565419003185,126.03283104745528,126.03283104745528,2301086
2016-03-07,126.18040285438337,126.26493760200127,125.95816231945884,126.09974627031957,126.09974627031957,8487126
2016-03-08,126.04383886868197,126.31742169167215,125.9372393079694,126.11246143674563,126.11246143674563,12652131
2016-03-09,126.15238302386648,126.32315620642777,125.75553970852242,126.12075988694065,126.12075988694065,6483876
2016-03-10,126.05518510793055,126.49755537701375,125.75753137947115,126.12486856352464,126.12486856352464,3600640
2016-03-11,126.22554274202646,126.46539153842893,125.98562289996583,126.1250144091177,126.1250144091177,5038189
2016-03-14,126.17862402801777,126.40312053508414,125.9864789590829,126.10394438615104,126.10394438615104,8151069
2016-03-15,126.08960933304502,126.39650720046633,125.93436919044717,126.09050833398028,126.09050833398028,6271034
2016-03-16,125.97144636493348,126.33652307937687,125.69707707060178,126.07424416391859,126.07424416391859,9312759
2016-03-17,126.07626511729718,126.41953899244034,125.89428014594523,126.055378818586,126.055378818586,15166937
2016-03-18,125.96057896861193,126.27891560991542,125.7876983897007,126.03413924060257,126.03413924060257,6552052
2016-03-21,125.81022165811584,126.17245891662364,125.62066464487239,125.95844453694704,125.95844453694704,14721433
2016-03-22,125.94732628677679,126.08642961050788,125.81124520866568,125.92997745456019,125.92997745456019,7550507
2016-03-23,126.0128242930199,126.22144645597746,125.62713942300823,125.9002708526225,125.9002708526225,9477364
2016-03-24,125.94703842594564,126.17696694002615,125.68304403223964,125.86955167375405,125.86955167375405,7545033
2016-03-25,125.88419470471135,126.05287072618202,125.49691208098895,125.8380468605748,125.8380468605748,9600891
2016-03-28,125.72800609588798,125.86090749990339,125.5530713641508,125.74108804137248,125.74108804137248,10473120
2016-03-29,125.78835794446825,126.04333342715991,125.41427680894415,125.70871011715023,125.70871011715023,11027001
2016-03-30,125.62334012783421,125.7928037308232,125.38563151827884,125.67668127171726,125.67668127171726,8012987
2016-03-31,125.6969605835158,125.94398384439371,125.47370556624377,125.64522844769363,125.64522844769363,1512930
2016-04-01,125.78446561401803,125.98357642814415,125.49234576463441,125.6145785876993,125.6145785876993,10774806
2016-04-04,125.43619460478097,125.75744359789216,125.30823611275322,125.5290950284187,125.5290950284187,2987082
2016-04-05,125.56143271550066,125.67795671681205,125.3139037003657,125.5030751908187,125.5030751908187,5906177
2016-04-06,125.55150855140916,125.77710830075759,125.15234080487569,125.47844086174935,125.47844086174935,2420128
2016-04-07,125.3744395779231,125.78346807983455,125.13151036918501,125.455280941681,125.455280941681,18703639
2016-04-08,125.51114115099782,125.69051025931114,125.20040899906867,125.4336843310839,125.4336843310839,9856126
2016-04-11,125.27067321290623,125.7466213627279,125.10662972350298,125.3791633608239,125.3791633608239,6797369
2016-04-12,125.23565383837766,125.49113984284372,125.09279983612835,125.36470899281535,125.36470899281535,16263016
2016-04-13,125.18453670946151,125.59796174048533,125.02170449531037,125.35226243662976,125.35226243662976,10438030
2016-04-14,125.45431633054294,125.64383033699205,125.11723657897426,125.34191259273746,125.34191259273746,8514213
2016-04-15,125.47820899938601,125.6735964589831,125.14845018189435,125.3337483616088,125.3337483616088,9747527
2016-04-18,125.36568239554754,125.48322556648195,125.1407158340059,125.32325834950777,125.32325834950777,6608857
2016-04-19,125.21642249698651,125.64806428245537,125.07081720558249,125.32472557413683,125.32472557413683,4304234
2016-04-20,125.34275233964064,125.58708612165725,125.09781542057785,125.3288229138812,125.3288229138812,12934360
2016-04-21,125.37556586564988,125.55281619395065,125.10699527567606,125.33563926921116,125.33563926921116,7721099
2016-04-22,125.30162247900797,125.49274497321953,125.20846317245866,125.34526354059703,125.34526354059703,3319720
2016-04-25,125.45932796616756,125.73257775850959,125.089795325562,125.39187285579348,125.39187285579348,10310161
2016-04-26,125.33892122001296,125.56791087636529,125.24445400836915,125.41361779610634,125.41361779610634,8165107
2016-04-27,125.39623064220999,125.63311456457315,125.27383866087894,125.43861515482678,125.43861515482678,18715486
2016-04-28,125.44581366818153,125.65629546254716,125.24527976283613,125.46695383242512,125.46695383242512,9149577
2016-04-29,125.62312505031602,125.84133041117288,125.32574350794452,125.49872272937169,125.49872272937169,4432276
2016-05-02,125.52848998996292,125.90600772864016,125.34842833038302,125.61549974100413,125.61549974100413,3268611
2016-05-03,125.63386723243549,125.98521042071634,125.45075738923245,125.66187852004691,125.66187852004691,15053173
2016-05-04,125.62521418984755,125.89139533208427,125.48048043752473,125.71213202078961,125.71213202078961,7749509
2016-05-05,125.70825737522009,126.04457393971411,125.5112879981279,125.76634914370251,125.76634914370251,5188991
2016-05-06,125.81429133306153,126.08893435895031,125.65759609534028,125.82461878925594,125.82461878925594,5582345
2016-05-09,126.08861841582284,126.35846403259072,125.8699897618211,126.02463186646281,126.02463186646281,15311644
2016-05-10,126.15723021243184,126.45343152346982,125.75336608151237,126.10000060728169,126.10000060728169,10128427
2016-05-11,126.11331550131872,126.29664952640971,125.95137737573818,126.17986637309279,126.17986637309279,13846469
2016-05-12,126.37014335710896,126.55667574805203,126.04141146905071,126.2643180643664,126.2643180643664,9043523
2016-05-13,126.38307570220122,126.48091690841626,126.230277073952,126.35344458157286,126.35344458157286,5265259
2016-05-16,126.54705663382214,126.95387322958948,126.36148215920214,126.64976209349265,126.64976209349265,19545207
2016-05-17,126.62098429105279,126.94912531031693,126.49687829918774,126.7584769191338,126.7584769191338,6579223
2016-05-18,126.92546935142586,127.06823121097068,126.6092329841715,126.87231107305945,126.87231107305945,11960948
2016-05-19,126.83673236416202,127.1997732977911,126.6885088628616,126.99135345573995,126.99135345573995,13757018
2016-05-20,127.09720575794032,127.39594673372913,126.9539113184422,127.11569296764559,127.11569296764559,8025104
2016-05-23,127.39190107188368,127.8462408033721,127.23138193420039,127.52138328341677,127.52138328341677,4585182
2016-05-24,127.69863870188539,127.97913969698622,127.33554052883476,127.66780031692635,127.66780031692635,5699406
2016-05-25,127.77154912128788,128.04358096014195,127.45067966920175,127.81995898201272,127.81995898201272,11223761
2016-05-26,128.03831483098404,128.11149850739446,127.8262355981783,127.97794817914622,127.97794817914622,10447383
2016-05-27,128.29168855959873,128.4680926070921,127.89261268796511,128.1418568087972,128.1418568087972,15329410
2016-05-30,128.6562882572223,129.06611133536336,128.31356024323833,128.66998829755823,128.66998829755823,14141145
2016-05-31,128.88543420634915,129.09154419725897,128.72623507870537,128.85846366198237,128.85846366198237,4967695
2016-06-01,129.05065271466563,129.355214407902,128.84893969869927,129.05330296127562,129.05330296127562,16465417
2016-06-02,129.21720336631864,129.4610502485446,129.0991503755758,129.254481174466,129.254481174466,4789152
2016-06-03,129.29282587970383,129.59341685697686,129.15199330151376,129.46151759481194,129.46151759481194,10770801
2016-06-06,129.83571262606475,130.65979401523936,129.4547467492229,130.111829816945,130.111829816945,26847537
2016-06-07,130.34318216260112,130.7121570672676,130.17968165982694,130.33635278407496,130.33635278407496,9352877
2016-06-08,130.59682110717404,130.85722144052716,130.44371953797548,130.5637608174413,130.5637608174413,3287247
2016-06-09,130.71264552537863,131.09560607167865,130.45377169771007,130.7934592888602,130.7934592888602,6797077
2016-06-10,131.1933708942063,131.31674975921132,130.85845092477288,131.02485357014785,131.02485357014785,23732855
2016-06-13,131.6217812428056,132.1834774326561,130.96442179382376,131.72326499138464,131.72326499138464,7213059
2016-06-14,132.07570653244062,132.1901792274339,131.7433730174166,131.95549623030877,131.95549623030877,15532561
2016-06-15,132.17058597042617,132.51387248235432,131.9049563866955,132.18645013818238,132.18645013818238,4958631
2016-06-16,132.3782325970591,132.56289509265406,132.20858347770235,132.41553208682168,132.41553208682168,6696619
2016-06-17,132.63888281846093,132.8389208574254,132.49855263027987,132.64214744804278,132.64214744804278,7182083
2016-06-20,133.1708763123433,133.78907095121934,132.85035886747514,133.30124772535873,133.30124772535873,21219034
2016-06-21,133.47235435925967,133.75333873948128,133.33916263154504,133.51205045506876,133.51205045506876,6865244
2016-06-22,133.936539470104,134.1130531103242,133.47687713882385,133.71741345644148,133.71741345644148,3116530
2016-06-23,133.9420250304848,134.0562505835685,133.6110910721272,133.91674210129293,133.91674210129293,26322727
2016-06-24,134.04026021223746,134.37622193069936,133.91444760442096,134.10944176143934,134.10944176143934,8963629
2016-06-27,134.5861039364129,134.98165545754364,134.39550302971017,134.64182055180984,134.64182055180984,11098095
2016-06-28,134.8405955094504,135.19816315501657,134.5338331072954,134.80205799129766,134.80205799129766,3582326
2016-06-29,134.8128550619726,135.106261016696,134.65956324455985,134.9526933051612,134.9526933051612,9100449
2016-06-30,134.9708665891911,135.32921550310456,134.6983859462458,135.09313186521663,135.09313186521663,8076752
2016-07-01,135.12881063054144,135.55401514677277,134.933687793807,135.22277904328016,135.22277904328016,4934800
2016-07-04,135.5700091171785,135.92935787595988,135.24061267715928,135.54544987739214,135.54544987739214,11172099
2016-07-05,135.55033274362748,135.87452109019236,135.34665831138759,135.632047591106,135.632047591106,3408437
2016-07-06,135.58098852193183,135.9297064513507,135.32223416664465,135.70881311409676,135.70881311409676,4917447
2016-07-07,135.59424105026366,136.01170459373114,135.41774101583894,135.77613490122755,135.77613490122755,14664338
2016-07-08,135.8112226431072,136.03203776545413,135.62002003797605,135.8344014073616,135.8344014073616,5565152
2016-07-11,136.04386291055008,136.13974196878664,135.7686516140163,135.95875378841464,135.95875378841464,6251131
2016-07-12,135.97698151566738,136.24501053558276,135.78729779155145,135.98468371919316,135.98468371919316,8368224
2016-07-13,136.05744176057038,136.20259900868848,135.737031135593,136.00350064329072,136.00350064329072,6642363
2016-07-14,136.04295615215602,136.220115513807,135.68065409443875,136.0155930155705,136.0155930155705,11300930
2016-07-15,136.17351116350503,136.33136748166586,135.75518810987856,136.0213492908956,136.0213492908956,8735809
2016-07-18,136.21156098292337,136.403513507557,135.86271875695638,136.00448608377494,136.00448608377494,3766399
2016-07-19,136.02143440892272,136.28355698895555,135.65975501277907,135.98878251991326,135.98878251991326,5540055
2016-07-20,135.95319479225716,136.11303722356288,135.61618124962303,135.96868513341272,135.96868513341272,5248394
2016-07-21,135.8400137748024,136.0885103872,135.7395853556113,135.94458237913656,135.94458237913656,6345445
2016-07-22,135.94474722648948,136.3107482528948,135.60497917295493,135.91686271194794,135.91686271194794,8460683
2016-07-25,135.90775764231068,136.0229123855092,135.5719827730309,135.8158867815389,135.8158867815389,9323940
2016-07-26,135.73460898488295,135.92603516611098,135.40186698188327,135.77758401133207,135.77758401133207,2448490
2016-07-27,135.8540840713363,136.0305274933376,135.3745120785478,135.73760660252853,135.73760660252853,13356073
2016-07-28,135.7902702716365,135.9961861216275,135.4244879798734,135.69634300999158,135.69634300999158,7644662
2016-07-29,135.76537823757417,135.96101247256203,135.33510112526855,135.65418168858426,135.65418168858426,4568762
2016-08-01,135.49755639024787,135.72427343326598,135.15281657174208,135.5261958997722,135.5261958997722,12879047
2016-08-02,135.46657750424976,135.6104878010539,135.22127701843178,135.4842527281047,135.4842527281047,2791701
2016-08-03,135.54263080516014,135.8392792233207,135.23190465323796,135.44290120141937,135.44290120141937,3638528
2016-08-04,135.44288471169983,135.59527876616824,135.0659142882096,135.40207687411586,135.40207687411586,23196919
2016-08-05,135.50751627998926,135.67570780803658,135.17733381079583,135.36171530059397,135.36171530059397,8607160
2016-08-08,135.38327176342543,135.56517094221664,135.01069750608892,135.2427626467153,135.2427626467153,5533487
2016-08-09,135.22460254631775,135.49848880647687,134.83612054951527,135.2036076323174,135.2036076323174,8445981
2016-08-10,135.05364740667218,135.37505867885324,134.83732088300835,135.16459314369976,135.16459314369976,7305714
2016-08-11,135.00588464693035,135.3241951479749,134.88945467040645,135.12565473526226,135.12565473526226,8144389
2016-08-12,135.2442104441281,135.37785382727478,134.90423072866542,135.0867279614046,135.0867279614046,10216548
2016-08-15,135.0670434063781,135.3363278347006,134.74700641153393,134.96937299130835,134.96937299130835,7245851
2016-08-16,134.96401439827972,135.31954470392768,134.72790976380907,134.92984829976768,134.92984829976768,9552348
2016-08-17,134.8234636311506,135.0414138607211,134.718731361773,134.8900130148056,134.8900130148056,7392228
2016-08-18,134.84837390506027,135.01501258974903,134.51793744527157,134.84980269082195,134.84980269082195,5306900
2016-08-19,135.00503796542026,135.19793521877202,134.6164638560042,134.80915288221632,134.80915288221632,4601614
2016-08-22,134.81493629244727,135.01345647450353,134.43425154482736,134.68392209266588,134.68392209266588,15471190
2016-08-23,134.75475702733792,135.01170949150355,134.41059295835774,134.64086988957033,134.64086988957033,11057902
2016-08-24,134.44823568485805,134.7754682118257,134.19833070327917,134.59705597385167,134.59705597385167,13436470
2016-08-25,134.529359244687,134.83954138108302,134.320811672391,134.55241589990962,134.55241589990962,8015079
2016-08-26,134.48090408815406,134.82598843504095,134.36323681671402,134.50688522214392,134.50688522214392,8955581
2016-08-29,134.52416465344496,134.6771367823603,134.21803154817064,134.36430510990274,134.36430510990274,7317431
2016-08-30,134.18082192276154,134.55057417914668,134.02705610573656,134.31456756084015,134.31456756084015,14270392
2016-08-31,134.20842332437647,134.38879508048822,133.97378721572008,134.26361717995266,134.26361717995266,6732984
2016-09-01,134.23559169720798,134.49647393596092,133.97257459649717,134.2113895216401,134.2113895216401,4891142
2016-09-02,134.13843545371356,134.34986512481268,133.91541046629607,134.15781643537204,134.15781643537204,10382069
2016-09-05,134.12566260519475,134.23545981741967,133.85241543442152,133.98818008660612,133.98818008660612,7414025
2016-09-06,133.83684102422424,134.3182281546329,133.66255932921757,133.92837335642704,133.92837335642704,9064820
2016-09-07,133.91960236315995,134.09944855281807,133.60441892127793,133.86679152731784,133.86679152731784,11415869
2016-09-08,133.78411714739656,134.15974429701308,133.64090349201024,133.80334792409755,133.80334792409755,5988730
2016-09-09,133.67529805430112,133.91127160581416,133.58842845010213,133.73795587158517,133.73795587158517,7170535
2016-09-12,133.58991230444957,133.83796413386895,133.3743948354633,133.52922226648604,133.52922226648604,6849913
2016-09-13,133.4594367527067,133.8490912383182,133.30674625456675,133.4551696649958,133.4551696649958,15223450
2016-09-14,133.37114154381212,133.52731588316348,133.08791794982548,133.3787352383087,133.3787352383087,8057483
2016-09-15,133.27789026131063,133.42213115882174,133.1248611424672,133.29983231124382,133.29983231124382,8650612
2016-09-16,133.1422598798527,133.45956925431855,133.0281379280194,133.21837420862016,133.21837420862016,4487166
2016-09-19,132.8744406270419,133.10332620682652,132.78967675503898,132.95780209558694,132.95780209558694,11528691
2016-09-20,132.87632784162307,133.19364725488342,132.47842543779362,132.86525653891857,132.86525653891857,9909513
2016-09-21,132.8901537551619,133.14420636269654,132.41194830152793,132.76972243078671,132.76972243078671,5268903
2016-09-22,132.68628034498101,132.91143939346486,132.4874910802918,132.67111309601026,132.67111309601026,20924867
2016-09-23,132.57072384649658,132.7606784545588,132.35883643093362,132.56934185940833,132.56934185940833,9469146
2016-09-26,132.3593621005204,132.53881773475192,132.02621224093465,132.24418998684015,132.24418998684015,5856993
2016-09-27,132.1928048133791,132.44855597694777,131.87350721077297,132.12890439112675,132.12890439112675,7988599
2016-09-28,131.97476573641654,132.1313425430236,131.8857780441256,132.01002351768307,132.01002351768307,6653580
2016-09-29,131.90927520811826,132.16941674467213,131.5828174307521,131.88746069132816,131.88746069132816,17311657
2016-09-30,131.80898014267308,132.04941106359416,131.49778721253,131.76112923688103,131.76112923688103,12756384
2016-10-03,131.42191426996754,131.8092539898578,130.79778186458404,131.358656353177,131.358656353177,10038815
2016-10-04,131.24812211452013,131.40116863022172,131.05298976086,131.21638363455153,131.21638363455153,18875494
2016-10-05,131.21090912321844,131.384412563314,130.73061749007178,131.0699089119291,131.0699089119291,4760373
2016-10-06,130.75041564381849,131.06209902121253,130.58358427465785,130.91914551012874,130.91914551012874,11791634
2016-10-07,130.8472115539413,130.93641487405768,130.6113946319309,130.7640067539695,130.7640067539695,10517775
2016-10-10,130.41645679778506,130.94690650324978,129.84371114450977,130.27147160752872,130.27147160752872,7129314
2016-10-11,130.21711629168345,130.4168762449217,129.93438983808417,130.09796468212429,130.09796468212429,7145250
2016-10-12,129.82527334471513,130.04032692744093,129.73322562649184,129.91964902645617,129.91964902645617,12692746
2016-10-13,129.7121448053958,129.92087000723282,129.5479546670105,129.73643796534338,129.73643796534338,12236042
2016-10-14,129.56139328406834,129.72316780940244,129.28032656130236,129.54824482360502,129.54824482360502,3928711
2016-10-17,129.00851116842253,129.39009111067395,128.42782849067538,128.95290616282668,128.95290616282668,19839042
2016-10-18,128.5216792159625,128.92671828390726,128.37181726847984,128.7439179467763,128.7439179467763,14165662
2016-10-19,128.5274758428253,128.66206743332683,128.37972889612604,128.52951427419555,128.52951427419555,6949517
2016-10-20,128.11324636609956,128.54874872131688,127.93176830343549,128.3096084699034,128.3096084699034,5386074
2016-10-21,128.2730442453471,128.39647774859827,127.90680174995391,128.08411385871895,128.08411385871895,13938635
2016-10-24,127.64288126233717,128.14600927796786,126.47643845404865,127.37323043200217,127.37323043200217,10253735
2016-10-25,127.04960564413699,127.41855671976741,126.91960986613125,127.12451384143888,127.12451384143888,11446056
2016-10-26,126.91336049063476,127.00611295040015,126.71687182194904,126.86977506807848,126.86977506807848,10642642
2016-10-27,126.77490753687036,126.98691267373198,126.25657872261932,126.60892743674006,126.60892743674006,14683365
2016-10-28,126.37498059291863,126.69716288461692,126.13511169670097,126.34188427224257,126.34188427224257,12273098
2016-10-31,125.79160041296947,126.5897286328071,124.54455268849048,125.50271482798644,125.50271482798644,6125760
2016-11-01,125.22945690452954,125.59465905801966,124.90422811607998,125.21002277904327,125.21002277904327,5948934
2016-11-02,125.03839325615706,125.33847047538717,124.62803307396882,124.91085221192512,124.91085221192512,9558369
2016-11-03,124.56511588633897,124.91739919694253,124.30984793781482,124.60586840589458,124.60586840589458,25136343
2016-11-04,124.15763676710358,124.50056652976619,123.91806629139828,124.29588703110326,124.29588703110326,7422741
2016-11-07,123.5494825519539,124.38880174907334,122.8280995506228,123.34411419567957,123.34411419567957,9592701
2016-11-08,122.8990947496725,123.41813986207072,122.65170046916047,123.0222992473601,123.0222992473601,12512635
2016-11-09,122.81256668827294,123.09485416837968,122.25077007587922,122.6995650810374,122.6995650810374,6487234
2016-11-10,122.41847838219769,122.698764919813,122.21186137558061,122.37672736686291,122.37672736686291,11919593
2016-11-11,122.02438741217328,122.22271321209034,121.86207181648722,122.05460177498816,122.05460177498816,8056110
2016-11-14,121.3114370330268,121.90165404841609,119.953567545039,121.10065443467741,121.10065443467741,14945194
2016-11-15,120.867284012108,121.23033095446955,120.50668024908117,120.78953403351669,120.78953403351669,4988562
2016-11-16,120.52542903818161,120.80903847519123,120.21555566676668,120.4832041054133,120.4832041054133,25441588
2016-11-17,120.35629386376412,120.48778970420206,120.0039060363343,120.18248032051858,120.18248032051858,6842792
2016-11-18,119.94898013404773,120.10369456147812,119.59914186859106,119.88817834898421,119.88817834898421,10383045
2016-11-21,118.96195204659574,119.75176719453492,118.56455128161424,119.05196001605782,119.05196001605782,8019548
2016-11-22,118.84059442279512,119.15356817679829,118.54394929237266,118.79150199947964,118.79150199947964,4665129
2016-11-23,118.67025329386341,118.82894223633564,118.22864789116608,118.54154414701928,118.54154414701928,12134702
2016-11-24,118.33876705257777,118.60758984763389,118.13079885666966,118.30290212882826,118.30290212882826,7009633
2016-11-25,118.04457618753186,118.29532005052715,117.85090692126259,118.07639161505804,118.07639161505804,10405155
2016-11-28,117.12649331314293,118.1432893143999,116.5849451657059,117.47780580178744,117.47780580178744,5348817
2016-11-29,117.16885761755107,117.47474368313688,117.03324672421004,117.30797800721561,117.30797800721561,7025407
2016-11-30,117.2087052384622,117.43335939734519,116.841927054086,117.15436006782211,117.15436006782211,6904799
2016-12-01,117.07572422093477,117.22816124702995,116.81050812711408,117.01776765375853,117.01776765375853,10535484
2016-12-02,116.9778976220827,117.11265084242596,116.60509336519542,116.89880253457218,116.89880253457218,9331198
2016-12-05,116.78215009335509,116.93234605591938,116.51891438224241,116.64427701517067,116.64427701517067,7323912
2016-12-06,116.63136363230247,116.926174084755,116.45697257669039,116.59199934317914,116.59199934317914,6649019
2016-12-07,116.47493186865633,116.67579047664918,116.40061972670344,116.5552241993036,116.5552241993036,9364225
2016-12-08,116.70899287907159,116.84019541126872,116.33023791256309,116.53348385007102,116.53348385007102,8831273
2016-12-09,116.41965506286869,116.70273192428076,116.21447866877166,116.5263105620083,116.5263105620083,8532677
2016-12-12,116.56155218378353,116.80113097367469,116.39780933880127,116.58751573010875,116.58751573010875,21415430
2016-12-13,116.63269601529905,116.74427115124017,116.36862561820197,116.63393335199487,116.63393335199487,10542447
2016-12-14,116.66202795795954,116.87137536011156,116.41373544550432,116.69257936768551,116.69257936768551,20935751
2016-12-15,116.68471755358057,116.99131905316048,116.51416611200636,116.76298604370761,116.76298604370761,7726751
2016-12-16,116.86840159042865,116.96363000347692,116.65186759601791,116.84468564658812,116.84468564658812,7808672
2016-12-19,117.292639492963,117.45045792583079,116.82745658674226,117.15286468164919,117.15286468164919,6213544
2016-12-20,117.2388446546225,117.60893281212437,117.08521874775239,117.27505865723252,117.27505865723252,9303542
2016-12-21,117.45558938648426,117.53785749624944,117.27986198135316,117.40620689230892,117.40620689230892,6797874
2016-12-22,117.48232839901756,117.84033225132245,117.19498043957046,117.54584165340525,117.54584165340525,6330395
2016-12-23,117.73255153189241,117.90067215086448,117.5561371116184,117.69349520704849,117.69349520704849,3093462
2016-12-26,118.49657846427375,118.73337714900035,117.92406358294343,118.17989128852889,118.17989128852889,16649232
2016-12-27,118.39552121734877,118.52614273007691,118.03006847064694,118.354942677629,118.354942677629,6604882
2016-12-28,118.47892900732944,118.68205789670772,118.35385791758874,118.53567419191066,118.53567419191066,16725378
2016-12-29,118.60085330162731,118.86847335473098,118.45263959269974,118.72161809790082,118.72161809790082,7624126
2016-12-30,118.81421157633557,119.0369306938231,118.72312764267015,118.91230666212637,118.91230666212637,11042307
2017-01-02,119.47150794644995,119.89244800585453,118.99511461006345,119.50816296948476,119.50816296948476,8302785
2017-01-03,119.65465661632292,119.98787784264306,119.5395164167881,119.7131528319212,119.7131528319212,9843307
2017-01-04,119.96527798729208,120.25051610512453,119.72623033807552,119.92054868522776,119.92054868522776,4830371
2017-01-05,120.06873491484932,120.44338141914916,119.91815738034283,120.12988279593125,120.12988279593125,14448875
2017-01-06,120.30913252872773,120.62213807029455,120.05032054539095,120.34068743055869,120.34068743055869,6659346
2017-01-09,120.6157845293312,121.3375103129741,120.34889077306399,120.97724714325372,120.97724714325372,12708611
2017-01-10,121.19513432013707,121.3719243341267,120.84005127691847,121.18925653884608,121.18925653884608,3853979
2017-01-11,121.38982414953387,121.58864057260426,121.28046041039462,121.40039779099703,121.40039779099703,5485931
2017-01-12,121.5425828611309,121.7834867106549,121.37227967744808,121.61020316623342,121.61020316623342,9634328
2017-01-13,121.90195123613697,122.05958915201016,121.55911319503572,121.8182049310823,121.8182049310823,7371528
2017-01-16,122.4857945254946,123.04272132489255,121.56494045069627,122.42671122857267,122.42671122857267,10053020
2017-01-17,122.61674663899467,122.8250827230054,122.49980196865307,122.6228212171405,122.6228212171405,8874955
2017-01-18,122.68794483591908,123.01656837378651,122.55634373392465,122.8147889279554,122.8147889279554,19953673
2017-01-19,123.06964058969524,123.3268682055088,122.67094823694717,123.0021466275443,123.0021466275443,10481523
2017-01-20,123.22852912063192,123.49947259890267,123.01097696873815,123.18442658243413,123.18442658243413,6443689
2017-01-23,123.68930837430841,124.09175868260056,122.99504430553326,123.69612264417856,123.69612264417856,6572033
2017-01-24,123.95703813506,124.202551577686,123.7369931710421,123.85341428554142,123.85341428554142,14607066
2017-01-25,123.98100324026449,124.36301208785885,123.7009503090673,124.00328951483985,124.00328951483985,3725759
2017-01-26,124.05277346954817,124.34219479472354,123.79028248045033,124.14528059860078,124.14528059860078,10580778
2017-01-27,124.30002385814436,124.4832706857276,123.9955495630077,124.27891980335114,124.27891980335114,4579323
2017-01-30,124.76884712359501,124.96457224024549,124.30973196298774,124.62504880880824,124.62504880880824,13930146
2017-01-31,124.72929810662608,125.07934373194753,124.5965996863046,124.7206031627857,124.7206031627857,6445131
2017-02-01,124.80811244702343,125.14746774840455,124.45198805842486,124.80546697038723,124.80546697038723,10407841
2017-02-02,124.74352017418649,125.01862415998326,124.64360967115192,124.87933465904808,124.87933465904808,8150165
2017-02-03,124.98496737004422,125.1580420327376,124.82249285843379,124.94254929983697,124.94254929983697,3999197
2017-02-06,125.16168053317733,125.33123839867962,124.77957700534917,125.07332725474163,125.07332725474163,11018784
2017-02-07,125.06828840716983,125.3437479639264,124.85981050515153,125.0989820238124,125.0989820238124,5578993
2017-02-08,125.19241669449873,125.280051251776,124.97123397648481,125.11650990489618,125.11650990489618,11945645
2017-02-09,125.2442204005892,125.46469730033289,124.95749912194188,125.12641612996988,125.12641612996988,4847395
2017-02-10,125.3008586350049,125.41970284788972,124.99964334363828,125.12920593101052,125.12920593101052,9029295
2017-02-13,125.21121491674405,125.43264583032087,124.83646660318321,125.09992910970392,125.09992910970392,8157794
2017-02-14,124.98863190892855,125.41744555268852,124.80334782729904,125.07930553438217,125.07930553438217,5918894
2017-02-15,125.01141820691367,125.3631687966817,124.80872821050657,125.05409169491232,125.05409169491232,15947731
2017-02-16,124.94582273136254,125.25263078710904,124.69773865745276,125.02479282327133,125.02479282327133,8135299
2017-02-17,124.85822057070017,125.26466503010792,124.65342123327906,124.99191415143613,124.99191415143613,6479310
2017-02-20,124.81606816346348,125.03129526778898,124.60302029148171,124.87685165453577,124.87685165453577,9288891
2017-02-21,124.91554020969666,125.12365542537063,124.71901071827253,124.83470610169391,124.83470610169391,3863604
2017-02-22,124.82742171376105,124.95079476095466,124.49700116390981,124.79150690854286,124.79150690854286,27256468
2017-02-23,124.76681168619068,125.04182646906123,124.52598294570718,124.74775930705967,124.74775930705967,4648728
2017-02-24,124.721773822833,124.87632888470485,124.44362770610645,124.70396852922119,124.70396852922119,10541681
2017-02-27,124.60172385410245,124.72026199946608,124.29546219624426,124.5773894573444,124.5773894573444,8248242
2017-02-28,124.58196130218965,124.69378990998418,124.33479599990919,124.53847829385495,124.53847829385495,14434998
2017-03-01,124.31477291884316,124.61462281132735,124.15021891628712,124.50205011389521,124.50205011389521,8744299
2017-03-02,124.54405440903638,124.76840616601358,124.32147700807737,124.46851754527871,124.46851754527871,5814152
2017-03-03,124.40089647280051,124.74130770660584,124.15044944633611,124.43792279916501,124.43792279916501,3159625
2017-03-06,124.4119339237634,124.60966996206703,124.2501960700686,124.36326156580097,124.36326156580097,3285076
2017-03-07,124.2089450053402,124.49795911522166,123.99055770773428,124.3439141796589,124.3439141796589,7102392
2017-03-08,124.36834414646945,124.46096214896826,124.18598473103944,124.32725265099982,124.32725265099982,15872895
2017-03-09,124.29727129552141,124.43010225618009,124.17657441680784,124.31322658681987,124.31322658681987,3467268
2017-03-10,124.2841485430675,124.45692306929683,124.10298775593014,124.30178559411506,124.30178559411506,20168579
2017-03-13,124.48354250848912,124.62683056059123,124.07311663775405,124.28246911481206,124.28246911481206,13775759
2017-03-14,124.20902682964716,124.45575591172748,124.11308156362165,124.28086447796838,124.28086447796838,4075863
2017-03-15,124.24864476523825,124.48590813148559,124.01702782454217,124.28159294758012,124.28159294758012,4649929
2017-03-16,124.2908156634888,124.42395520021597,124.05714843991386,124.28460413064339,124.28460413064339,4890172
2017-03-17,124.26370655152394,124.45974672766734,124.16906664589848,124.28984763415414,124.28984763415414,9291361
2017-03-20,124.36921106724755,124.56590808549893,124.12313034110386,124.31846813733215,124.31846813733215,7778263
2017-03-21,124.22828762995236,124.60271861457669,124.00863607162951,124.33213699259359,124.33213699259359,7634119
2017-03-22,124.37574167241372,124.5237681467893,124.05577119179763,124.34778620328285,124.34778620328285,6215993
2017-03-23,124.24122587479948,124.49237195549428,124.06412400758921,124.36536537639591,124.36536537639591,8745472
2017-03-24,124.30126653236907,124.59891142540333,124.09052396050707,124.38482411892892,124.38482411892892,12158251
2017-03-27,124.46193589936082,124.62719224387108,124.2606914171997,124.45397383300795,124.45397383300795,7503296
2017-03-28,124.44746310682231,124.64987268343553,124.34236148086961,124.48044692318116,124.48044692318116,5743705
2017-03-29,124.53965266495247,124.87157866991465,124.32524848884789,124.50854761775454,124.50854761775454,13137822
2017-03-30,124.48491683237847,124.81149116139935,124.20860408361906,124.53822552372415,124.53822552372415,7161843
2017-03-31,124.46818543444999,124.82721979911449,124.20083071468788,124.56943024808608,124.56943024808608,10542621
2017-04-03,124.66723495058196,124.89276025081635,124.43020250034903,124.6717014014861,124.6717014014861,7610225
2017-04-04,124.78031341888803,124.93308244568173,124.59373140556737,124.70850946937773,124.70850946937773,13762705
2017-04-05,124.81252981668179,125.00056404146878,124.5976332199893,124.74659239064192,124.74659239064192,14821265
2017-04-06,124.87283702323484,125.08070678427818,124.58919112226067,124.78589977227475,124.78589977227475,14564568
2017-04-07,124.78870625378423,125.1227823125489,124.5623697760588,124.82638122127221,124.82638122127221,6070879
2017-04-10,124.91293253090149,125.11187816897186,124.8222022272737,124.95436604241326,124.95436604241326,6039871
2017-04-11,125.01961608304428,125.24281755569287,124.63891130621434,124.99903983082999,124.99903983082999,12382831
2017-04-12,125.12605479061178,125.26535350858589,124.83622686408134,125.04463572159165,125.04463572159165,7745814
2017-04-13,125.00131247045917,125.43236518991588,124.73879337864699,125.0911033216943,125.0911033216943,7864352
2017-04-14,125.09110056910191,125.41694776327138,124.82065387376171,125.13839223813406,125.13839223813406,5651862
2017-04-17,125.25495259021791,125.53753983667609,124.97317283049851,125.28468295543605,125.28468295543605,16186132
2017-04-18,125.27702051681057,125.47792669896877,125.06226152682235,125.33475320718456,125.33475320718456,13459536
2017-04-19,125.42648474263628,125.65770976755212,125.10750793299403,125.38539281025037,125.38539281025037,7537955
2017-04-20,125.27061259674385,125.58031774070923,125.15559773165721,125.43655137162956,125.43655137162956,5793548
2017-04-21,125.50296932248413,125.68998028075205,125.20955522422409,125.4881784983182,125.4881784983182,5666721
2017-04-24,125.50137391549671,125.79613777620285,125.38618239680959,125.64536734020122,125.64536734020122,8551106
2017-04-25,125.64890421492204,125.9941776304831,125.3248559485817,125.69836479808812,125.69836479808812,9706798
2017-04-26,125.75981227228263,125.91922198804579,125.4450203757199,125.75157885626474,125.75157885626474,5197775
2017-04-27,125.74103530742805,126.02170907503,125.48647287039144,125.80495912172714,125.80495912172714,4293085
2017-04-28,125.7397798466703,126.2084571232881,125.51458826532296,125.85845520147132,125.85845520147132,8325046
2017-05-01,126.0995999454896,126.18662194224781,125.84865022929432,126.01913439635534,126.01913439635534,12326765
2017-05-02,126.20337636651739,126.32049939942148,125.93693874831307,126.07259143637735,126.07259143637735,8300849
2017-05-03,126.18070956247094,126.35048560697328,125.88450723206903,126.12592212480172,126.12592212480172,7062207
2017-05-04,126.09708931169061,126.2974494824015,125.92930560278909,126.17908586776463,126.17908586776463,4546880
2017-05-05,126.12333026865298,126.55580100791111,125.89862768394204,126.2320420714024,126.2320420714024,5826681
2017-05-08,126.41978031589075,126.52133582932387,126.1577212704395,126.38925950772753,126.38925950772753,12411804
2017-05-09,126.43632520320773,126.68070356290498,126.17560638066438,126.4409796154274,126.4409796154274,4275228
2017-05-10,126.58777138009329,126.75506738495987,126.23843829404935,126.49228921448346,126.49228921448346,19410285
2017-05-11,126.58960082373977,126.82403497401425,126.41910684702533,126.54314771103203,126.54314771103203,8347625
2017-05-12,126.55596059087905,126.89051890040054,126.31602769467557,126.59351451120935,126.59351451120935,3619275
2017-05-15,126.79002257551058,126.92273605527376,126.40680244037222,126.74125879487652,126.74125879487652,10288844
2017-05-16,126.77259165966845,126.90602012195328,126.63320685203138,126.78925287093153,126.78925287093153,10019692
2017-05-17,126.74967387754167,127.14339928814582,126.56409510935401,126.83655228129666,126.83655228129666,6427801
2017-05-18,126.80120897549348,127.14003937208867,126.61075140008403,126.88311643210821,126.88311643210821,12795495
2017-05-19,127.01398707609358,127.26600850277433,126.7709050981583,126.92890472950238,126.92890472950238,5868008
2017-05-22,127.0443262878413,127.39473350623746,126.91390986996468,127.0612085625435,127.0612085625435,10972971
2017-05-23,127.07183722370861,127.44297901015564,126.72750152710313,127.10348750763097,127.10348750763097,7862082
2017-05-24,127.1382006804357,127.3887401796489,126.9252327066716,127.1447876299825,127.1447876299825,6942402
2017-05-25,127.25215558083285,127.38864325291529,127.00986001320379,127.18506833573429,127.18506833573429,15657328
2017-05-26,127.27187543608431,127.55027229320842,127.064014219835,127.22428903102264,127.22428903102264,13081701
2017-05-29,127.43375385483996,127.57046458286419,127.04206415452244,127.33518511546966,127.33518511546966,4598412
2017-05-30,127.24234172799088,127.53345908996131,127.09211475400414,127.36975983026693,127.36975983026693,9675456
2017-05-31,127.46002637333828,127.74647959371217,127.11622871479331,127.40307156528206,127.40307156528206,20618066
2017-06-01,127.44105335338568,127.78595638375151,127.29683653911955,127.43507972665147,127.43507972665147,15861326
2017-06-02,127.47797595932326,127.7053034270334,127.11186449984332,127.46576332910735,127.46576332910735,5077183
2017-06-05,127.59612912213835,127.68559180935824,127.33145686524858,127.55051970854421,127.55051970854421,17768574
2017-06-06,127.65319060887686,127.79531897459907,127.37782321524837,127.57659721808838,127.57659721808838,12736350
2017-06-07,127.66327206802157,127.93187623955271,127.36297826499919,127.60171584868631,127.60171584868631,4735821
2017-06-08,127.69013106193951,127.98250453134136,127.40654593885301,127.62595265805056,127.62595265805056,8875360
2017-06-09,127.64731497228257,127.81881280793338,127.30300660416053,127.64938470389383,127.64938470389383,10158112
2017-06-12,127.70834611597309,127.84852940878217,127.35144837399608,127.71562283742418,127.71562283742418,4669143
2017-06-13,127.94729742274072,128.08691586805128,127.54024308399231,127.73660640630993,127.73660640630993,11387185
2017-06-14,127.66422367234182,127.97662542737203,127.41040365885246,127.757170500238,127.757170500238,26959063
2017-06-15,127.8888370505426,128.03776391659466,127.4526844503846,127.77739217692096,127.77739217692096,15832338
2017-06-16,127.67510196352377,128.17217022000662,127.43252590021126,127.79734849407149,127.79734849407149,8674916
2017-06-19,127.7936479505273,127.98933914675985,127.6753415358583,127.85639586545489,127.85639586545489,6950101
2017-06-20,127.77072900430292,128.16524891867297,127.60603641272475,127.87606132160215,127.87606132160215,9427545
2017-06-21,127.83196797613755,128.0308562979244,127.7070029092834,127.89584670678019,127.89584670678019,4912743
2017-06-22,127.92958840191929,128.13181300535652,127.57933389955295,127.91582907870173,127.91582907870173,6300752
2017-06-23,128.12234633728005,128.26718543341468,127.8195125903236,127.93608549507937,127.93608549507937,2999831
2017-06-26,128.05116382484522,128.23098560198144,127.73224772081862,127.99926958807538,127.99926958807538,9941533
2017-06-27,128.14848589901723,128.40469942782912,127.81498038495008,128.02139275940397,128.02139275940397,6757757
2017-06-28,128.0792202933398,128.3097420201248,127.84216819081247,128.0441752637519,128.0441752637519,10896779
2017-06-29,128.07532779343717,128.26932912588705,127.77899073581266,128.06769415883184,128.06769415883184,8493715
2017-06-30,127.97879020378569,128.26651778837018,127.74770010434378,128.09202650235642,128.09202650235642,4826100
2017-07-03,128.21931633185264,128.38037396020837,127.89135112616326,128.1706748007247,128.1706748007247,8843529
2017-07-04,128.18401191543344,128.41470329381468,127.85396289267824,128.19903151515445,128.19903151515445,5599663
2017-07-05,128.23391788865626,128.36249591624167,128.0419305194011,128.2285869665921,128.2285869665921,18304704
2017-07-06,128.24767807389415,128.47439456993212,128.00405962448838,128.25941821275032,128.25941821275032,5247221
2017-07-07,128.3853977034435,128.53213635088113,128.0547597548184,128.29160231134173,128.29160231134173,6324333
2017-07-10,128.43970078764332,128.70747415537568,128.27834510239936,128.39704229884185,128.39704229884185,4819367
2017-07-11,128.4156938333279,128.7281296229318,128.1696362872518,128.43540838429266,128.43540838429266,4615080
2017-07-12,128.5653112233174,128.78236453693012,128.181406328427,128.47551261073988,128.47551261073988,8121160
2017-07-13,128.43725970478135,128.6353549704546,128.24201657665785,128.51743203589623,128.51743203589623,4291757
2017-07-14,128.58639076308083,128.73571437919443,128.24675877315394,128.56124371747438,128.56124371747438,7282647
2017-07-17,128.67362522356026,128.99947728685828,128.4345468583654,128.70480287786583,128.70480287786583,9919004
2017-07-18,128.7884912358409,129.0037011144804,128.62302432855282,128.75695416225753,128.75695416225753,6472869
2017-07-19,128.8478201566632,128.92875055224027,128.66395377804062,128.81138299163422,128.81138299163422,2659069
2017-07-20,128.88542734387792,129.20186264737248,128.59076524516172,128.8681664237086,128.8681664237086,15586766
2017-07-21,128.9989328533767,129.25265242041732,128.73689694372425,128.9273815161933,128.9273815161933,9140665
2017-07-24,129.15026749316115,129.38530108080374,128.98258298382447,129.12038733323575,129.12038733323575,9195631
2017-07-25,129.09984495684628,129.32440218189566,128.95727767021745,129.19009964448819,129.19009964448819,7123578
2017-07-26,129.33752858240368,129.58703694656344,128.99582082649187,129.26262890471423,129.26262890471423,11999776
2017-07-27,129.28131784678774,129.61299881335378,129.132357256508,129.33805217162643,129.33805217162643,12787130
2017-07-28,129.5464136973786,129.74543811604795,129.10417616475058,129.41644650293756,129.41644650293756,13442576
2017-07-31,129.77056172381705,129.99163598996915,129.37821970744002,129.67022646039055,129.67022646039055,9150449
2017-08-01,129.74136365106176,130.09687777818206,129.55379791467686,129.76127562642367,129.76127562642367,4020691
2017-08-02,129.87967514329657,130.1137521410325,129.53290154423848,129.85562293408137,129.85562293408137,9796525
2017-08-03,129.90674027631246,130.10830689279814,129.6590668409468,129.95305438438922,129.95305438438922,9144549
2017-08-04,129.96460401851644,130.35364684476684,129.76215586438266,130.05329776703508,130.05329776703508,6080681
2017-08-07,130.3031127186163,130.71501653277915,130.04350529812163,130.36817740588072,130.36817740588072,5357585
2017-08-08,130.55699053682363,130.79775421812968,130.3563963758481,130.47694641475843,130.47694641475843,10495648
2017-08-09,130.56204311034983,130.75128174038514,130.27863256599815,130.58716630441404,130.58716630441404,7702332
2017-08-10,130.7009050539456,130.86970782841695,130.47772509906056,130.69856486453546,130.69856486453546,6582280
2017-08-11,130.81561081224132,131.1731976790595,130.4342025500042,130.81086988481073,130.81086988481073,18460707
2017-08-14,131.25443956301902,131.57078793787414,130.70596307776293,131.150501603439,131.150501603439,11192148
2017-08-15,131.39154184340845,131.63220432722767,130.98357281296228,131.2637103612092,131.2637103612092,9941418
2017-08-16,131.47670922642726,131.70402575225037,131.18865107740132,131.37646452757298,131.37646452757298,14711914
2017-08-17,131.60850611085365,131.77172154120254,131.3139006146053,131.48849189221832,131.48849189221832,9436932
2017-08-18,131.6004681490367,131.89873527722926,131.38701226580534,131.59952024483334,131.59952024483334,5625943
2017-08-21,132.13846190119753,132.37268082720058,131.61561012835134,131.92388912737525,131.92388912737525,6584012
2017-08-22,132.0949865344862,132.30750421661475,131.82728705738725,132.0281993287481,132.0281993287481,11535311
2017-08-23,132.23609263230674,132.42453831748045,131.86835313850955,132.13014946653038,132.13014946653038,10933822
2017-08-24,132.23580804236158,132.39192459990159,132.06454043892924,132.22946733041002,132.22946733041002,10000131
2017-08-25,132.16556160567842,132.57666929267606,131.93509632845473,132.32588071007498,132.32588071007498,4529404
2017-08-28,132.69100681467998,132.9184777636714,132.44338721435832,132.5949718406615,132.5949718406615,12014563
2017-08-29,132.54797151058895,132.87194506192387,132.29797589076784,132.67704518034736,132.67704518034736,7744126
2017-08-30,132.71001552138813,132.93071782234637,132.38068159592646,132.75485298425846,132.75485298425846,10798555
2017-08-31,132.79289368134562,133.03520690720364,132.56203417323155,132.8281230420826,132.8281230420826,5282288
2017-09-01,132.91465516916685,133.08358874574037,132.57466621243225,132.89658314350797,132.89658314350797,21380059
2017-09-04,133.07849291161534,133.25168988086557,132.83024888553032,133.07186766537654,133.07186766537654,9053844
2017-09-05,133.14104313521668,133.3589789132574,132.82446596891427,133.1204022894541,133.1204022894541,6492631
2017-09-06,133.1601322421963,133.5378066472452,132.94899895304997,133.16408684700065,133.16408684700065,11051150
2017-09-07,133.34457001864214,133.4646999413748,132.99885459636977,133.20297936306125,133.20297936306125,12286125
2017-09-08,133.26012740550382,133.40963103149753,132.95543690695834,133.23713786268073,133.23713786268073,10984441
2017-09-11,133.31077713605998,133.45331870897775,133.0523551304032,133.31178951334306,133.31178951334306,4864867
2017-09-12,133.29322322996393,133.64250235813842,133.04533416842204,133.32759219764836,133.32759219764836,14165016
2017-09-13,133.36002657466858,133.56614421657926,133.13867759032755,133.33895099073754,133.33895099073754,6732936
2017-09-14,133.30565766225064,133.69606964362234,133.12315469077262,133.34592391765568,133.34592391765568,7935880
2017-09-15,133.43778658004436,133.65326683175604,133.205061178061,133.34856900344766,133.34856900344766,2651339
2017-09-18,133.35071325939901,133.67405937121663,133.19648231782148,133.33111746451684,133.33111746451684,6343408
2017-09-19,133.32988412846467,133.51315234578772,133.12608678850046,133.31703143625424,133.31703143625424,6323467
2017-09-20,133.4192204821365,133.6126871540127,133.15815492214608,133.29890769209047,133.29890769209047,10021627
2017-09-21,133.28041186830313,133.47065938953799,133.1278105340271,133.27680425707052,133.27680425707052,6153022
2017-09-22,133.267896635437,133.6334812312724,132.90337443382307,133.25077915623936,133.25077915623936,3556016
2017-09-25,133.3137687504193,133.44752835415298,133.019049681912,133.14975410932848,133.14975410932848,9037326
2017-09-26,132.96118428340105,133.319130525387,132.8046318032592,133.10862259570237,133.10862259570237,7058459
2017-09-27,133.12046596326707,133.25892782111387,132.86794013729153,133.06385954149002,133.06385954149002,5557600
2017-09-28,132.83219089265563,133.1885689614922,132.65235788158418,133.01552297173637,133.01552297173637,8357879
2017-09-29,132.86119951925568,133.27729844021275,132.70858226317162,132.96367091148642,132.96367091148642,3285672
2017-10-02,132.71493003585294,132.9681005957775,132.58288198930003,132.7876020382087,132.7876020382087,10909908
2017-10-03,132.80585848388733,133.00763930735988,132.45854357623946,132.72226826642344,132.72226826642344,7301211
2017-10-04,132.6174962933732,132.84681758514637,132.42791768043847,132.65370912936683,132.65370912936683,6999166
2017-10-05,132.703622778132,132.88561326229595,132.30554494436709,132.58198265208384,132.58198265208384,12882136
2017-10-06,132.61073792877025,132.8531725022052,132.35601993787833,132.5071468596195,132.5071468596195,6119811
2017-10-09,132.05951382224444,132.59970280487423,131.8686060547123,132.26456384158803,132.26456384158803,9104506
2017-10-10,132.28586942591176,132.50802331189192,131.9407879080768,132.177871038848,132.177871038848,7498350
2017-10-11,131.99078990193772,132.25931005279364,131.8728853740961,132.08835904615154,132.08835904615154,39941471
2017-10-12,131.9763098978805,132.1393819466555,131.68042507895572,131.99608588854363,131.99608588854363,10212794
2017-10-13,131.85925733441482,132.21342405435345,131.68160124789514,131.90110959106926,131.90110959106926,4520909
2017-10-16,131.47696793865148,131.85204633038387,131.20230882643247,131.6005421098972,131.6005421098972,19212231
2017-10-17,131.55521038031657,131.7330674771425,131.2515452944124,131.49533350340675,131.49533350340675,13476377
2017-10-18,131.39349597261432,131.51455529983048,131.07092656126315,131.38771188227483,131.38771188227483,8181883
2017-10-19,131.2770097018973,131.46744611091114,131.1299622585075,131.27773527154636,131.27773527154636,6428734
2017-10-20,131.1323673886453,131.29278669202415,130.81435139213056,131.16546169626633,131.16546169626633,4121648
2017-10-23,130.70134030422855,131.2960707749137,130.3875358571891,130.81543943356678,130.81543943356678,9921563
2017-10-24,130.7542225936173,130.8789856591409,130.51882566335075,130.69455825053038,130.69455825053038,5707969
2017-10-25,130.6618417566403,130.8420068661066,130.41431822736007,130.57167022816733,130.57167022816733,5152372
2017-10-26,130.35782599158412,130.57491347236584,130.24278663730414,130.4468333915227,130.4468333915227,11788757
2017-10-27,130.21022974716533,130.61989146821588,129.93569426423886,130.3201057656414,130.3201057656414,17320554
2017-10-30,129.83413911133485,130.2376857395222,129.64780408180252,129.92915840302743,129.92915840302743,6304760
2017-10-31,129.82038941390368,130.1570100020809,129.55430517328628,129.7954478706494,129.7954478706494,11969817
2017-11-01,129.70533496525505,130.01865320136267,129.53526845545687,129.66013667425966,129.66013667425966,8895549
2017-11-02,129.54453481814542,129.72843246728783,129.29876608991793,129.52338266628453,129.52338266628453,9572130
2017-11-03,129.58701941220215,129.74699031669562,129.11406244411327,129.3857430086754,129.3857430086754,5312863
2017-11-06,128.6873978252941,129.58991366658142,128.3768472700732,128.9740800313721,128.9740800313721,7194142
2017-11-07,128.89340090807778,129.17875003047578,128.58370255404725,128.83946766855493,128.83946766855493,4623364
2017-11-08,128.73583543741884,129.0514473824007,128.37002545775286,128.70725460276776,128.70725460276776,4341165
2017-11-09,128.63030285562996,128.76105395760788,128.31464540905125,128.57809782334323,128.57809782334323,10366496
2017-11-10,128.52613073892368,128.723827511662,128.32604514993884,128.45265431961423,128.45265431961423,6155198
2017-11-13,128.06985748618095,128.28607844687562,127.83387457428512,128.10517335592777,128.10517335592777,5062700
2017-11-14,127.93073534421298,128.14186805708414,127.73124270964527,128.00115284830844,128.00115284830844,4369668
2017-11-15,127.82351049169735,128.28754551179796,127.53368856660683,127.90413056304847,127.90413056304847,3753064
2017-11-16,127.62157671932867,128.0174703452859,127.46913016048983,127.81476348948065,127.81476348948065,3007886
2017-11-17,127.78096399288478,128.04936239690136,127.55749398926908,127.7337086169377,127.7337086169377,8456318
2017-11-20,127.51265885734112,127.8778435511092,127.3732386845328,127.54698709878622,127.54698709878622,2150561
2017-11-21,127.60664514657108,127.8502521926095,127.33712925634084,127.50575092367069,127.50575092367069,10125946
2017-11-22,127.41453180668695,127.85790532753866,127.11443059322603,127.476111896244,127.476111896244,10090343
2017-11-23,127.38570830081025,127.63807961277729,127.11578669241946,127.45872700583887,127.45872700583887,7613166
2017-11-24,127.2741052843558,127.57976212716639,127.13214381653529,127.4542532417881,127.4542532417881,8302100
2017-11-27,127.6235650808327,127.74975898586504,127.30492088229198,127.52486860108957,127.52486860108957,6936251
2017-11-28,127.60729885799383,127.72828055708115,127.32865729103415,127.57860923578394,127.57860923578394,8953439
2017-11-29,127.53347771267198,127.76944116234604,127.40919258082452,127.64854594349654,127.64854594349654,8901546
2017-11-30,127.71880386380195,127.94697992340902,127.55240133750753,127.73533571356012,127.73533571356012,15335911
2017-12-01,127.90973872001727,128.1650961132716,127.58899840048072,127.83963553530751,127.83963553530751,17216291
2017-12-04,128.2448572704978,128.6914123085813,128.05543616079052,128.25625625124005,128.25625625124005,16954590
2017-12-05,128.42520254120552,128.62626642385172,128.27519564663274,128.42632797855472,128.42632797855472,5368639
2017-12-06,128.4982024563396,128.9026392413363,128.25496406489222,128.61016452400378,128.61016452400378,11684978
2017-12-07,128.83983311137783,128.9853508556794,128.48741446827157,128.8066653318666,128.8066653318666,10303396
2017-12-08,129.02120512763273,129.13473948188204,128.7840484570947,129.0147298464227,129.0147298464227,5783240
2017-12-11,129.84706754949977,130.55226778243377,129.01950245908395,129.69730007304472,129.69730007304472,5135949
2017-12-12,129.98037218588712,130.22776448424602,129.72270375172369,129.94061385716816,129.94061385716816,6626596
2017-12-13,130.33190077740048,130.5155723160319,129.87028912254965,130.18998856938205,130.18998856938205,4706760
2017-12-14,130.44176860157475,130.572389956082,130.11210895362984,130.4443236539658,130.4443236539658,3994030
2017-12-15,130.87094147763005,131.0499194736465,130.37538336535485,130.70251855519896,130.70251855519896,10258766
2017-12-18,131.1063780722183,132.3550637963836,130.53829303718396,131.48925660158895,131.48925660158895,8132007
2017-12-19,131.7252248444661,132.02634154801495,131.5767264679936,131.75188521221398,131.75188521221398,8111109
2017-12-20,132.09718344461498,132.30484234137077,131.80036486393968,132.01287086088556,132.01287086088556,12715095
2017-12-21,132.33852597347823,132.63027004368385,132.02156033508965,132.27111299188317,132.27111299188317,7253646
2017-12-22,132.4422261951397,132.80813053644997,132.3141772180366,132.52551104948625,132.52551104948625,12117188
2017-12-25,132.82032407100434,134.02750531849802,132.34856193753333,133.2546352247228,133.2546352247228,5528702
2017-12-26,133.69376185134703,133.88048662709713,133.2701947837359,133.48265143154222,133.48265143154222,5511478
2017-12-27,133.87888127593897,134.03412120298555,133.54217779124227,133.70132078636433,133.70132078636433,8056148
2017-12-28,133.8815386117507,134.15443878053654,133.67680996363003,133.90954273346864,133.90954273346864,23106165
2017-12-29,134.207952058293,134.42613161650198,133.70955462578644,134.1062167171345,134.1062167171345,15212884
2018-01-01,134.69656547648256,135.05364521018134,134.26567232405208,134.6159453302961,134.6159453302961,13852328
2018-01-02,134.7749801978722,134.94175787951048,134.46119588985593,134.75570896349956,134.75570896349956,4028809
2018-01-03,134.88396008159316,135.1705936286238,134.6361132062966,134.88014421764242,134.88014421764242,8601988
2018-01-04,135.00964408168477,135.37448367084482,134.84824805991923,134.9898728999847,134.9898728999847,12061214
2018-01-05,135.1267280458926,135.47067169666252,134.82553921937497,135.08551681778656,135.08551681778656,22694110
2018-01-08,135.23144741932316,135.51306415094646,134.9728959778085,135.2941580565492,135.2941580565492,3447253
2018-01-09,135.35547637529203,135.61145967156048,135.0720113175077,135.33968098878938,135.33968098878938,11529641
2018-01-10,135.17153396851964,135.5562300956589,135.00446394832355,135.37422819278913,135.37422819278913,13621212
2018-01-11,135.64851476319714,135.8033745043934,135.19440750296152,135.39842147580862,135.39842147580862,10027312
2018-01-12,135.47010547267047,135.81375184813868,135.26648462801205,135.41288264510789,135.41288264510789,4072604
2018-01-15,135.2585678063748,135.7106421754836,135.01591674767928,135.40409154328444,135.40409154328444,9079969
2018-01-16,135.45420317806352,135.736392766009,135.1564699663768,135.385842330303,135.385842330303,9913057
2018-01-17,135.39204540016317,135.6860678811023,135.07529725624525,135.3609700399016,135.3609700399016,8743703
2018-01-18,135.2826667482879,135.62046510009273,134.98321748761927,135.33009647934006,135.33009647934006,5680040
2018-01-19,135.30304430081367,135.43076499165073,135.07993594841915,135.29384345587852,135.29384345587852,5338896
2018-01-22,135.1267219882997,135.4097463652599,134.8341107450468,135.1590256806944,135.1590256806944,10049517
2018-01-23,135.2099358657275,135.42052381506295,134.94745434562705,135.1074728782333,135.1074728782333,5704518
2018-01-24,135.16635613863025,135.3673544799928,134.84948676875996,135.0536496491724,135.0536496491724,5769966
2018-01-25,134.93798204382594,135.22545499531728,134.83565452915866,134.99817780077169,134.99817780077169,7460479
2018-01-26,134.98628947400027,135.3299809971339,134.5903471202517,134.9416791402912,134.9416791402912,8665300
2018-01-29,134.83222052557306,134.94090104786108,134.5879307765327,134.7722403589718,134.7722403589718,13447711
2018-01-30,134.5455028701604,134.98065402521894,134.39364761611185,134.71785252277277,134.71785252277277,4399154
2018-01-31,134.59645426471505,134.9821262669776,134.27758534998765,134.6655469107942,134.6655469107942,4187101
2018-02-01,134.76531927189785,134.9341754317142,134.34559321432883,134.6159453302961,134.6159453302961,6608748
2018-02-02,134.54243802738878,134.87395558192247,134.29581750441056,134.569540198792,134.569540198792,3252258
2018-02-05,134.41322863187617,134.64746390465245,134.19756136587068,134.44873452453132,134.44873452453132,10726541
2018-02-06,134.4811569065265,134.57915247759107,134.2011258820255,134.41408743579774,134.41408743579774,2952500
2018-02-07,134.32108479990248,134.682401074544,134.1268188458272,134.38199352970898,134.38199352970898,11394471
2018-02-08,134.22551101947008,134.64230233848858,134.06130519410536,134.35229827504574,134.35229827504574,13928613
2018-02-09,134.31360520553596,134.49633263721378,133.92582412701358,134.32484714058896,134.32484714058896,9109297
2018-02-12,134.35147678458358,134.5740450066651,133.8691962102149,134.25441314626588,134.25441314626588,3160663
2018-02-13,134.16847313221908,134.48351358012232,133.8705480102921,134.23439318044342,134.23439318044342,8435961
2018-02-14,134.18948106177479,134.52484944781736,133.84444606617427,134.21584467873163,134.21584467873163,5371307
2018-02-15,134.3529998183222,134.55537621332525,133.94598646387337,134.19861310991132,134.19861310991132,4386097
2018-02-16,134.17044044491104,134.35113487619623,133.87652279333997,134.18254394276343,134.18254394276343,10688389
2018-02-19,133.95780192568057,134.26588431316688,133.76690526542842,134.13976553916245,134.13976553916245,11738475
2018-02-20,134.04312235323115,134.46696171545133,133.89540556516437,134.1268006665125,134.1268006665125,15215091
2018-02-21,134.05770530402674,134.40664344819888,133.72265207358765,134.11422553943916,134.11422553943916,6938227
2018-02-22,134.2415425870627,134.4196055934327,133.86410277028358,134.1018856267233,134.1018856267233,8718195
2018-02-23,134.25098479950753,134.4463216245673,133.79968793831188,134.0896263971457,134.0896263971457,18395773
2018-02-26,134.21705454679574,134.39843240954784,133.73132464607397,134.05178749505131,134.05178749505131,22807417
2018-02-27,134.18766030553888,134.4294203885795,133.65009815077266,134.0383056858354,134.0383056858354,13730599
2018-02-28,134.08357508481882,134.29559291314507,133.83466276901208,134.02413190366204,134.02413190366204,6715796
2018-03-01,133.9565555158754,134.2671918358672,133.67852788281428,134.00911161731207,134.00911161731207,8029073
2018-03-02,134.04521179357974,134.22679767453215,133.72597483091968,133.99311861736044,133.99311861736044,7318049
2018-03-05,133.96628387255515,134.10306182364266,133.7432043026427,133.93928740058948,133.93928740058948,11384549
2018-03-06,133.9025926800402,134.20100656339,133.5805109662656,133.91944425451322,133.91944425451322,5310113
2018-03-07,133.7621421645231,134.09707826226656,133.6228904126017,133.8986770707704,133.8986770707704,9394347
2018-03-08,134.059704956691,134.25650851265348,133.5706846424563,133.87700124890682,133.87700124890682,9418074
2018-03-09,133.88001269637,134.13883279276254,133.64319754720495,133.85443218846842,133.85443218846842,9692155
2018-03-12,133.76011587544744,134.06847616521975,133.52590652627654,133.78151957116216,133.78151957116216,4798214
2018-03-13,133.75196482879392,133.97560511729986,133.46174502689274,133.75553155188257,133.75553155188257,9052520
2018-03-14,133.71124688134833,133.86368333305256,133.49466020069087,133.7287272917573,133.7287272917573,19377070
2018-03-15,133.63357032850044,133.83036597211463,133.5250936548632,133.70112219033223,133.70112219033223,6365961
2018-03-16,133.7032102384173,133.9118726723901,133.2824814545831,133.67273164715314,133.67273164715314,9109432
2018-03-19,133.4803069572097,133.72694870751343,133.31929758621726,133.58300136255022,133.58300136255022,3184912
2018-03-20,133.4372361221119,133.84201483985,133.22559244812697,133.55162304781354,133.55162304781354,9078316
2018-03-21,133.5572157726312,133.88672079682416,133.2841147619712,133.51953628905204,133.51953628905204,8914919
2018-03-22,133.62843834183477,133.8543951803806,133.26706709163417,133.48675648581164,133.48675648581164,8479729
2018-03-23,133.61404051469046,133.75810575358722,133.21908248885455,133.45329903763806,133.45329903763806,11526212
2018-03-26,133.38528192835165,133.52818080122736,133.11441217007632,133.3490148189771,133.3490148189771,6958216
2018-03-27,133.4971995705137,133.67458475147862,133.04067188895002,133.31300078652953,133.31300078652953,14405964
2018-03-28,133.20932601075253,133.64433504907853,133.00433078890075,133.27638610687802,133.27638610687802,5144231
2018-03-29,133.10409991592158,133.41412557072874,132.98016613535478,133.23918617956843,133.23918617956843,16462471
2018-03-30,133.29965963081304,133.52757269705822,133.0438324487124,133.20141640414664,133.20141640414664,8897488
2018-04-02,133.0075085461937,133.28469430113088,132.82642336087576,133.08484198466627,133.08484198466627,7718509
2018-04-03,133.21726496506545,133.38894046348432,132.87795967930475,133.04494681225393,133.04494681225393,3910015
2018-04-04,133.17378225658302,133.4028009848272,132.84962375388002,133.0045587894586,133.0045587894586,4593269
2018-04-05,132.95727371930167,133.09174461379496,132.5836091516628,132.96369331582608,132.96369331582608,9533970
2018-04-06,132.88242946029067,133.292483907222,132.63387174913146,132.9223657909022,132.9223657909022,5590325
2018-04-09,132.78638492790174,133.08891475797407,132.49233599332575,132.795764903841,132.795764903841,13157183
2018-04-10,132.83280316186682,133.14358098504192,132.52125335531585,132.75274316921016,132.75274316921016,9236466
2018-04-11,132.56638217061487,132.9583681031719,132.33657445128128,132.7093363810172,132.7093363810172,3923304
2018-04-12,132.7241347854326,133.0210392507716,132.36843498309855,132.66555993880795,132.66555993880795,11704634
2018-04-13,132.5096722672196,132.75816558860896,132.2878523002153,132.62142924212822,132.62142924212822,7376033
2018-04-16,132.47086606293522,132.69958626855228,132.26528476562535,132.48706562072476,132.48706562072476,7819038
2018-04-17,132.28152288118957,132.5795085491732,132.0554686819738,132.4416719016216,132.4416719016216,13487109
2018-04-18,132.2393747258074,132.7863335404568,132.04873035810817,132.39600092577723,132.39600092577723,3984021
2018-04-19,132.3526923069398,132.69624891376145,131.99361074327587,132.35006809273742,132.35006809273742,4559095
2018-04-20,132.35533173354557,132.6598325143298,132.13697316258552,132.30388880204805,132.30388880204805,9414314
2018-04-23,132.11360930212416,132.54330085204828,131.96987422013194,132.16402617954097,132.16402617954097,3421424
2018-04-24,132.0564841859652,132.25953196622933,131.91886385924607,132.1170150537117,132.1170150537117,5905403
2018-04-25,132.03927214516827,132.29564152043366,131.87583585077383,132.0698344679621,132.0698344679621,13048477
2018-04-26,131.8874225157408,132.16101429929253,131.66652001174737,132.02249982183795,132.02249982183795,7576694
2018-04-27,131.9437104324805,132.1522248315976,131.8474121979663,131.97502651488514,131.97502651488514,4023799
2018-04-30,131.8543807913821,132.01407659904447,131.69221183128812,131.831928624513,131.831928624513,8793302
2018-05-01,131.85367421925122,132.03248410463456,131.58964403470065,131.78405466970386,131.78405466970386,6533872
2018-05-02,131.76946786456287,131.928955119936,131.56223953164718,131.7360960373866,131.7360960373866,5631050
2018-05-03,131.7198360293309,131.8343971732132,131.5053143496231,131.6879530550642,131.6879530550642,47354913
2018-05-04,131.54027097584697,131.80428032039882,131.30044170884193,131.63950303583087,131.63950303583087,10663806
2018-05-07,131.43780106036434,131.65009325241851,131.21724504709613,131.49108388760826,131.49108388760826,6942837
2018-05-08,131.65233133776607,131.82706792818405,131.3202898475275,131.44017885167412,131.44017885167412,12535872
2018-05-09,131.4134704635924,131.71610346591078,131.1516470026885,131.38835334430047,131.38835334430047,6916764
2018-05-10,131.4747667046911,131.72059959909063,131.10478623679282,131.3354846785816,131.3354846785816,6174165
2018-05-11,131.31364128319746,131.5208359871717,131.13188317201494,131.28145016761187,131.28145016761187,9292099
2018-05-14,131.03584761860574,131.30576883625594,130.80696029016698,131.11112469413982,131.11112469413982,10316933
2018-05-15,131.14884898530332,131.38884230397366,130.7400314272551,131.0511999331092,131.0511999331092,12709043
2018-05-16,130.8500528170574,131.19713169474198,130.67330352334872,130.989495892299,130.989495892299,16301780
2018-05-17,130.82507430660127,131.12603695840005,130.6077675996221,130.92588988480364,130.92588988480364,14486168
2018-05-18,130.8508997570246,131.04192762528263,130.7424704732293,130.86025922371738,130.86025922371738,12276987
2018-05-21,130.49941090936045,130.80315681386494,130.27068499042812,130.6499924498557,130.6499924498557,12923860
2018-05-22,130.42730243784607,130.7628779523801,130.23425656010525,130.57503630534848,130.57503630534848,14465862
2018-05-23,130.44529078353753,130.71226323900407,130.13226304677679,130.4974420727217,130.4974420727217,11408452
2018-05-24,130.57039671169073,130.719053202211,130.29542736539838,130.41708706506975,130.41708706506975,3620967
2018-05-25,130.28731426784358,130.46827312423656,129.96094996886194,130.33384859548684,130.33384859548684,10260113
2018-05-28,129.94538487182356,130.24560529290608,129.7168150223565,130.06560554609524,130.06560554609524,15925635
2018-05-29,130.13273488990268,130.3073908219904,129.6241263248685,129.96960635973133,129.96960635973133,5355006
2018-05-30,129.89146834130503,130.02706298563479,129.727785167482,129.87011027690792,129.87011027690792,6575916
2018-05-31,129.686446985916,129.97715937072147,129.44887940612546,129.76699461071922,129.76699461071922,7763164
2018-06-01,129.76967256193595,130.01226556463448,129.28207039998554,129.66013667425966,129.66013667425966,8797728
2018-06-04,129.29280624289026,129.52727525434972,128.91836446492417,129.31711661191,129.31711661191,6061097
2018-06-05,129.18065442497345,129.33447768730335,128.92467827648034,129.1957540881001,129.1957540881001,8232358
2018-06-06,128.9144507860361,129.31863070211568,128.69865660289412,129.0711329596793,129.0711329596793,10340494
2018-06-07,128.91750759102976,129.14134338220228,128.7074167272055,128.94340481478895,128.94340481478895,2927955
2018-06-08,128.9067157600163,129.0810584363468,128.53467685874523,128.81272124157059,128.81272124157059,8304769
2018-06-11,128.4764929896846,128.9327498733663,128.01653642912547,128.40445383336126,128.40445383336126,6607152
2018-06-12,128.20391593278424,128.4158429407166,127.89676212518548,128.26346442824487,128.26346442824487,3407577
2018-06-13,128.20607027626494,128.39182437383275,127.98449849347587,128.1202775355076,128.1202775355076,10607288
2018-06-14,128.0613750463626,128.22607654664077,127.72519248913868,127.97504474329087,127.97504474329087,9347298
2018-06-15,127.70623810616405,127.98163907711533,127.52846794365067,127.82791763973609,127.82791763973609,8687682
2018-06-18,127.37755121995822,127.8753864546642,126.79843259329458,127.37668634245789,127.37668634245789,10855633
2018-06-19,127.09591390853858,127.41110735440522,126.95323201640406,127.2234978749653,127.2234978749653,9393955
2018-06-20,127.07019127536724,127.31371156979141,126.71227038629027,127.06917303684187,127.06917303684187,5531684
2018-06-21,126.85745553956738,127.05001304020868,126.54858221411332,126.91386341622899,126.91386341622899,11483749
2018-06-22,126.72629700567629,126.99413978759515,126.62651744066898,126.75772060126813,126.75772060126813,12510399
2018-06-25,126.33025030612177,126.65002404052457,125.87407104731213,126.28580887171182,126.28580887171182,4648468
2018-06-26,126.21441360621031,126.45918708906783,126.00812054102713,126.12784916077335,126.12784916077335,12424854
2018-06-27,125.8719504857714,126.09825998824186,125.76929859765998,125.969814196194,125.969814196194,6942567
2018-06-28,125.77705476241245,126.03568432794776,125.5567816840413,125.81185556611526,125.81185556611526,10868319
2018-06-29,125.50462540174125,125.88818154980598,125.30070135247597,125.65412485867857,125.65412485867857,8631492
2018-07-02,125.10316748998136,125.75348057324221,124.55412827586039,125.18381615363505,125.18381615363505,7340665
2018-07-03,125.06349655805636,125.29182355516971,124.8825110438688,125.02851301818082,125.02851301818082,10475577
2018-07-04,125.00003656969636,125.16154949064519,124.73741307413039,124.87419574607587,124.87419574607587,6772527
2018-07-05,124.82545276262807,125.03678503008881,124.45442956673163,124.72101592546154,124.72101592546154,13730064
2018-07-06,124.64381790675733,124.90678548437299,124.31781344421327,124.56912514447927,124.56912514447927,14906645
2018-07-09,123.97303547864807,124.47071996850784,123.79695017606248,124.12270292073933,124.12270292073933,6085473
2018-07-10,124.05918304182421,124.22913958849085,123.63172938976062,123.97748417969973,123.97748417969973,7358289
2018-07-11,123.88652212970891,124.16423513330396,123.48169799630242,123.83431241899942,123.83431241899942,6635070
2018-07-12,123.63348489190034,124.06167911230449,123.47743447971534,123.69333922677974,123.69333922677974,9651073
2018-07-13,123.66368728157619,123.89671447840172,123.21251467909643,123.55471619118222,123.55471619118222,15401573
2018-07-16,123.05027600358802,123.49069208603046,122.81299013337126,123.15446390553663,123.15446390553663,3475217
2018-07-17,122.97509729966318,123.18790393738249,122.72567210643888,123.02675737784193,123.02675737784193,3936492
2018-07-18,122.89604755360489,123.13908042931133,122.66870891967494,122.9021589474765,122.9021589474765,7672777
2018-07-19,122.84283985854778,123.08254756684468,122.6387106573516,122.78082020258176,122.78082020258176,8779387
2018-07-20,122.72114264739297,122.90017122364337,122.31346763172616,122.66289273129921,122.66289273129921,4996786
2018-07-23,122.31658067569784,122.64873815958931,122.02358215641696,122.33109384053887,122.33109384053887,8756634
2018-07-24,122.10921380479535,122.553489394557,121.9297940934786,122.2283273451193,122.2283273451193,5523232
2018-07-25,122.21981268848513,122.332336927638,121.92564334539097,122.12973006401903,122.12973006401903,6398431
2018-07-26,122.23674263616981,122.36562890318135,121.92078299033231,122.03545358537954,122.03545358537954,15093378
2018-07-27,122.01708833580035,122.15957754079834,121.81015400903641,121.94564949734226,121.94564949734226,6738753
2018-07-30,121.67622091085173,121.89801128387548,121.46822973676133,121.70458745825792,121.70458745825792,6679740
2018-07-31,121.49999744078002,121.85962304259128,121.34847920884279,121.63418881404372,121.63418881404372,8544796
2018-08-01,121.6961481909275,121.87308147248532,121.37415214655122,121.56902050113894,121.56902050113894,13812678
2018-08-02,121.34561061461227,121.65069743574789,121.22236175148608,121.50918731874786,121.50918731874786,7829748
2018-08-03,121.29416314525277,121.61401369571803,121.1671074912425,121.45460691032665,121.45460691032665,6051589
2018-08-06,121.36458552118036,121.67268353658598,121.03255712070207,121.32109087407186,121.32109087407186,10686745
2018-08-07,121.1798430185179,121.4400856214068,121.05162664989334,121.28623010671996,121.28623010671996,12010837
2018-08-08,121.06513190110607,121.50967145821936,120.91388163901424,121.25597638593297,121.25597638593297,14179145
2018-08-09,121.22282541584441,121.48679160560654,120.99655206253894,121.23020056622983,121.23020056622983,7858613
2018-08-10,121.1308117984917,121.44248963737716,120.98507581308338,121.20877350212959,121.20877350212959,10145488
2018-08-13,121.15247513287075,121.44240473767614,121.00950747538155,121.16929338863633,121.16929338863633,11877398
2018-08-14,121.07900084922852,121.33149557385912,120.97664122457749,121.16396989213779,121.16396989213779,8761551
2018-08-15,121.17279202727674,121.41201544180232,121.04253168154789,121.16234942383721,121.16234942383721,15474015
2018-08-16,121.18212072960708,121.3680483481228,120.89405505513287,121.16430283825359,121.16430283825359,11079910
2018-08-17,121.29172718608102,121.44711917120542,120.99740675528342,121.16970098990593,121.16970098990593,20509217
2018-08-20,121.17666850841795,121.35030293853714,121.01877070529746,121.20527241346898,121.20527241346898,12658093
2018-08-21,121.19954346515823,121.47758638451006,120.91783201875442,121.22315805925534,121.22315805925534,3052884
2018-08-22,121.14428397657733,121.40013424195458,121.05140879373457,121.24384271487277,121.24384271487277,6555179
2018-08-23,121.19627065272904,121.4472972652666,121.09637888161576,121.26719723484018,121.26719723484018,3562701
2018-08-24,121.26097865609275,121.45796503177768,121.14086706233236,121.29309247367671,121.29309247367671,5812618
2018-08-27,121.31942974641777,121.5405841074777,121.0779672352728,121.38473104859068,121.38473104859068,6644307
2018-08-28,121.56358814647747,121.73931581491104,121.2771475358973,121.41949770809354,121.41949770809354,12351834
2018-08-29,121.45610861969517,121.63834188460628,121.2311153187064,121.4561593590605,121.4561593590605,6421255
2018-08-30,121.51666111334151,121.84047707794925,121.2559042713031,121.49458685601061,121.49458685601061,16063436
2018-08-31,121.44823620146737,121.89157957120216,121.24983231184531,121.53465105346287,121.53465105346287,5726909
2018-09-03,121.7293973585906,121.91882252728182,121.39207581016956,121.66337239402252,121.66337239402252,6925445
2018-09-04,121.59183896063831,121.8547791685476,121.39194343540186,121.70869193867344,121.70869193867344,4304179
2018-09-05,121.83568480942803,121.96034851544705,121.63398066122078,121.75500245642155,121.75500245642155,16472883
2018-09-06,121.86952509831077,122.11584436073674,121.61672788201058,121.80217480178587,121.80217480178587,17612517
2018-09-07,121.90718875364936,122.05375473933431,121.66873259149408,121.85007982928538,121.85007982928538,7488579
2018-09-10,122.04621910437612,122.1289900041451,121.84969375968609,121.99689954978548,121.99689954978548,3815640
2018-09-11,122.17262739950986,122.29898824905617,121.86248637875343,122.04644385101601,122.04644385101601,7209127
2018-09-12,122.17376373673353,122.42265204638645,121.90676426835218,122.09607510697683,122.09607510697683,8984662
2018-09-13,122.18402104867211,122.45975508004051,121.90186663356312,122.14566417218695,122.14566417218695,5824134
2018-09-14,122.08140590229353,122.34999576642355,121.91479333881713,122.19508190116537,122.19508190116537,25916181
2018-09-17,122.4854642784121,122.62396661296992,122.1329978316835,122.34101561590053,122.34101561590053,19927730
2018-09-18,122.31461718182733,122.55527922660627,122.09339174685634,122.38845654514228,122.38845654514228,3336862
2018-09-19,122.352338837368,122.60137612289923,122.23845613483107,122.43508041074737,122.43508041074737,4493085
2018-09-20,122.53834101828609,122.81581039363454,122.29586163878506,122.48075806723489,122.48075806723489,10062372
2018-09-21,122.40878458766989,122.69987382811165,122.2758380954917,122.52536036912373,122.52536036912373,4680955
2018-09-24,122.68264447466592,122.8296140635626,122.53492883581735,122.65142369238875,122.65142369238875,8766118
2018-09-25,122.68763958973776,122.80102285695278,122.55945407077658,122.69043312107326,122.69043312107326,8042932
2018-09-26,122.74119534621718,123.06257239316777,122.50954397400591,122.72772146775421,122.72772146775421,7843284
2018-09-27,122.60063073899354,123.07797946201661,122.40958736162553,122.76315958695061,122.76315958695061,13314338
2018-09-28,122.91062119126639,123.06890642048592,122.50004304271175,122.7966183331815,122.7966183331815,19749955
2018-10-01,123.02906327041276,123.18803293278593,122.75048984184878,122.88382687927106,122.88382687927106,9752077
2018-10-02,122.89968282994734,123.05799440563482,122.57907428697163,122.90813227516892,122.90813227516892,4364055
2018-10-03,122.85959288680809,123.1591010318431,122.63046315160969,122.9301461487305,122.9301461487305,8596751
2018-10-04,122.97780374288094,123.15141114165687,122.68167443509435,122.95007293250893,122.95007293250893,5973697
2018-10-05,122.87096666996013,123.10300456241278,122.6456190040182,122.96811705905746,122.96811705905746,21662405
2018-10-08,122.95612693112868,123.24929029236236,122.79789351879464,123.01299782085496,123.01299782085496,11313789
2018-10-09,123.01887938150631,123.37415510897748,122.85760703523603,123.02555564401541,123.02555564401541,9783538
2018-10-10,122.94807081746137,123.15833690471267,122.79422374740352,123.03725297271178,123.03725297271178,11070063
2018-10-11,122.93555158339998,123.23435161762292,122.79572928683204,123.0482942394973,123.0482942394973,7848009
2018-10-12,123.11934787972812,123.22327035994762,122.80901461218362,123.05888387692507,123.05888387692507,14961333
2018-10-15,122.95099301038081,123.26232661122602,122.83314100572804,123.08998733859396,123.08998733859396,6013440
2018-10-16,123.07496060724564,123.4464464878086,122.74477271912455,123.10081478412265,123.10081478412265,12928838
2018-10-17,123.04229357955032,123.34402629023096,122.76814911583095,123.11221276305955,123.11221276305955,17733276
2018-10-18,123.0147738835127,123.35576459552078,122.787147304242,123.12438570795781,123.12438570795781,5325290
2018-10-19,123.15457490796322,123.44503820105577,122.819476831723,123.13753805137058,123.13753805137058,9471335
2018-10-22,122.99435913300354,123.33574755164418,122.82999553890369,123.18491579822792,123.18491579822792,9852432
2018-10-23,123.30731817599279,123.44098310448781,123.06766306690739,123.2040300612306,123.2040300612306,4674789
2018-10-24,123.21282554400409,123.44731699736192,123.04563656382126,123.22514588551374,123.22514588551374,4034776
2018-10-25,123.28468870607679,123.51388481329185,123.0094128205652,123.24846770363042,123.24846770363042,5060385
2018-10-26,123.36945935754102,123.64390804804465,122.9441058572072,123.27419994813393,123.27419994813393,7794387
2018-10-29,123.50956791009405,123.6782778023295,123.12599785924203,123.36790356549682,123.36790356549682,9863834
2018-10-30,123.44710060483773,123.61949399550998,123.10040296913303,123.4053218410792,123.4053218410792,6650093
2018-10-31,123.5610291373973,123.77180660097935,123.29904760660763,123.44617270581419,123.44617270581419,21005042
2018-11-01,123.46153885842783,123.6460720527517,123.3140604258572,123.49066059225511,123.49066059225511,13363532
2018-11-02,123.4486453551621,123.65803184462659,123.23791252187608,123.53894354702564,123.53894354702564,10032011
2018-11-05,123.75406738762263,123.87054997242598,123.55197175005557,123.70610230666095,123.70610230666095,6450888
2018-11-06,123.84358701522072,123.96888240358268,123.56629748555616,123.76901224823716,123.76901224823716,8284260
2018-11-07,123.78323420770245,124.0796248194733,123.65506275749713,123.83539422895721,123.83539422895721,13876806
2018-11-08,123.91238975699659,124.17674615790132,123.70262539299304,123.905174365798,123.905174365798,12672679
2018-11-09,124.09361139691596,124.32693941850827,123.6822830523561,123.97827877573657,123.97827877573657,12604333
2018-11-12,124.21985516331688,124.46159204199127,124.00904881645776,124.21679881390827,124.21679881390827,6873054
2018-11-13,124.25351081938544,124.54518427401571,124.04564601534653,124.30246148600737,124.30246148600737,6159492
2018-11-14,124.37292216742556,124.51615552983381,124.25302271354326,124.39107901608904,124.39107901608904,3918676
2018-11-15,124.4047323724781,124.60373818902507,124.16010077881289,124.48257752113022,124.48257752113022,10419865
2018-11-16,124.71684793664932,124.83319207223973,124.36799682192499,124.57688311810786,124.57688311810786,3744093
2018-11-19,124.84074238930518,125.14803847406654,124.53772313256796,124.87590363042914,124.87590363042914,7938198
2018-11-20,124.9029908309211,125.31343223333504,124.67783076751955,124.98069876492224,124.98069876492224,6483821
2018-11-21,125.02714220195072,125.24271877614127,124.92027773055139,125.08793157623657,125.08793157623657,8941237
2018-11-22,124.97822108159968,125.31677137649282,124.85225625112992,125.19752818134918,125.19752818134918,14328037
2018-11-23,125.30229453736133,125.5403576193544,125.03447695339808,125.30941469723693,125.30941469723693,15740969
2018-11-26,125.63549647659471,125.9019112439389,125.3442244420967,125.6580748793209,125.6580748793209,11366090
2018-11-27,125.71845689402521,125.90468762485325,125.6170206328306,125.77838220807904,125.77838220807904,5459268
2018-11-28,125.93700573842783,126.20549805084586,125.53816333134436,125.90061003249711,125.90061003249711,7911161
2018-11-29,125.99453349203068,126.16763997805288,125.71143206595436,126.02468446955217,126.02468446955217,5168381
2018-11-30,126.150153989688,126.42522075418809,125.98188709846589,126.15053163622109,126.15053163622109,5768058
2018-12-03,126.4796431985226,126.8266523849061,126.22623865440413,126.53797068368098,126.53797068368098,10182297
2018-12-04,126.70560787334473,126.83032431730237,126.34078747630993,126.67016993857514,126.67016993857514,4915221
2018-12-05,126.72935580310043,127.019019147241,126.50439855320586,126.80377250796802,126.80377250796802,6374070
2018-12-06,127.02773158502411,127.26659176888695,126.62032357607245,126.93870450883657,126.93870450883657,4685856
2018-12-07,127.0576767967565,127.29389248382991,126.8427869321821,127.0748920581577,127.0748920581577,11118275
2018-12-10,127.64641260902708,128.0045892515465,126.9908652836451,127.49024916660662,127.49024916660662,6680327
2018-12-11,127.64510206638074,127.77922113106268,127.41226263991015,127.63072007950791,127.63072007950791,2641289
2018-12-12,127.88884750622744,128.09442307497122,127.60039590272808,127.7720771257466,127.7720771257466,18106337
2018-12-13,127.94337434941313,128.09301425426608,127.62917394762475,127.91424642229971,127.91424642229971,13278286
2018-12-14,128.16526789004013,128.35457010128496,127.67943295957934,128.05715408614418,128.05715408614418,2920600
2018-12-17,128.57897560951992,128.94103959085206,128.1539582490006,128.48956845119523,128.48956845119523,11551983
2018-12-18,128.61823969650712,129.0014544867181,128.39439650231947,128.63469075397467,128.63469075397467,17129292
2018-12-19,128.71512050825956,129.00083104789647,128.4820040047169,128.7801820089303,128.7801820089303,7287871
2018-12-20,128.91284112417287,129.05991556772364,128.66332509579905,128.925968333039,128.925968333039,8618896
2018-12-21,128.99543180687127,129.19333273791028,128.72719899166492,129.0719758432778,129.0719758432778,6821527
2018-12-24,129.34412238260975,130.08876409296562,128.96239777219145,129.5105866605442,129.5105866605442,10374088
2018-12-25,129.6322546369646,129.91630572673927,129.52417590563766,129.65674008507284,129.65674008507284,13410371
2018-12-26,129.83793060593035,130.13088824436932,129.41376739393337,129.80274528061642,129.80274528061642,4410089
2018-12-27,129.81522340991586,130.1294548893175,129.62625014626735,129.94852836415177,129.94852836415177,5620161
2018-12-28,130.0230522979934,130.305376059818,129.7409146708515,130.09401545265598,130.09401545265598,8417097
2018-12-31,130.47294574635333,130.73695446942185,130.03597181595444,130.52796191775082,130.52796191775082,9342284
2019-01-01,130.70896066541115,131.05297387537934,130.31894844478794,130.67152619589976,130.67152619589976,9807718
2019-01-02,130.79697572374718,131.1155972110237,130.66578840431833,130.8143941116437,130.8143941116437,7265821
2019-01-03,130.94440314891918,131.3308368759476,130.74284552365265,130.95633702066678,130.95633702066678,5146989
2019-01-04,130.9357666359006,131.28817490863872,130.73782583662225,131.0970953263945,131.0970953263945,13092932
2019-01-07,131.51083160656736,131.96020973147702,131.23665254180867,131.50966665806084,131.50966665806084,4343226
2019-01-08,131.7406515411144,131.9491410152431,131.50298173682708,131.6430905848624,131.6430905848624,6254513
2019-01-09,131.70999970552464,131.9805026433425,131.4373427150211,131.77403192549625,131.77403192549625,8071569
2019-01-10,131.79952566930552,132.25586484199502,131.55209385067872,131.9022310833879,131.9022310833879,10196158
2019-01-11,132.01826626507614,132.4088608613771,131.86350721273445,132.02742846196284,132.02742846196284,6913709
2019-01-14,132.2291145053046,132.87197369608103,131.90422603135272,132.38241395604302,132.38241395604302,11657844
2019-01-15,132.6541247081702,132.81788649361036,132.18268148864118,132.4930082516065,132.4930082516065,14951862
2019-01-16,132.55827706312257,132.79590456595344,132.33514194998597,132.59930278498106,132.59930278498106,5859289
2019-01-17,132.7253761410755,132.89894745005196,132.35023939449707,132.701037959592,132.701037959592,9730131
2019-01-18,132.98274143884248,133.18613012497985,132.56151759064278,132.79795417886498,132.79795417886498,9047846
2019-01-21,133.03323532982785,133.17981830767656,132.8832358533541,133.05719313891123,133.05719313891123,6745937
2019-01-22,133.24619797936023,133.45224818871742,132.93278010142143,133.1322375710875,133.1322375710875,3084319
2019-01-23,133.14039863375456,133.51859901812963,132.9399783013451,133.20116506505343,133.20116506505343,9549951
2019-01-24,133.32951738674112,133.5579154051847,132.99508373648624,133.26371602423447,133.26371602423447,10089284
2019-01-25,133.26093522456074,133.7168205061368,132.97410373364386,133.31963085205626,133.31963085205626,13778125
2019-01-28,133.46899169550633,133.65246240117887,133.10309784264447,133.4449625816209,133.4449625816209,6766078
2019-01-29,133.3341515549581,133.6871524153311,133.18866074626402,133.47173691826066,133.47173691826066,5731108
2019-01-30,133.45793225248624,133.6328477596582,133.15155786116742,133.4905771406688,133.4905771406688,5064012
2019-01-31,133.4527569700793,133.7455143489828,133.32730836915658,133.5012236522707,133.5012236522707,1786642
2019-02-01,133.5954175464294,133.69675675912003,133.3692278319176,133.503416856492,133.503416856492,6534416
2019-02-04,133.32854463394088,133.67611241150007,133.09479598602383,133.4597591844166,133.4597591844166,31902688
2019-02-05,133.57432845985917,133.78369780100724,133.28850456944963,133.42976191321142,133.42976191321142,15103283
2019-02-06,133.48565450039322,133.77485568202545,133.20359280305695,133.39274981867698,133.39274981867698,4871243
2019-02-07,133.2452583113784,133.52117308192817,133.03442079114296,133.34914742096976,133.34914742096976,6184825
2019-02-08,133.32757571083036,133.52362462117122,133.06479357150445,133.2993792402462,133.2993792402462,6165239
2019-02-11,133.29115579092277,133.49672610893492,132.75254920826583,133.1173252015422,133.1173252015422,16098203
2019-02-12,132.93615979191344,133.1841507371184,132.8441414108449,133.04713909031793,133.04713909031793,24329964
2019-02-13,133.0403698687866,133.1183764568409,132.8499191862719,132.9729097968597,132.9729097968597,8367369
2019-02-14,132.89592523492587,133.06009904599446,132.6915494207817,132.89506184132395,132.89506184132395,9127357
2019-02-15,132.90342670175878,133.09956284075395,132.53325653700625,132.81401974386705,132.81401974386705,10377477
2019-02-18,132.50223058781998,132.71716077462386,132.3320243824871,132.5559738015345,132.5559738015345,7936830
2019-02-19,132.51741155632595,132.85491904461833,132.1983899736059,132.4664003379579,132.4664003379579,9211324
2019-02-20,132.4277919796419,132.61907527626724,132.01293244342318,132.37575533324252,132.37575533324252,8195032
2019-02-21,132.2005185285409,132.5428396963921,131.91192133965052,132.28446330754485,132.28446330754485,10159675
2019-02-22,132.1968575145744,132.38039614743192,132.000139345716,132.19294878102133,132.19294878102133,2940481
2019-02-25,131.8000778692165,132.17787537333223,131.66727095656245,131.9213153980603,131.9213153980603,6294657
2019-02-26,131.75102611402298,132.1350564530568,131.56247591313635,131.83315606979804,131.83315606979804,4427098
2019-02-27,131.76964152973247,132.07329608787072,131.36573513034276,131.74689684149223,131.74689684149223,11296454
2019-02-28,131.70740556743175,131.98989755960503,131.26835564709418,131.66296223329934,131.66296223329934,5401290
2019-03-01,131.64815807001037,131.85988423717362,131.39830502774836,131.58177676537585,131.58177676537585,3658283
2019-03-04,131.25857244261834,131.72421876238187,131.03777405914954,131.356531401438,131.356531401438,3271495
2019-03-05,131.33238023623042,131.6307795902923,131.06487613858104,131.2872590619386,131.2872590619386,10015459
2019-03-06,131.2914999096669,131.54741278322692,131.10036639713064,131.22069934940345,131.22069934940345,5028206
2019-03-07,131.16256959700956,131.29009345021663,131.0361475277936,131.15673700546722,131.15673700546722,7465939
2019-03-08,131.10032847509945,131.21513600612786,130.85047720072427,131.09525677176447,131.09525677176447,17652573
2019-03-11,130.94571067627453,131.10079883642734,130.67246048122212,130.9245561484031,130.9245561484031,9650721
2019-03-12,130.8717076861279,131.17199321757784,130.7478642556181,130.87185177198035,130.87185177198035,6198944
2019-03-13,130.88800749666524,131.05175806786318,130.51459867296919,130.82105321396406,130.82105321396406,4445358
2019-03-14,130.7809074727899,131.0002493847095,130.57361078399782,130.7720452159889,130.7720452159889,9943581
2019-03-15,130.84632194107058,131.08520323094845,130.45335736246764,130.72471251968946,130.72471251968946,7499903
2019-03-18,130.571788595524,130.9547474041678,130.39155643947572,130.5916136571915,130.5916136571915,10683860
2019-03-19,130.6967927887147,130.91657904971316,130.3865140890354,130.54982958394095,130.54982958394095,2429367
2019-03-20,130.43933573208668,130.7126270650321,130.2800925082496,130.5091445205392,130.5091445205392,14128139
2019-03-21,130.5172635116944,130.77620520844826,130.28838109892254,130.46944320862076,130.46944320862076,3397492
2019-03-22,130.28449565488566,130.6223994306062,130.16673856297052,130.4306103898203,130.4306103898203,6279945
2019-03-25,130.2576192672966,130.48762050359724,130.14647091762362,130.31817030847256,130.31817030847256,16029552
2019-03-26,130.1508653634926,130.4494262394152,130.02530984005514,130.2816588784899,130.2816588784899,2618597
2019-03-27,130.2224176522292,130.45623225620562,130.08517330300634,130.24543964979827,130.24543964979827,7660211
2019-03-28,130.06936727056052,130.44415331904338,129.90873776001038,130.20939736403218,130.20939736403218,6973101
2019-03-29,130.24799891218484,130.517724572693,129.85016113447872,130.17341676282626,130.17341676282626,7885781
2019-04-01,129.99604819512064,130.21449726237867,129.91748163620892,130.06469248291572,130.06469248291572,9559561
2019-04-02,130.09744779239432,130.34556799229904,129.78310264036918,130.02786515180097,130.02786515180097,8060536
2019-04-03,129.9821708086056,130.25294670737435,129.8545394996977,129.9908779064459,129.9908779064459,4093660
2019-04-04,130.01752934120762,130.1495099996744,129.67376562259676,129.95397018151138,129.95397018151138,8398846
2019-04-05,130.0439166994834,130.16876129778385,129.72831926894386,129.91738141165848,129.91738141165848,7927107
2019-04-08,129.71785673705946,130.01051962959312,129.55125936287524,129.8119231791996,129.8119231791996,7762734
2019-04-09,129.82044493898377,130.05825941827501,129.52117676528425,129.77900457628326,129.77900457628326,22701798
2019-04-10,129.5383261438066,129.9825843818666,129.37897046404893,129.74760210175356,129.74760210175356,15613792
2019-04-11,129.7579314352455,129.87948668295633,129.45163452959235,129.71795519027148,129.71795519027148,19945826
2019-04-12,129.63166224616222,129.83877590746866,129.41480257929604,129.69030327649813,129.69030327649813,9501871
2019-04-15,129.5292076641093,129.88718503210148,129.39572009930745,129.62171186804002,129.62171186804002,19533112
2019-04-16,129.5400285976431,129.96668741699457,129.22947995820536,129.60443429171136,129.60443429171136,5214488
2019-04-17,129.41749372910155,129.8005847532608,129.2622144067755,129.59034888639638,129.59034888639638,6684712
2019-04-18,129.61327531414514,129.89577886615834,129.38540962714148,129.5796950867561,129.5796950867561,5985673
2019-04-19,129.60202871017552,129.86855129890236,129.2263851821729,129.5727123274515,129.5727123274515,6243197
2019-04-22,129.63499865493634,129.94628860064842,129.34190670371888,129.57618463816206,129.57618463816206,8166923
2019-04-23,129.54557359745363,129.92632257938843,129.24414655956272,129.58628038681036,129.58628038681036,8858915
2019-04-24,129.44993576594618,129.87209423689225,129.2606438622024,129.6012443490994,129.6012443490994,9923812
2019-04-25,129.62591355263964,129.91682197544807,129.45324541080353,129.62131595969015,129.62131595969015,19139783
2019-04-26,129.53986368935458,130.00800974531512,129.33916120980436,129.6467346532437,129.6467346532437,3732677
2019-04-29,129.83712614460316,129.98311444516096,129.56148835657038,129.7574675782908,129.7574675782908,4378989
2019-04-30,129.7370123621988,130.01257722997644,129.60874822993944,129.80666895030538,129.80666895030538,2359580
2019-05-01,129.83862141169618,129.98223905390105,129.66472100414612,129.86241457858767,129.86241457858767,5251182
2019-05-02,129.88697899655548,130.26734045756533,129.60999189813037,129.92488998607524,129.92488998607524,6406786
2019-05-03,130.00141055099888,130.32971745562457,129.8143307452714,129.9940650488114,129.9940650488114,5641953
2019-05-06,130.27346596505103,130.3867336011641,130.12348320731166,130.24094781170834,130.24094781170834,4526583
2019-05-07,130.30449662807848,130.61127280556948,130.0230142116166,130.336081138636,130.336081138636,8364348
2019-05-08,130.4571863859117,130.68198096784155,130.27320948898998,130.4374939424109,130.4374939424109,6593592
2019-05-09,130.56080216872616,130.6951362504294,130.3989682989425,130.5451021873528,130.5451021873528,5140108
2019-05-10,130.75827632443057,131.04546654492205,130.47605838751042,130.65882183778146,130.65882183778146,8627626
2019-05-13,130.94664784387862,131.29043747014813,130.71578625580298,131.03580886518526,131.03580886518526,6006508
2019-05-14,131.12823740292342,131.3097101691703,130.92398309919807,131.17313378075832,131.17313378075832,14263525
2019-05-15,131.42699904423017,131.59837190045116,131.18567457957428,131.31614992341682,131.31614992341682,7371548
2019-05-16,131.2651029455057,131.78707492778358,131.07850293503125,131.46477325748057,131.46477325748057,6715775
2019-05-17,131.51687052802703,131.74634413481718,131.3025430838165,131.61891974726925,131.61891974726925,9117655
2019-05-20,131.98952380068005,132.67847722724687,131.72313445238638,132.1136577941824,132.1136577941824,2934503
2019-05-21,132.24432040719378,132.55599112012908,132.08146006424138,132.28905655006835,132.28905655006835,14676066
2019-05-22,132.43339079256577,132.61750777296768,132.22555739071223,132.46955828327796,132.46955828327796,11844829
2019-05-23,132.67634201343412,132.8225294830821,132.36123281860606,132.65507895813096,132.65507895813096,5381178
2019-05-24,132.98825520511213,133.12354650320805,132.6851390404886,132.8455345389472,132.8455345389472,4545388
2019-05-27,133.29762075282213,133.90247904082582,133.05655651430666,133.44567036037216,133.44567036037216,4828054
2019-05-28,133.63595523995832,134.03867701689487,133.29351340880083,133.6550252082385,133.6550252082385,3952974
2019-05-29,133.9705024195008,134.21954487320747,133.67637319512917,133.86889478366666,133.86889478366666,3424904
2019-05-30,134.06178892954915,134.48482943904,133.85946008564372,134.08719505097648,134.08719505097648,3889332
2019-05-31,134.29801008178086,134.50396116588882,133.943220309013,134.30984197448768,134.30984197448768,2129496
2019-06-03,135.33590879287564,136.0207565198516,134.2084260701409,135.003022325427,135.003022325427,6670110
2019-06-04,135.3482932572472,135.48640766121514,135.0234483925516,135.24221551694114,135.24221551694114,7472004
2019-06-05,135.30547115150495,135.7061477589029,135.16887273413744,135.48533518625538,135.48533518625538,15180014
2019-06-06,135.6992304666754,135.8688078848805,135.6045277692335,135.73229729768946,135.73229729768946,13104867
2019-06-07,135.96238935446436,136.1204704074962,135.65055979075046,135.98301781556313,135.98301781556313,5542493
2019-06-10,136.98128958371768,137.6674359634876,136.01291492030796,136.75688945101922,136.75688945101922,7068255
2019-06-11,137.09145334722322,137.27688999956447,136.664493878153,137.0218032378487,137.0218032378487,13887479
2019-06-12,137.05497986607116,137.47892455220827,136.89126346540945,137.2900552527165,137.2900552527165,6392914
2019-06-13,137.55009220903904,137.8627301647154,137.170314925883,137.56156145994237,137.56156145994237,8712296
2019-06-14,137.76141580685575,138.03348176250543,137.4489928969779,137.83623782384606,137.83623782384606,5908957
2019-06-17,138.30767223018853,139.56825325724608,137.84653092835734,138.67844749882133,138.67844749882133,8158501
2019-06-18,138.9680303344082,139.20196186292168,138.7276856058691,138.96496413263364,138.96496413263364,8341861
2019-06-19,139.34436533335034,139.63453819075627,138.9828156167517,139.25423074472252,139.25423074472252,6719277
2019-06-20,139.4541837305413,139.92910027219054,139.2033203919493,139.54616329940765,139.54616329940765,13631679
2019-06-21,139.70004867401195,140.12082519400224,139.4347786175109,139.84067776100875,139.84067776100875,5192875
2019-06-24,140.90033970411116,141.47391871476788,140.13947506898492,140.73887223050573,140.73887223050573,8474921
2019-06-25,140.94337833568574,141.2954044891656,140.61298425690708,141.04287396296837,141.04287396296837,19515159
2019-06-26,141.4901161512628,141.74582534651086,140.94920654530867,141.34903742394576,141.34903742394576,9347331
2019-06-27,141.4967804870804,141.90220344052966,141.20176016563136,141.65727857775764,141.65727857775764,5371895
2019-06-28,141.7842192828616,142.17521942370524,141.54116874417804,141.96751338872375,141.96751338872375,9518139
2019-07-01,143.10571117186373,143.41691088438455,142.20868282534627,142.90933940774485,142.90933940774485,26989692
2019-07-02,143.38468896266323,143.5249535117154,143.0485633968559,143.22666172203932,143.22666172203932,8158457
2019-07-03,143.49278939712332,143.8499490729646,143.36435027713674,143.545276904171,143.545276904171,11896591
2019-07-04,144.0473835988235,144.29075701187196,143.62331436114803,143.86482030754382,143.86482030754382,8020756
2019-07-05,144.0080517263558,144.40333647873686,143.83444442482957,144.1849272855618,144.1849272855618,9181284
2019-07-08,144.44517925607093,145.96106993623684,143.90215592757227,145.14498320152603,145.14498320152603,7693023
2019-07-09,145.35137756430146,145.87765310304113,145.0193417365058,145.46369801216417,145.46369801216417,4808663
2019-07-10,145.72587460148938,146.19854471973395,145.43038393401463,145.78115316446727,145.78115316446727,9644815
2019-07-11,146.22586793871614,146.36665353729362,145.95299266113105,146.09698401183937,146.09698401183937,4340260
2019-07-12,146.50793173306445,146.70335173240565,146.20819934366529,146.41082590768434,146.41082590768434,6842967
2019-07-15,147.73075443052525,148.0483144207724,146.82313785703673,147.33677142009657,147.33677142009657,20807032
2019-07-16,147.80159382149347,148.07096666195682,147.38770160772862,147.63901104387296,147.63901104387296,7717254
2019-07-17,147.85855996632702,148.1089077137685,147.64604839760557,147.9374384831421,147.9374384831421,5042090
2019-07-18,148.4270592451951,148.65576124522528,148.08477161325263,148.23168909130806,148.23168909130806,9023969
2019-07-19,148.72087219284592,148.86836196358374,148.2790404473243,148.5213982217747,148.5213982217747,6065703
2019-07-22,149.65970330092892,150.204694568871,148.82472199934122,149.35963028101867,149.35963028101867,8446458
2019-07-23,149.59418218851766,149.7724538675101,149.28954129192655,149.62752703472788,149.62752703472788,4442279
2019-07-24,150.01481964035554,150.17366122888333,149.60802129254068,149.8890590777577,149.8890590777577,11813926
2019-07-25,150.02284504312928,150.40755507683411,149.85255758887328,150.14386176351204,150.14386176351204,8514420
2019-07-26,150.39625346781685,150.57783935446417,150.12114342868927,150.39157044539493,150.39157044539493,4847640
2019-07-29,151.29584174416632,151.8824331695548,150.07529574250165,151.08848600185448,151.08848600185448,9576412
2019-07-30,151.5718233228634,151.74891824393123,151.0997687745756,151.30417220229114,151.30417220229114,21052731
2019-07-31,151.42916470907628,151.8261743002678,151.21019271344784,151.51094116587615,151.51094116587615,5373634
2019-08-01,151.70648545331107,152.07267743335638,151.33740458054766,151.70842824601365,151.70842824601365,11684414
2019-08-02,151.8611497107112,152.05489582379158,151.58202436308807,151.8963546187794,151.8963546187794,9859237
2019-08-05,152.11928538083288,152.8546104132674,151.68046895639014,152.4037574511776,152.4037574511776,9787351
2019-08-06,152.5344458421393,152.7291768853539,152.2962137533727,152.55460059813157,152.55460059813157,12548122
2019-08-07,152.64530208058233,153.03047635517345,152.4104382084239,152.69654866222334,152.69654866222334,6965301
2019-08-08,152.91579152985133,153.2684975000386,152.66379458485238,152.82975193288905,152.82975193288905,8633147
2019-08-09,152.94285116823173,153.3045853831851,152.62108872857067,152.95436069956514,152.95436069956514,8402850
2019-08-12,153.24825245696704,153.44992506442293,153.03445215423628,153.2781228700183,153.2781228700183,5215191
2019-08-13,153.38996717118863,153.62211910639772,153.18019183801897,153.36985651509858,153.36985651509858,10062748
2019-08-14,153.4525946375976,153.7693083295961,153.14016195962407,153.4537471033707,153.4537471033707,6674008
2019-08-15,153.45092723883562,153.79812125034624,153.22014428645838,153.52994492427084,153.52994492427084,19976383
2019-08-16,153.62364362173713,154.00573676904915,153.43588859342162,153.59860026723533,153.59860026723533,6205970
2019-08-19,153.60641460381524,154.16225445765625,153.39697741891274,153.7608143228778,153.7608143228778,4134173
2019-08-20,153.69612743266043,154.1368335849981,153.46091493253599,153.80080264846256,153.80080264846256,14008295
2019-08-21,153.88258192110519,154.09309665521386,153.63448704555123,153.83399994329312,153.83399994329312,5514155
2019-08-22,153.89908889595958,154.08153201043118,153.5704042267856,153.86055649680577,153.86055649680577,4361410
2019-08-23,153.69138355615212,154.05332837138334,153.50935818649288,153.88062259843673,153.88062259843673,9710478
2019-08-26,153.76501562172658,154.15659603157994,153.59375594729667,153.90338108640273,153.90338108640273,15575337
2019-08-27,153.96895076336693,154.17102971231807,153.63266191115602,153.89898827487008,153.89898827487008,11566528
2019-08-28,153.88756280520752,154.2457598253868,153.6461874647403,153.88885645863718,153.88885645863718,6010861
2019-08-29,154.03591717819717,154.22429529329725,153.5374113461424,153.87313592714037,153.87313592714037,8531122
2019-08-30,153.77621157245707,154.0130949284483,153.41009435791148,153.85197696981595,153.85197696981595,6929278
2019-09-02,153.6589179049913,154.02337954335457,153.40209078664407,153.75737243723978,153.75737243723978,18354393
2019-09-03,153.6954087272396,153.9129858958635,153.5534900636442,153.71596267096774,153.71596267096774,6428803
2019-09-04,153.62647386627648,153.8587733189262,153.3828969106869,153.66986592604954,153.66986592604954,8405956
2019-09-05,153.43416669347073,154.02437779585537,153.193594972006,153.6192324919214,153.6192324919214,8706463
2019-09-06,153.494492493346,153.715937471644,153.39554216573515,153.56421265801958,153.56421265801958,4478700
2019-09-09,153.16434716636482,153.64738753741022,152.91779761767327,153.3743376520356,153.3743376520356,7264380
2019-09-10,153.26489265510085,153.49539902076597,152.85976172845318,153.3032751134023,153.3032751134023,7323883
2019-09-11,153.36150548353075,153.64943423027484,153.0654847388895,153.2285776221768,153.2285776221768,15924524
2019-09-12,152.9051048935007,153.4673838710057,152.71235961163472,153.15039546779542,153.15039546779542,8819909
2019-09-13,153.0881872145159,153.28101699743914,152.814389921804,153.06887893969446,153.06887893969446,6621224
2019-09-16,152.72391986253936,153.10457626575416,152.39724015180684,152.8058260074368,152.8058260074368,7440084
2019-09-17,152.76617286818396,153.08450100010504,152.44085970603385,152.71247487882033,152.71247487882033,7736596
2019-09-18,152.59607338643463,153.06096748847347,152.3378941940837,152.61654082366567,152.61654082366567,7845849
2019-09-19,152.46610254403325,152.72604673445778,152.17776721848904,152.51817413140915,152.51817413140915,12719756
2019-09-20,152.6284744868029,152.83834709229657,152.03245706278562,152.41752509148705,152.41752509148705,13050084
2019-09-23,152.1234992255839,152.5529247728123,151.950879349798,152.10338678009015,152.10338678009015,4874854
2019-09-24,151.96508469335555,152.4244188734739,151.66898633954634,151.99511124386856,151.99511124386856,13645658
2019-09-25,151.8880318658671,152.22467279835806,151.68904783761175,151.88530480716287,151.88530480716287,11647776
2019-09-26,151.74590797260498,152.11145446115702,151.52725806941353,151.77411775940925,151.77411775940925,7791855
2019-09-27,151.63943203151618,151.9266143019076,151.41438046855083,151.66170039004416,151.66170039004416,3828447
2019-09-30,151.48872608113436,151.7440579641036,150.9951635607034,151.31856924664214,151.31856924664214,8897432
2019-10-01,151.34694366760107,151.50751547183418,150.96055411350846,151.20273348519362,151.20273348519362,6702431
2019-10-02,151.09931160261849,151.4373572396184,150.91639936172473,151.08644085797073,151.08644085797073,10557987
2019-10-03,151.02452966057172,151.24166161921906,150.78790905755721,150.9699516976892,150.9699516976892,11053457
2019-10-04,150.99929175338875,151.22104909735813,150.70718725078902,150.85354834572016,150.85354834572016,15471186
2019-10-07,150.58052610845792,150.96273837352965,150.18125605818216,150.50767655340246,150.50767655340246,4706044
2019-10-08,150.246459809752,150.57604356171015,149.95764323702676,150.39443984839752,150.39443984839752,23304003
2019-10-09,150.3081122515779,150.68082243609683,150.1109398594502,150.28270065856208,150.28270065856208,12516968
2019-10-10,150.1043741021044,150.47828619620586,149.73916927891528,150.1727413252674,150.1727413252674,11433720
2019-10-11,150.04447783380317,150.46608733154008,149.69867708908345,150.06484418988492,150.06484418988492,20856089
2019-10-14,149.81514745524763,150.03487909972227,149.41102840037428,149.7563493849242,149.7563493849242,9377942
2019-10-15,149.69562387083727,149.9133447663758,149.3220297626882,149.65952445490404,149.65952445490404,13413546
2019-10-16,149.4306630162694,149.98819346339815,149.1718978428041,149.56617342965296,149.56617342965296,8708741
2019-10-17,149.42073641638956,149.68994980915588,149.3084874971705,149.47657865054225,149.47657865054225,12180678
2019-10-18,149.58551236191857,149.7903216382949,149.09821843330536,149.39102245894327,149.39102245894327,14299792
2019-10-21,149.13937317798909,149.4472681909103,148.808807452842,149.1614088229306,149.1614088229306,13584175
2019-10-22,149.19312321419986,149.3899785853574,148.77691206880237,149.09483039509226,149.09483039509226,3756354
2019-10-23,148.81348080406082,149.26437415070146,148.6389364185339,149.0337022616226,149.0337022616226,6504750
2019-10-24,149.06287273724726,149.29166603916053,148.82161576245088,148.97830676389282,148.97830676389282,14372873
2019-10-25,148.88332064669243,149.1646723208472,148.57887294490328,148.92892624327445,148.92892624327445,10262635
2019-10-28,148.8230113561865,148.9659082169323,148.51886515401117,148.81969795780077,148.81969795780077,7804707
2019-10-29,148.68563374368787,149.01611076530466,148.5448053207427,148.7972007593413,148.7972007593413,10311570
2019-10-30,148.68115715459965,148.91802724617096,148.54190997050546,148.78213024485,148.78213024485,4607079
2019-10-31,148.79475617786395,149.21433051270975,148.44690657792646,148.77476875569823,148.77476875569823,11854183
2019-11-01,148.942173455931,149.2110232868791,148.363128571197,148.7753986332574,148.7753986332574,9632772
2019-11-04,148.9301363734616,149.08344991281245,148.53699124042376,148.82600679821934,148.82600679821934,8348371
2019-11-05,149.02917312176533,149.22027580122986,148.46682831749254,148.8586120740137,148.8586120740137,7315428
2019-11-06,149.00521921037495,149.14093361197024,148.6390372841817,148.89879546186953,148.89879546186953,8979736
2019-11-07,148.90932905698298,149.2903442942751,148.78030361977991,148.9463830627817,148.9463830627817,6974809
2019-11-08,148.9955903101927,149.38732315043157,148.84785459680643,149.00120097774504,149.00120097774504,6803930
2019-11-11,149.2451563964736,149.63823636036753,149.05692617711287,149.2072976168902,149.2072976168902,19567593
2019-11-12,149.25364776317159,149.54912772625119,149.0357574997117,149.28929779800634,149.28929779800634,3618927
2019-11-13,149.54995975255358,149.7578138506201,149.1374297553051,149.37765879814768,149.37765879814768,3656319
2019-11-14,149.51471937789452,149.69020442028042,149.11232730673078,149.4722067183091,149.4722067183091,11824818
2019-11-15,149.4842407674491,150.018449311899,149.20482984606684,149.57276765948535,149.57276765948535,4347381
2019-11-18,149.92407638312918,150.06909160948408,149.73963728447458,149.90878961905156,149.90878961905156,2937845
2019-11-19,150.20248054752727,150.35684385641977,149.82696662583845,150.03166365423544,150.03166365423544,13284195
2019-11-20,150.21018073535018,150.50279046522743,149.93805305113665,150.15968121540828,150.15968121540828,15021405
2019-11-21,150.18389647032836,150.6450890309155,149.98457066267386,150.2926684035649,150.2926684035649,4159619
2019-11-22,150.41916365213447,150.6038696372899,150.24941098376706,150.43045131970007,150.43045131970007,3260163
2019-11-25,151.00144604984777,151.50298760228898,150.61072772290933,150.87083544592514,150.87083544592514,4349467
2019-11-26,150.92953964636993,151.2194488740702,150.590811716782,151.02606228392278,151.02606228392278,5637760
2019-11-27,151.1341696157546,151.51899937419418,150.7938231226231,151.18521535487304,151.18521535487304,20830077
2019-11-28,151.25811868814054,151.5551074412928,151.15448971321814,151.34812075977078,151.34812075977078,6453147
2019-11-29,151.6222583289523,151.74871806904858,151.2488794380899,151.51460459961078,151.51460459961078,12126224
2019-12-02,152.10668240778423,152.5653178154866,151.6062907329167,152.03378773873266,152.03378773873266,11476772
2019-12-03,152.14439838395168,152.4831925051746,151.82301270529587,152.21284632828994,152.21284632828994,15497087
2019-12-04,152.44973523334585,152.58304579927656,152.09417593446855,152.39461385776357,152.39461385776357,5850055
2019-12-05,152.52208840610615,152.7710081641587,152.40063033725733,152.57891642814843,152.57891642814843,7959327
2019-12-06,152.61370821608025,153.03721323797305,152.39101676069362,152.76558014043923,152.76558014043923,7169543
2019-12-09,153.63248146204128,154.0507450099235,152.84186505961898,153.33799913869578,153.33799913869578,10469218
2019-12-10,153.5569350539265,153.9600675020353,153.30941779381487,153.53236842855873,153.53236842855873,14693181
2019-12-11,153.7447972965641,153.89374364450606,153.468652008459,153.72822936530173,153.72822936530173,23775357
2019-12-12,153.84394864094594,154.1910091438564,153.62597868013296,153.92540804991958,153.92540804991958,6580608
2019-12-13,153.9861814203109,154.29488740346858,153.8739665147185,154.12373058340717,154.12373058340717,8585990
2019-12-16,154.65881809890405,155.00431841413808,154.30135709085124,154.72382228703623,154.72382228703623,12339438
2019-12-17,154.87319553484642,155.27969889347358,154.65589911225237,154.92498122595075,154.92498122595075,10862601
2019-12-18,155.2835264259342,155.4622855176841,154.9805548733511,155.12641451870903,155.12641451870903,18858912
2019-12-19,155.26982864642622,155.52091841114745,154.93617305137028,155.32794826630592,155.32794826630592,7579983
2019-12-20,155.62696952578892,155.74575105790763,155.33359948981484,155.52940856973623,155.52940856973623,6558242
2019-12-23,156.2079608165119,156.4175910707873,155.8328578760068,156.1316098249757,156.1316098249757,15920213
2019-12-24,156.23786987173526,156.74584443721105,155.9757332990162,156.33103736168778,156.33103736168778,9308861
2019-12-25,156.6910670867675,156.99079102039158,156.1342432996734,156.5295219592073,156.5295219592073,10480976
2019-12-26,156.65738950917068,156.9125272382334,156.31798280981306,156.72688971852918,156.72688971852918,7714488
2019-12-27,156.92383491374045,157.1404773429838,156.61910592796215,156.92296674064815,156.92296674064815,12717643
2019-12-30,157.89811177227728,158.2898703102239,157.11647877719278,157.5017143937359,157.5017143937359,5190879
2019-12-31,157.75303562799405,158.13961056829348,157.30483409129977,157.6908894769915,157.6908894769915,6361756
2020-01-01,157.8203352332281,158.15911921468543,157.50382882219373,157.87790432801822,157.87790432801822,2128298
2020-01-02,158.05632079356238,158.22168033571933,157.8386194098954,158.0626207836755,158.0626207836755,5845403
2020-01-03,158.04105548219755,158.40055464466874,157.80240750557087,158.24504362428047,158.24504362428047,12746176
2020-01-06,158.7739711634748,159.34097666750367,158.4801837887137,158.7789556175993,158.7789556175993,8187836
2020-01-07,158.8976181329369,159.2268150836943,158.48153000625402,158.95260915981262,158.95260915981262,5040384
2020-01-08,158.90758410099028,159.27695793937312,158.69349885064446,159.12417166788242,159.12417166788242,16349117
2020-01-09,159.1266409930138,159.6321556596375,158.92020573333258,159.29368365799033,159.29368365799033,8573678
2020-01-10,159.15477369924176,159.608485576759,159.00331282179454,159.46118564631817,159.46118564631817,18658780
2020-01-13,160.0348692778262,160.57872628937452,159.35887915486865,159.95203676243827,159.95203676243827,12277710
2020-01-14,160.1000214907425,160.35903805856844,159.9037648838942,160.11190390546298,160.11190390546298,8789366
2020-01-15,160.25920809161804,160.42775610710507,159.9769055291881,160.2699636276164,160.2699636276164,20024249
2020-01-16,160.4814216814459,160.76885307887585,160.25778379299157,160.42625644507999,160.42625644507999,6633355
2020-01-17,160.57829539143603,160.85945264470138,160.30489996347805,160.58082287403568,160.58082287403568,4627405
2020-01-20,161.0329417774151,161.70270580936827,160.4770587731508,161.03456899167233,161.03456899167233,17798549
2020-01-21,161.2548929099026,161.51190168618186,160.90676594594427,161.18263502841356,161.18263502841356,10823359
2020-01-22,161.2842066427179,161.5676221494014,161.07208021410312,161.32917725755553,161.32917725755553,16060176
2020-01-23,161.66357374416816,161.86013081532312,161.12702670053483,161.47423619527993,161.47423619527993,12430134
2020-01-24,161.6640015146143,161.85545212909537,161.17637226278015,161.61785235776853,161.61785235776853,18195597
2020-01-27,162.37018985467571,162.63185502998368,161.8291667665612,162.0404493556369,162.0404493556369,6194618
2020-01-28,162.29262506900238,162.4522814445699,161.90145705234443,162.1786995789996,162.1786995789996,7279951
2020-01-29,162.36888740595614,162.6492235891947,162.1156870569651,162.3157096080353,162.3157096080353,7241703
2020-01-30,162.35149860744536,162.6149792498177,162.06809474558582,162.45151995892556,162.45151995892556,7290698
2020-01-31,162.69827326731243,162.8779896849844,162.40374595571782,162.58617114785213,162.58617114785213,3654350
2020-02-03,163.11487952096533,163.50973021281638,162.5273362582398,162.98357490466736,162.98357490466736,8681203
2020-02-04,163.3333722098141,163.53676365198018,162.86916379187613,163.11399460755678,163.11399460755678,11881460
2020-02-05,163.29528861229508,163.4672757694258,163.0283476936372,163.2434577293911,163.2434577293911,5692687
2020-02-06,163.42265073767217,163.59660307190958,162.9037250134713,163.37200478635228,163.37200478635228,5066281
2020-02-07,163.59277635265587,163.92744722664665,163.34616618512368,163.4996762946219,163.4996762946219,7474278
2020-02-10,164.1227677439659,164.41745525339599,163.5338375264651,163.87784268909923,163.87784268909923,11842727
2020-02-11,164.0482671390767,164.18286212521096,163.8473665429888,164.00241716442022,164.00241716442022,4672042
2020-02-12,164.1796038180307,164.42915194088184,163.81192725704017,164.12631867195844,164.12631867195844,25715153
2020-02-13,164.1704424679049,164.5138084818641,163.92893976594718,164.24958772789552,164.24958772789552,4178150
2020-02-14,164.56804591404847,164.82074565691877,164.11329779327596,164.3722648484133,164.3722648484133,6013986
2020-02-17,164.81011639385346,164.93334879925192,164.52231651905217,164.73714975926785,164.73714975926785,14104327
2020-02-18,164.7588744949985,165.07932849897125,164.57918628625364,164.8578642999256,164.8578642999256,12977375
2020-02-19,165.04168992998277,165.3873656709694,164.596800797889,164.97818948607264,164.97818948607264,12421580
2020-02-20,164.9398105920382,165.26453807595058,164.67831604741733,165.09816583389082,165.09816583389082,5678708
2020-02-21,165.37090197697853,165.53741873030702,164.88498993291103,165.21783385956172,165.21783385956172,6243939
2020-02-24,165.54015575803456,165.90227831188298,165.19304566229806,165.57539316550873,165.57539316550873,5213397
2020-02-25,165.65170615750523,165.9597154026318,165.47530220556754,165.69423306440822,165.69423306440822,6816492
2020-02-26,165.79998178941327,166.0995918259812,165.56368505180606,165.81296722206923,165.81296722206923,9687289
2020-02-27,166.03727724291787,166.26563583538626,165.7258841148635,165.93163615467344,165.93163615467344,5200761
2020-02-28,165.94124637461218,166.2559953304622,165.8139044442549,166.0502803784026,166.0502803784026,3337919
2020-03-02,166.50342347653705,166.78068118912935,166.1620772031397,166.4064699581572,166.4064699581572,14354325
2020-03-03,166.73995064804032,166.95695579704886,166.19389463181503,166.52542050820358,166.52542050820358,7310841
2020-03-04,166.81274718304311,167.06055004236538,166.29765390706285,166.64454893028358,166.64454893028358,11628802
2020-03-05,166.47731073071128,166.9678796368332,166.28288369676338,166.76389574057893,166.76389574057893,6854256
2020-03-06,166.9793010874965,167.08600188219282,166.66476752378426,166.8835014552714,166.8835014552714,10494375
2020-03-09,167.24004350492376,167.50821461116993,166.8388520325949,167.24427718754882,167.24427718754882,25598559
2020-03-10,167.16435402647005,167.64285838869995,166.92745507995315,167.36532368164708,167.36532368164708,4516775
2020-03-11,167.30357798005355,167.78123276507532,167.13904407031447,167.48683166105116,167.48683166105116,5422082
2020-03-12,167.57992368444084,167.9989284520999,167.36823786416358,167.6088416419427,167.6088416419427,5099142
2020-03-13,167.76520023024946,167.90231727983604,167.48795626193942,167.7313941405035,167.7313941405035,22909030
2020-03-16,168.01499452331103,168.2833232181385,167.92031478676566,168.10271190401892,168.10271190401892,7928022
2020-03-17,168.16983916264903,168.51769825214757,167.96852771244392,168.22783963507413,168.22783963507413,12468186
2020-03-18,168.44989068502642,168.7517080070363,167.93894485677137,168.35371246470731,168.35371246470731,2132998
2020-03-19,168.5229120305603,168.70044236540764,168.31192637562802,168.48037090910015,168.48037090910015,9647231
2020-03-20,168.76859433919523,168.98674421359377,168.37846110916632,168.6078554844344,168.6078554844344,6679455
2020-03-23,168.99615534632153,169.27599190648027,168.53357167119646,168.99567115790296,168.99567115790296,16018534
2020-03-24,168.9436541258866,169.5937876264542,168.696679688319,169.12686541882022,169.12686541882022,11120852
2020-03-25,169.49138818059345,169.72978926438097,168.94491497610366,169.25908839158757,169.25908839158757,6485609
2020-03-26,169.2311554729907,169.65058592815095,168.99160565440036,169.39238059238676,169.39238059238676,17625578
2020-03-27,169.51268472128135,169.7612358540206,169.23609503896182,169.52678253739947,169.52678253739947,18453531
2020-03-30,170.03559061689643,170.29885598986215,169.68354284449893,169.9370519995364,169.9370519995364,16984241
2020-03-31,169.95963316651964,170.3152750668127,169.7810262518675,170.07629808322076,170.07629808322076,11712867
2020-04-01,170.41292493353512,170.61039889760852,169.85634869281932,170.21685649202732,170.21685649202732,6964319
2020-04-02,170.33130957669255,170.80755532193686,169.86621312970985,170.35870513627546,170.35870513627546,8984309
2020-04-03,170.48313499263094,170.89602577596892,170.32350358319783,170.5015715028346,170.5015715028346,6495332
2020-04-06,171.22145372992543,171.50040157290405,170.50900641147936,170.93292574644892,170.93292574644892,8936052
2020-04-07,171.1132712041661,171.3731043450412,170.80437501021476,171.07651181232282,171.07651181232282,5942480
2020-04-08,171.21065446266425,171.4297429603431,170.8825735378892,171.21944000554305,171.21944000554305,7349274
2020-04-09,171.49717458841047,171.78115865208414,171.19852219159964,171.3613752071167,171.3613752071167,23364456
2020-04-10,171.60279185459916,171.78616047573848,171.2348931294168,171.50198229805088,171.50198229805088,9345657
2020-04-13,171.64418448325753,172.38654486328235,171.37437318863937,171.91248371708667,171.91248371708667,6452742
2020-04-14,171.9228840451558,172.29704900212147,171.689451755667,172.04442717553323,172.04442717553323,4615017
2020-04-15,172.09897332665628,172.35769267602117,171.85549645791914,172.17336692837566,172.17336692837566,7610570
2020-04-16,172.26332776305577,172.813180647331,172.040587867727,172.2989678566208,172.2989678566208,11612952
2020-04-17,172.44410121193445,172.6326316945562,172.15779964310983,172.4208948412759,172.4208948412759,8565942
2020-04-20,172.82809592827633,173.27536393838108,172.46680709268483,172.76128094377108,172.76128094377108,7787035
2020-04-21,172.78071131059266,173.37550867998934,172.40625608219125,172.86516096413635,172.86516096413635,9896929
2020-04-22,172.69606168784577,173.4076923583841,172.45670931364927,172.96369144594678,172.96369144594678,9743362
2020-04-23,173.17475455998596,173.45193480802288,172.7413708058283,173.0565372702095,173.0565372702095,11382570
2020-04-24,173.2878508697392,173.50928360257916,172.84451078065538,173.14336331793154,173.14336331793154,11535216
2020-04-27,173.31883187156984,173.83571696172461,172.90014401656944,173.36437161192413,173.36437161192413,7653449
2020-04-28,173.4171355377264,173.68525970793377,173.11221136200095,173.42376736355396,173.42376736355396,7464395
2020-04-29,173.3670113125968,173.8019712205384,173.11824044036103,173.47546774367854,173.47546774367854,8003283
2020-04-30,173.62792589948174,173.90100448519541,173.27881753261673,173.51913763330472,173.51913763330472,10586470
2020-05-01,173.3150232152165,173.860505171637,173.12726276363497,173.55444191343963,173.55444191343963,14013473
2020-05-04,173.58989169563708,173.92480964248134,173.26249506132936,173.6127023454979,173.6127023454979,6759877
2020-05-05,173.58447598453077,173.89594710445112,173.16803610873617,173.61926782090953,173.61926782090953,7371178
2020-05-06,173.7494438179483,173.98301001087785,173.1801124849143,173.6210298150033,173.6210298150033,5326605
2020-05-07,173.69323372085447,174.08533902706984,173.38431487305303,173.6189626395708,173.6189626395708,3787909
2020-05-08,173.60609649393857,173.8437683705546,173.19687477283657,173.61404060640356,173.61404060640356,4308219
2020-05-11,173.66252729909144,174.08876216933265,173.1440015720988,173.59188847840906,173.59188847840906,4843230
2020-05-12,173.7950823859068,173.99270940197263,173.30289720690263,173.58529013221857,173.58529013221857,5734825
2020-05-13,173.6649772592484,174.03703025471447,173.36156646418394,173.58070848725123,173.58070848725123,10068207
2020-05-14,173.63332208850883,173.93807954991908,173.42193718601737,173.57911785529862,173.57911785529862,4682219
2020-05-15,173.78868571252428,174.02186620369437,173.26090529375037,173.58149254815228,173.58149254815228,8071046
2020-05-18,173.46012826394318,173.78431840046406,173.337392485671,173.62215169346678,173.62215169346678,12162556
2020-05-19,173.55029502918248,174.1048508435854,173.29148933875965,173.65013080346137,173.65013080346137,5283100
2020-05-20,173.5773182647915,173.85790540069078,173.4620419502899,173.68694679722012,173.68694679722012,6255754
2020-05-21,173.90224705369198,174.21461064909175,173.26357295708542,173.7335739865346,173.7335739865346,4134689
2020-05-22,173.7368128628076,174.30942635886197,173.54050417536334,173.7909866831964,173.7909866831964,4968818
2020-05-25,174.14108799090832,174.30179036825027,173.79829172727437,174.03768093518153,174.03768093518153,15869672
2020-05-26,174.0847398003039,174.38162771815112,173.81544329750142,174.14797877914836,174.14797877914836,10297874
2020-05-27,174.13017362464805,174.71088428639558,173.93452001561076,174.27393368942035,174.27393368942035,23434729
2020-05-28,174.39959734491794,174.66617199084587,174.1807648338922,174.4165199777892,174.4165199777892,5534165
2020-05-29,174.57103045065864,175.05115576998563,174.31992575654417,174.57671195604638,174.57671195604638,17007477
2020-06-01,175.19571512663663,175.50519792409676,174.79829301373047,175.17266514806377,175.17266514806377,5556842
2020-06-02,175.35975934466674,175.61694717617402,174.9901499148405,175.41267807544585,175.41267807544585,6226751
2020-06-03,175.70566536808832,176.1924267047253,175.23089664739484,175.67309868160865,175.67309868160865,31205582
2020-06-04,175.82269777216305,176.36017336757382,175.62364334229522,175.9528317082782,175.9528317082782,5269383
2020-06-05,176.3452267300843,176.7228631254051,175.82785356168225,176.25078189718053,176.25078189718053,17686041
2020-06-08,177.3701993119558,178.02736320000443,176.02978683327026,177.2429828545452,177.2429828545452,7873053
2020-06-09,177.774126966838,178.02040478168246,177.3886605637146,177.6028491096394,177.6028491096394,4669126
2020-06-10,178.0587424332151,178.37561911864458,177.42977797106934,177.9754562355968,177.9754562355968,3912168
2020-06-11,178.17792423681306,178.77597289617165,177.8555372789861,178.35970897414327,178.35970897414327,8431994
2020-06-12,178.99418673561917,179.21511268109708,178.4920834371521,178.75451206700504,178.75451206700504,4561658
2020-06-15,180.057099701156,181.29497191821025,179.19297610618958,179.9912708887421,179.9912708887421,6901019
2020-06-16,180.33151884155177,180.8009891753272,180.16938436686792,180.4173228161253,180.4173228161253,3086936
2020-06-17,180.97840199071135,181.16736081921417,180.5918005862491,180.8484488064539,180.8484488064539,9551017
2020-06-18,181.5278030488038,181.83048485275367,180.74595121820096,181.28355360145414,181.28355360145414,3699578
2020-06-19,181.72113054377212,182.0226966171182,181.30845894573866,181.72154194285199,181.72154194285199,7763232
2020-06-22,182.5448666317065,184.5958279704958,181.362309822264,183.04185566269177,183.04185566269177,4005004
2020-06-23,183.25733699782285,183.78523148302443,182.93941991624752,183.48042560694066,183.48042560694066,14766794
2020-06-24,183.90518590088928,184.398853726818,183.4434358411877,183.91640280621743,183.91640280621743,2785667
2020-06-25,184.56928433366022,184.88232369710477,183.84261755206708,184.34869200224819,184.34869200224819,6944632
2020-06-26,184.73511263447665,185.0667521670296,184.57558072606952,184.7761979367589,184.7761979367589,10581907
2020-06-29,186.1161189937836,186.65657967485745,185.05290143059696,186.0190635884318,186.0190635884318,9572403
2020-06-30,186.23993267398896,186.6499772379115,185.97148709683114,186.41648389412316,186.41648389412316,4288882
2020-07-01,187.01727849333548,187.22421613983195,186.6256234089761,186.80364464692482,186.80364464692482,3352039
2020-07-02,187.4851556280002,187.68423558378086,186.99743184052363,187.17965724158825,187.17965724158825,11824070
2020-07-03,187.36052126242973,187.73097139818844,187.0401592413431,187.54445968496708,187.54445968496708,7520295
2020-07-06,188.4343095320067,189.82881957038012,187.3714234876071,188.57305270618502,188.57305270618502,4681331
2020-07-07,188.9972702434361,189.19985988182384,188.61918969542873,188.89446114321476,188.89446114321476,12041273
2020-07-08,189.17562819521333,189.5658018739019,188.7617487117173,189.20538272835466,189.20538272835466,6038106
2020-07-09,189.62773809635135,190.04616877499828,189.02003870217214,189.5059621214836,189.5059621214836,5758924
2020-07-10,189.83797855612832,190.09947534566592,189.50324756298954,189.79634398248072,189.79634398248072,5186723
2020-07-13,190.58975000825072,191.36934063897027,190.21191479745877,190.60775097147004,190.60775097147004,5472375
2020-07-14,190.7992236363238,191.03604617224508,190.31315529406464,190.8587893027291,190.8587893027291,5374641
2020-07-15,190.96908827574228,191.30509016219523,190.78983870611083,191.10035340125106,191.10035340125106,9427162
2020-07-16,191.46929021566646,191.60868895257988,191.1176043919745,191.33258792691493,191.33258792691493,17370261
2020-07-17,191.3932361737439,191.73924164625473,191.18537975700028,191.5556375395996,191.5556375395996,3979184
2020-07-20,192.29739422464982,192.85612496052744,191.3975246219739,192.17112349856836,192.17112349856836,6745922
2020-07-21,192.33476742072173,192.70424822196168,192.09622182473754,192.3588800581261,192.3588800581261,7369979
2020-07-22,192.5328148280942,192.93309100324126,192.25592768948349,192.53817500409951,192.53817500409951,10091796
2020-07-23,192.64638136894348,192.95326906772556,192.43749061966727,192.70915299636752,192.70915299636752,13112986
2020-07-24,192.83873103132981,193.16540513696629,192.2967154914064,192.8719586948092,192.8719586948092,7387286
2020-07-27,193.44332998571312,193.81842747741223,193.02304260887715,193.31278862596537,193.31278862596537,5817658
2020-07-28,193.71004637878593,194.01058961965182,193.03645644721146,193.4443517478911,193.4443517478911,10681110
2020-07-29,193.31889905598163,193.76317159946635,193.01813993594746,193.5684658753853,193.5684658753853,3523281
2020-07-30,193.91044702132797,194.22174651496314,193.45121034510595,193.68527566832688,193.68527566832688,2738591
2020-07-31,193.83854020096015,194.2041141839539,193.22540245721356,193.7949257865948,193.7949257865948,29213437
2020-08-03,193.83597947666806,194.48687719069483,193.52152445742223,194.08236469214648,194.08236469214648,5341478
2020-08-04,194.04103680578405,194.54355768644746,193.62939356768226,194.16482271050958,194.16482271050958,6505050
2020-08-05,194.20723918325345,194.44396736177433,193.9785087499597,194.24084435359381,194.24084435359381,10499729
2020-08-06,194.152995285707,194.52212824574985,193.8769672001003,194.31057428127826,194.31057428127826,9515658
2020-08-07,194.26094641861434,194.79437760058906,193.8886353706454,194.37415715344187,194.37415715344187,12454234
2020-08-10,194.48087669006307,194.84383218806056,193.95158938290908,194.52947003559706,194.52947003559706,12784792
2020-08-11,194.60697305971814,195.11981701393285,194.3210777654933,194.56991128446685,194.56991128446685,3889242
2020-08-12,194.61832855676178,194.94623471049516,194.11673226851445,194.60492877721057,194.60492877721057,15090748
2020-08-13,194.71377793135275,194.86840220611975,194.32101682206257,194.63466717370724,194.63466717370724,10327357
2020-08-14,194.79274422246323,195.12663043696602,194.41228441827883,194.65927113383577,194.65927113383577,9664403
2020-08-17,194.7133596260871,194.9989020524443,194.35619795970635,194.70372299480252,194.70372299480252,9881858
2020-08-18,194.4625606812356,195.09933335664462,194.20940641001653,194.7092358082483,194.7092358082483,2620321
2020-08-19,194.90847878223053,195.17091482852166,194.34502495045086,194.71033748472084,194.71033748472084,7202873
2020-08-20,194.68066848581807,195.25051368701307,194.3121510621882,194.70717268409905,194.70717268409905,4934018
2020-08-21,194.720592015905,195.19901898799984,194.1177655788565,194.69988606626197,194.69988606626197,4591169
2020-08-24,194.90065893707862,195.1064106430831,194.3164067533639,194.65474190824824,194.65474190824824,6268284
2020-08-25,194.68754609180638,195.08536895292366,194.2057138839998,194.63241462033943,194.63241462033943,12087448
2020-08-26,194.82490454208326,195.168409686514,194.2822769688382,194.60668881461007,194.60668881461007,9235346
2020-08-27,194.54063079515493,194.8737067171003,194.24209181707832,194.57770915093917,194.57770915093917,9956034
2020-08-28,194.26419876561255,194.72116568888194,194.0863281210027,194.54562028920571,194.54562028920571,6399853
2020-08-31,194.42177426588853,194.71817513257315,193.8742098928789,194.43214511441957,194.43214511441957,9656105
2020-09-01,194.16933154739328,194.65296319243356,193.99271573507653,194.38906605922548,194.38906605922548,7242139
2020-09-02,194.41549760844043,194.78860173446355,193.85507379234582,194.34358356875003,194.34358356875003,12858477
2020-09-03,194.25305358472272,194.72918849328636,194.08449028375537,194.2957546198042,194.2957546198042,11327929
2020-09-04,194.44638838839873,194.6625219835754,193.98466289620765,194.24561865258528,194.24561865258528,8665506
2020-09-07,193.88677748579605,194.2630569978046,193.70243480881126,194.0817630432641,194.0817630432641,5359093
2020-09-08,194.1718552305765,194.4943529821742,193.8400191567717,194.02279340492666,194.02279340492666,9169992
2020-09-09,194.0044710438196,194.26805976983022,193.68415561811966,193.96171394930298,193.96171394930298,9031043
2020-09-10,193.91099641196382,194.343874967079,193.51337633783035,193.89856411659045,193.89856411659045,8491864
2020-09-11,193.89731439564716,194.23438869977718,193.65284334465252,193.8333833469864,193.8333833469864,6306053
2020-09-14,193.63236276593773,193.9396726976425,193.34421796392985,193.62604981879875,193.62604981879875,5767106
2020-09-15,193.41831328967297,193.78203761329334,193.17000809193956,193.55313970360214,193.55313970360214,9399220
2020-09-16,193.36197415870092,193.6908892441689,193.07139210235832,193.47839585250088,193.47839585250088,5210074
2020-09-17,193.3078164959223,193.9136354773418,192.85180762961377,193.40185770569218,193.40185770569218,7053728
2020-09-18,193.41152548760746,193.87040647357153,192.8875764108001,193.32356470337345,193.32356470337345,10728197
2020-09-21,193.02410306956997,193.5157879436578,192.7366194351117,193.07855096533095,193.07855096533095,9976033
2020-09-22,193.0133090763825,193.2092476763485,192.44287978076306,192.9936329429458,192.9936329429458,4485311
2020-09-23,192.8299690527365,193.24363695543917,192.41558077976313,192.90715726603742,192.90715726603742,9287820
2020-09-24,192.81565594039645,193.28786285994275,192.56463846680927,192.81916337480314,192.81916337480314,22095682
2020-09-25,192.85281777448597,193.2187661704254,192.5032778513496,192.72969070944043,192.72969070944043,11214855
2020-09-28,192.46237725085734,192.6737801444368,192.00645709607895,192.4527944705547,192.4527944705547,6973710
2020-09-29,192.10786036276178,192.53093554057116,191.95851351097247,192.3578011106515,192.3578011106515,15381859
2020-09-30,192.33137948421972,192.72208631727258,191.76966071028983,192.26152617760664,192.26152617760664,24023573
2020-10-01,192.10578781393568,192.48085911652166,191.69292084862929,192.1640091116173,192.1640091116173,12318716
2020-10-02,191.87479334101104,192.3408008341021,191.64027049738826,192.06530029374727,192.06530029374727,3365791
2020-10-05,191.68566667869572,191.94078908626534,191.1932034430392,191.76300853760182,191.76300853760182,10890034
2020-10-06,191.61093762795548,192.05049784801832,191.2732823158851,191.6605398026904,191.6605398026904,15702742
2020-10-07,191.63030053360652,192.07218831130996,191.33949303531062,191.55739380200532,191.55739380200532,2850437
2020-10-08,191.6540202468738,192.01100233599664,190.94835767423461,191.4536756209412,191.4536756209412,12781506
2020-10-09,191.45916793967032,191.7490404029298,191.07607257727673,191.34949034489279,191.34949034489279,7227409
2020-10-12,191.15412697533762,191.41350291426497,190.55141781454677,191.03518280078794,191.03518280078794,15443076
2020-10-13,190.80480954190475,191.1361208058298,190.3745875135034,190.93017999874874,190.93017999874874,7720379
2020-10-14,190.89706117733184,191.21692968209663,190.37426386378073,190.8252355286985,190.8252355286985,9497744
2020-10-15,190.80069833149363,191.0442894285868,190.31008826633015,190.7204544760319,190.7204544760319,9577703
2020-10-16,190.47379218246346,191.03052856710573,190.26009799490527,190.61594192614356,190.61594192614356,11432919
2020-10-19,190.3987483756287,190.63169155265356,189.98815859589158,190.30506614709506,190.30506614709506,10004085
2020-10-20,190.21310737894058,190.46984250039864,189.89049690844658,190.2026784622666,190.2026784622666,5103328
2020-10-21,189.85652007062268,190.3100869872701,189.67594593352302,190.10108470718973,190.10108470718973,7013797
2020-10-22,189.91662843157673,190.2970430355172,189.52963102738943,190.00038996725914,190.00038996725914,7973721
2020-10-23,189.64877719354556,190.11015109266168,189.45920187987232,189.9006993278695,189.9006993278695,14799899
2020-10-26,189.66231358140772,189.84978722238554,189.35905244227442,189.60870286689294,189.60870286689294,10192011
2020-10-27,189.63388957354155,190.07758177194052,189.14692000806306,189.51407948361367,189.51407948361367,5758323
2020-10-28,189.54066720170823,189.768121835201,188.9356049310393,189.42098562784875,189.42098562784875,5051038
2020-10-29,189.22323101512896,189.71139092100407,188.96999367281805,189.3295263849927,189.3295263849927,11098557
2020-10-30,189.35454001478084,189.75730181002066,188.85623499409712,189.23980684044028,189.23980684044028,6309331
2020-11-02,188.8765060028797,189.54732512512606,188.50601835618778,188.98213725055123,188.98213725055123,11658536
2020-11-03,188.93238351470725,189.3015952556404,188.4680990407526,188.90042735315978,188.90042735315978,7779938
2020-11-04,188.9926793010059,189.3130868863112,188.48872858535367,188.8209825810453,188.8209825810453,16601523
2020-11-05,188.72286305100988,189.04336460273294,188.2191307441421,188.74390801960232,188.74390801960232,5534125
2020-11-06,188.78040339004895,188.96024858442988,188.43509640175785,188.66930875422563,188.66930875422563,16425304
2020-11-09,188.50189509138366,188.79040649695278,187.89780379819115,188.46141358843968,188.46141358843968,13081248
2020-11-10,188.36943610057241,188.83339196991358,188.18118609489588,188.39776636127456,188.39776636127456,6418877
2020-11-11,188.42089522171054,188.77643550270454,188.1617036168282,188.33711985714905,188.33711985714905,5156588
2020-11-12,188.242243199442,188.57367239369395,187.75822553348897,188.27957916145775,188.27957916145775,20974041
2020-11-13,188.20281960129395,188.4473063735133,187.95902312126495,188.22524935959532,188.22524935959532,5094325
2020-11-16,187.92779255066742,188.50163019534335,187.62508990227585,188.0825761709281,188.0825761709281,9324384
2020-11-17,187.92604405282177,188.26205313172247,187.55264223023192,188.04214079832784,188.04214079832784,9507870
2020-11-18,187.90814164517295,188.40304209717087,187.49709920556745,188.00544174652987,188.00544174652987,8040118
2020-11-19,187.85856032057058,188.41548256011492,187.4119844604374,187.9725841009287,187.9725841009287,11823785
2020-11-20,188.13710090561864,188.38934079824796,187.6584715447629,187.94367294691918,187.94367294691918,5023647
2020-11-23,187.84789125934927,188.348046346363,187.43234820619392,187.8816692883862,187.8816692883862,21030508
2020-11-24,187.8466291329865,188.38304345671068,187.6549840575008,187.86959495468943,187.86959495468943,5297220
2020-11-25,187.72659914957174,188.22830724692204,187.53242633775025,187.86199253955743,187.86199253955743,7444495
2020-11-26,188.00687870969634,188.31612630163244,187.35536597640387,187.85896712838502,187.85896712838502,3897569
2020-11-27,188.07777057963392,188.2739665382434,187.54650545839255,187.8606238065668,187.8606238065668,13497413
2020-11-30,187.87571277920708,188.13748668582664,187.4923981741467,187.8947372311838,187.8947372311838,20563074
2020-12-01,187.78473344244014,188.0954354260182,187.5482474918246,187.9161731207289,187.9161731207289,21834963
2020-12-02,188.02612576873574,188.2241717387183,187.51862816413328,187.94272057770212,187.94272057770212,14108847
2020-12-03,187.94246523543745,188.31806706967026,187.4207827435568,187.97400494300103,187.97400494300103,6645038
2020-12-04,188.22437628936277,188.42241001886006,187.81834150428085,188.00955560862383,188.00955560862383,8006880
2020-12-07,188.31141682503218,188.64223137108513,187.74101068246327,188.13709932741742,188.13709932741742,6807257
2020-12-08,188.00748992269394,188.4319296766932,187.67458354086756,188.18500911431764,188.18500911431764,4361718
2020-12-09,188.15834007066363,188.4538724820999,187.8751335252893,188.2348321615327,188.2348321615327,6901240
2020-12-10,188.34320770401285,188.8365160964581,188.0855906604102,188.28609786106074,188.28609786106074,12601580
2020-12-11,188.1860987769807,188.5505728651611,187.94713190063766,188.33833560490004,188.33833560490004,5185931
2020-12-14,188.61695620741816,188.85522842643175,188.19507968243224,188.4961750222669,188.4961750222669,2557289
2020-12-15,188.75746038904606,188.94914162738658,188.3165528359204,188.5475948633329,188.5475948633329,4275666
2020-12-16,188.6366107385844,188.9817856419793,188.09163144806436,188.59763370870098,188.59763370870098,12043805
2020-12-17,188.5494400951123,188.84968436369715,188.2694048180095,188.64582095036943,188.64582095036943,3388338
2020-12-18,188.36672890642814,188.88410555727285,188.15205031350536,188.6916859803364,188.6916859803364,6318270
2020-12-21,188.51641043365376,189.02239572418088,188.32112470617326,188.8106417200104,188.8106417200104,6603703
2020-12-22,188.76799897562321,189.24469616693614,188.39774224077902,188.8425118231534,188.8425118231534,9101525
2020-12-23,188.96656961043823,189.25559095503326,188.69773069135104,188.8697066745858,188.8697066745858,8995675
2020-12-24,188.88613076822057,189.15447683442073,188.552047206143,188.8917556663059,188.8917556663059,9772289
2020-12-25,188.8298522269134,189.3312151506655,188.65982659205596,188.90818819031182,188.90818819031182,7426851
2020-12-28,189.15249234740105,189.41445348617881,188.38771278437795,188.9190808760266,188.9190808760266,4988707
2020-12-29,188.8529927745961,189.09485364238407,188.66906516277712,188.90834144915783,188.90834144915783,12555296
2020-12-30,189.04500926428764,189.2572255059897,188.60616091142924,188.8896325145659,188.8896325145659,3312090
2020-12-31,188.91099300177876,189.3058479396124,188.4875239705811,188.86248346424887,188.86248346424887,11823276
2021-01-01,188.72364343406605,189.09641810509638,188.55204688724223,188.826423690205,188.826423690205,14175113
2021-01-04,188.7624444771814,188.95374328955353,188.4090695109187,188.6620116550089,188.6620116550089,25734043
2021-01-05,188.67713959868334,189.00101001494738,188.18126434666544,188.58825828547074,188.58825828547074,5486801
2021-01-06,188.67510399873893,189.03007507319816,188.30010541473433,188.50496356047617,188.50496356047617,6045691
2021-01-07,188.56577660298345,188.9021174093438,188.2195016267938,188.4120874740935,188.4120874740935,8216181
2021-01-08,188.20344806532268,188.70966757763205,187.99290693563296,188.3095900203907,188.3095900203907,7915394
2021-01-11,188.01683982475458,188.40132458166548,187.4903862934022,187.9439693960426,187.9439693960426,12143003
2021-01-12,187.90920942715948,188.11548940883515,187.41475638322427,187.80258641374036,187.80258641374036,10388231
2021-01-13,187.5403964963452,188.07285221937622,187.31585374777833,187.6513820344584,187.6513820344584,6709339
2021-01-14,187.38276607718646,187.84260705819008,187.09882179427487,187.49031625226493,187.49031625226493,7617123
2021-01-15,187.39659858151876,187.56265177361632,187.0070037652135,187.3193490612279,187.3193490612279,12757278
2021-01-18,186.51437647892595,187.42634573037358,185.9259719670793,186.74663897573717,186.74663897573717,4247555
2021-01-19,186.67818107973903,186.92152924323332,186.34627637769114,186.5356660900072,186.5356660900072,7117753
2021-01-20,186.26588119402837,186.62258940900765,185.8834370503057,186.31459176577428,186.31459176577428,10557148
2021-01-21,186.13735479380014,186.6069796891572,185.56760989550742,186.08337599710637,186.08337599710637,4693164
2021-01-22,185.6615596768968,186.0174064785218,185.36099039471176,185.84197877807168,185.84197877807168,1362009
2021-01-25,184.99868661047483,185.67035616857552,184.55091486191978,185.0562983594474,185.0562983594474,16489598
2021-01-26,184.62141783967218,184.96214307766007,184.4926520815924,184.77377527962625,184.77377527962625,7918524
2021-01-27,184.60121419734176,184.94386371955335,184.03704651716185,184.48087071977872,184.48087071977872,4265920
2021-01-28,184.37524296256183,184.614860560871,183.9791913199421,184.1775446739729,184.1775446739729,12675248
2021-01-29,183.83692278269126,184.15717421183138,183.38480867580108,183.8637571362769,183.8637571362769,7208691
2021-02-01,183.00698552574923,184.02392573308893,181.6489132834344,182.85922551252847,182.85922551252847,4768511
2021-02-02,182.34210839464467,182.81941983782798,182.0595409038633,182.5034209725832,182.5034209725832,9624442
2021-02-03,182.10717919167072,182.59252767120188,181.93561051831284,182.13832905887207,182.13832905887207,8208893
2021-02-04,181.83634439019727,182.11105678991476,181.31626865640283,181.76528391324712,181.76528391324712,5887592
2021-02-05,181.3288499839618,181.72082284476357,180.94376301113786,181.38561967756038,181.38561967756038,5444659
2021-02-08,179.9738037737901,181.88843588956877,178.67909411449827,180.22025384864943,180.22025384864943,4789240
2021-02-09,179.77624147119946,180.10768666034258,179.633539241128,179.82745467123559,179.82745467123559,11556148
2021-02-10,179.36455049464652,179.6611141828281,179.24844022028304,179.43470711301998,179.43470711301998,4285611
2021-02-11,179.03045763015612,179.4596643600712,178.71395274171815,179.04334531585465,179.04334531585465,5369250
2021-02-12,178.94493917338488,179.22514729255042,178.41909794066999,178.6547034215916,178.6547034215916,8415024
2021-02-15,177.85869245608623,178.48054944295887,176.3409231081139,177.51843857473622,177.51843857473622,16591378
2021-02-16,177.12978367074496,177.3417449650228,176.63901218837293,177.1540177106024,177.1540177106024,8549660
2021-02-17,176.91357247652093,177.08523788829368,176.4932873405764,176.7989874586309,176.7989874586309,10735201
2021-02-18,176.55866872190666,176.80096659366762,175.98277230171135,176.45468196067375,176.45468196067375,8419462
2021-02-19,176.15746683838128,176.3408339263699,175.9638360776062,176.122435358583,176.122435358583,12586942
2021-02-22,175.21959361195462,176.250899382365,174.64021944364046,175.2113903460289,175.2113903460289,21077853
2021-02-23,175.22162300274775,175.4647160887933,174.77209723374744,174.94072074592373,174.94072074592373,6427455
2021-02-24,174.62548726475782,175.01171967200094,174.4111812234399,174.68878075094494,174.68878075094494,8056360
2021-02-25,174.2651160716183,174.74387389348368,173.96716940320118,174.45690450294452,174.45690450294452,8725114
2021-02-26,174.23588135768125,174.5498725922289,174.05412788205248,174.24642614377464,174.24642614377464,10426457
2021-03-01,173.63649901062695,174.03629486704523,173.22454113204938,173.75671981776765,173.75671981776765,8547587
2021-03-02,173.6523126909985,174.12316330083505,173.32387353112603,173.64479367574123,173.64479367574123,6095623
2021-03-03,173.32391105736937,173.86604719902527,173.0604023224332,173.55865159161525,173.55865159161525,7971666
2021-03-04,173.5339135643459,173.7945920469652,173.29655639219473,173.49734316705138,173.49734316705138,26984907
2021-03-05,173.6591889068311,173.85633455328073,173.22656957702677,173.4599180037116,173.4599180037116,9359420
2021-03-08,173.57365183235092,173.79860903839884,173.3145423386495,173.4814380976552,173.4814380976552,3077311
2021-03-09,173.70277541018004,173.92244379386366,173.21573327364078,173.53004199583023,173.53004199583023,6566589
2021-03-10,173.49201021384908,173.77641573568727,173.34025369913803,173.5977771635386,173.5977771635386,8053760
2021-03-11,173.5191379078884,174.13680252504813,173.21009208035275,173.6836932024422,173.6836932024422,7457008
2021-03-12,173.88120614139962,174.2864870103358,173.40965697896647,173.78683971420278,173.78683971420278,7730877
2021-03-15,174.18103878300334,174.64639333924805,173.74860703665155,174.1901581032456,174.1901581032456,9231070
2021-03-16,174.49881980086457,174.85914542722477,174.00105090868746,174.35272252305302,174.35272252305302,10316528
2021-03-17,174.598097784284,174.74034161413238,174.33702652351406,174.5277654240268,174.5277654240268,9105328
2021-03-18,174.80232242380623,175.04674336134013,174.39381610262774,174.7143364078287,174.7143364078287,12868131
2021-03-19,175.03813142881373,175.289957522772,174.3869323716985,174.91148507612073,174.91148507612073,3787729
2021-03-22,175.39260067037623,176.241557301248,174.70044258467004,175.55689320455556,175.55689320455556,7050601
2021-03-23,175.57940866867466,176.09325736327094,175.29881792549136,175.78684862742637,175.78684862742637,9940081
2021-03-24,175.95195736054603,176.30602217416998,175.559905792208,176.02262974309645,176.02262974309645,9093165
2021-03-25,176.1893771245229,176.46886739061927,176.06650801395048,176.26328615322774,176.26328615322774,5773577
2021-03-26,176.4805434104971,176.81193035173405,176.2647029255756,176.5078674594821,176.5078674594821,6131835
2021-03-29,177.20098102727994,177.71987978204422,176.9167005267515,177.2556567716019,177.2556567716019,5251850
2021-03-30,177.55020391799414,177.93993419700382,177.2335403889655,177.50643367896697,177.50643367896697,13036782
2021-03-31,177.68985711990388,177.99431840280056,177.5558608615937,177.7563834907644,177.7563834907644,3168917
2021-04-01,177.80563931185304,178.18665218030506,177.6676170326469,178.00455580865602,178.00455580865602,4215106
2021-04-02,178.28803177300756,178.6173378009736,177.83625695056634,178.2501480414743,178.2501480414743,9862726
2021-04-05,178.96132894507068,179.74367233948317,177.98510533517955,178.96992183332333,178.96992183332333,10496366
2021-04-06,179.32421630946672,179.69337610103804,178.7607317287917,179.2039669440237,179.2039669440237,3622741
2021-04-07,179.438536040854,179.81387227573842,178.91980325902142,179.43496638590923,179.43496638590923,10942577
2021-04-08,179.62643572871332,179.9549003364806,179.48082463900394,179.66285660366546,179.66285660366546,8755603
2021-04-09,179.97095523132273,180.35282176313493,179.72107412314546,179.88757404197838,179.88757404197838,10352964
2021-04-12,180.2383872414267,181.2078520302371,179.79306383250358,180.54205412711462,180.54205412711462,8295125
2021-04-13,180.7933646204943,180.94621638249149,180.48093375974082,180.75344489451192,180.75344489451192,9896461
2021-04-14,181.09934555005177,181.33924418138886,180.70214473709308,180.96134510589482,180.96134510589482,10068941
2021-04-15,181.15646868779683,181.67419412359365,180.8767567691621,181.16569120594912,181.16569120594912,10128940
2021-04-16,181.34447977167042,181.6805928011195,181.10043277707445,181.36641963936066,181.36641963936066,9038329
2021-04-19,182.1172729376875,182.38760686939727,181.37395283792247,181.94626338659626,181.94626338659626,7664970
2021-04-20,182.10109278529657,182.35067805907352,181.79962026331657,182.13188560029448,182.13188560029448,7687691
2021-04-21,182.3321562713065,182.53563679157222,181.9533025280941,182.31357237077896,182.31357237077896,8975733
2021-04-22,182.35675305061775,182.8213540052797,182.06921286378332,182.49126014273534,182.49126014273534,12087218
2021-04-23,182.6025625266026,183.05778430993797,182.35198514893887,182.66488536084952,182.66488536084952,21366238
2021-04-26,183.2042000060815,183.42586234616238,182.80676562677243,183.16075013899658,183.16075013899658,10419465
2021-04-27,183.53657787272547,183.84417797480597,183.08852217110035,183.3174895885998,183.3174895885998,9661465
2021-04-28,183.61639116008018,183.9259144977752,183.17007811989313,183.46984870778982,183.46984870778982,14689845
2021-04-29,183.61002388071665,184.00922053031383,183.1664693765553,183.61776394125232,183.61776394125232,9753940
2021-04-30,183.8049731934684,184.24624999608415,183.30377541914163,183.76117173367322,183.76117173367322,4708110
2021-05-03,184.11962945660594,184.37875190509155,183.7006893571224,184.1637149115439,184.1637149115439,5544332
2021-05-04,184.26565738994583,184.63885639082292,184.0320275230423,184.28845738665615,184.28845738665615,19963415
2021-05-05,184.35734455119572,184.81835052507338,184.01466624660378,184.40837464415569,184.40837464415569,5599766
2021-05-06,184.73586042466883,185.01057648546805,184.13619030909496,184.52340312872835,184.52340312872835,10638879
2021-05-07,184.6127483371783,185.10342430906684,184.27954447228348,184.63347928506002,184.63347928506002,4879723
2021-05-10,184.89550952117804,185.20740088218025,184.55332834114975,184.93335823146637,184.93335823146637,15204454
2021-05-11,185.20038048996506,185.55508758194358,184.66538442768186,185.02298952169167,185.02298952169167,6355728
2021-05-12,185.17192688815882,185.32228371422656,184.72094681875313,185.10735070710487,185.10735070710487,8338066
2021-05-13,185.18661835768833,185.69337790593482,184.74145638366863,185.18637823239177,185.18637823239177,7137203
2021-05-14,185.40044964364847,185.80448298769127,185.0506241220637,185.26000854223818,185.26000854223818,10297229
2021-05-17,185.45541216544208,185.6837744839526,184.9890428687317,185.44788062599238,185.44788062599238,8716467
2021-05-18,185.7155145311672,185.94751563223826,185.27940291688276,185.4992865209348,185.4992865209348,12609160
2021-05-19,185.58324590512223,185.72766493245868,185.35202571421638,185.54497742386565,185.54497742386565,11101441
2021-05-20,185.45764882679535,185.90992091593913,185.03745753260412,185.58488977947079,185.58488977947079,9210621
2021-05-21,185.45309945059358,185.9872642315315,185.07886775292246,185.61896003243604,185.61896003243604,11079924
2021-05-24,185.818668679564,186.07901607362166,185.49479909105793,185.6854826223502,185.6854826223502,11354637
2021-05-25,185.95566135886887,186.22765360586087,185.35557151623775,185.69554891161368,185.69554891161368,6558172
2021-05-26,185.92260118011166,186.12874166304312,185.45969608631955,185.69945532166628,185.69945532166628,6312848
2021-05-27,185.55712674959304,186.0519467920218,185.34074383990773,185.69713829719373,185.69713829719373,17382936
2021-05-28,185.64965449084426,186.17138344226868,185.19769037158727,185.68853428288182,185.68853428288182,11388261
2021-05-31,185.6053836844813,186.1619549832703,185.08674373519742,185.62436474776803,185.62436474776803,9792740
2021-06-01,185.6115426545539,185.7656082381213,185.1757532768944,185.5899772209567,185.5899772209567,5358060
2021-06-02,185.7475875188845,186.09888282700965,185.24415178100415,185.54904632668377,185.54904632668377,3271726
2021-06-03,185.37313688728744,185.70232024148825,185.09983609611297,185.5018155043782,185.5018155043782,6910950
2021-06-04,185.36336149240643,185.93264977020706,185.16017943723023,185.44858959241787,185.44858959241787,6379642
2021-06-07,185.15958117805786,185.53178084638586,184.73530372567697,185.25598970238676,185.25598970238676,6850206
2021-06-08,184.89223002751953,185.3998977336381,184.6766852273924,185.18183181558567,185.18183181558567,12254212
2021-06-09,185.2007914470608,185.44077515808965,184.7196161297692,185.10320303101892,185.10320303101892,17169699
2021-06-10,185.17198479171603,185.43713128371937,184.72769152110092,185.0204081870643,185.0204081870643,13931808
2021-06-11,184.93901102643673,185.24813929257337,184.65337067275692,184.93375212209963,184.93375212209963,5909629
2021-06-14,184.64479326182902,184.8410122589136,184.4745181005197,184.6536649849235,184.6536649849235,10470151
2021-06-15,184.68765625047075,184.95304153928433,184.0723299164928,184.55461241969678,184.55461241969678,6270030
2021-06-16,184.4502262650415,184.96877823028217,184.11275819098822,184.45322282534914,184.45322282534914,3186380
2021-06-17,184.28498995119202,184.66407178177715,184.0580160189313,184.34980104025823,184.34980104025823,7699934
2021-06-18,184.32660035981553,184.49417421986504,183.89655263302433,184.24465190280202,184.24465190280202,15026333
2021-06-21,183.97576167336013,184.25835774881466,183.44013300116686,183.9218887600193,183.9218887600193,6767244
2021-06-22,183.8619075263236,183.99697853479967,183.5993450440537,183.81287859687976,183.81287859687976,12134514
2021-06-23,183.54743699691002,184.1855243828284,183.2074674224925,183.70366527326397,183.70366527326397,5735292
2021-06-24,183.40335654904544,184.0783832377088,183.08328528797205,183.5945536275497,183.5945536275497,11287441
2021-06-25,183.1983274631593,183.87755426605733,182.95592547381966,183.4858484981147,183.4858484981147,7082605
2021-06-28,183.07537622651438,183.46588924373808,182.8474793435214,183.16522059126393,183.16522059126393,17135045
2021-06-29,183.27195172227678,183.53340449981326,182.81295988024908,183.0611899107245,183.0611899107245,6839948
2021-06-30,182.90470297786308,183.3368716891352,182.65086869077678,182.95908993835332,182.95908993835332,6099753
2021-07-01,183.04256638730206,183.34096043425095,182.56681250859788,182.85922551252847,182.85922551252847,16696270
2021-07-02,182.7699578187983,183.1686812949713,182.52974833017544,182.76184183616888,182.76184183616888,5995579
2021-07-05,182.47322703384157,182.9492370419682,182.0874523482939,182.4844033728911,182.4844033728911,8898278
2021-07-06,182.59881013114259,182.79007783873521,182.04993173925715,182.3966514924845,182.3966514924845,6017218
2021-07-07,182.12034307648304,182.6338105268523,181.81565844056078,182.31117512513032,182.31117512513032,12698576
2021-07-08,182.36137440728015,182.75851183943576,182.05162851686705,182.22792129645427,182.22792129645427,15300436
2021-07-09,182.0494965219632,182.5177497459305,181.73662001516493,182.146837032082,182.146837032082,5709762
2021-07-12,181.71999541690064,182.31095491327142,181.46088282399978,181.91607188104496,181.91607188104496,10512982
2021-07-13,181.73667737492875,182.09099269670307,181.38945172648883,181.8431361301448,181.8431361301448,11012379
2021-07-14,181.66755368614167,182.17452427441268,181.2702767635912,181.77210507167686,181.77210507167686,8521068
2021-07-15,181.7531217278468,182.084570207216,181.26121121364795,181.70292573126684,181.70292573126684,17154098
2021-07-16,181.61315936787187,181.8695208938246,181.11817424262912,181.63554513454045,181.63554513454045,17089336
2021-07-19,181.4021746629339,181.62966993510312,181.1536140539392,181.44366606271973,181.44366606271973,5223246
2021-07-20,181.2271705536752,181.77639835366318,181.0280314628166,181.3829506969846,181.3829506969846,14640191
2021-07-21,181.50350503866966,181.7777592730029,181.15521655778608,181.32376920306152,181.32376920306152,10306238
2021-07-22,181.24694956710397,181.62844537682372,181.10028067838553,181.2660686065761,181.2660686065761,9038067
2021-07-23,181.23656823264898,181.4591809339245,180.955329195445,181.2097959331541,181.2097959331541,7123117
2021-07-26,181.2136988508468,181.46537343210028,180.8477444013702,181.04901570752534,181.04901570752534,3812539
2021-07-27,180.89491587006458,181.19127095271878,180.73612164305754,180.99792498261374,180.99792498261374,9216103
2021-07-28,181.08786273722248,181.2787432469297,180.71786928919403,180.94799730889397,180.94799730889397,9331309
2021-07-29,181.00670466166935,181.12405009016413,180.7255360271437,180.89917971199174,180.89917971199174,21689071
2021-07-30,180.82976335721477,181.08424082528896,180.3433101549432,180.85141921753262,180.85141921753262,5710930
2021-08-02,180.7112929160803,180.9533635719613,180.54818737695157,180.71395060507137,180.71395060507137,3581586
2021-08-03,180.636154239587,180.97921095061,180.22801133053247,180.66988877664193,180.66988877664193,4436451
2021-08-04,180.69089222674515,180.80858522233913,180.40634310882126,180.62661917878404,180.62661917878404,17726366
2021-08-05,180.41285182615945,180.8974683658356,180.0756214314621,180.5840888371235,180.5840888371235,6395193
2021-08-06,180.6072104290446,180.89874090104527,180.04126325255697,180.5422447772859,180.5422447772859,15821252
2021-08-09,180.2026553221617,180.7657906257634,180.01017048763262,180.42030054496783,180.42030054496783,8025065
2021-08-10,180.1460894392242,180.68801286510464,179.96368736404958,180.380671868679,180.380671868679,4914049
2021-08-11,180.58303691205217,180.82157106994634,180.17713525996615,180.34146460234157,180.34146460234157,21760589
2021-08-12,180.24205178619866,180.51992398167567,179.7674460566089,180.3026257715812,180.3026257715812,15461141
2021-08-13,180.31622318177705,180.61777393035675,179.76955712654186,180.2641024020236,180.2641024020236,7313216
2021-08-16,180.13989433822053,180.33550140762654,179.64912849602752,180.14989531682434,180.14989531682434,13168668
2021-08-17,179.886169083845,180.3011185399573,179.70065352132488,180.11210404833466,180.11210404833466,8507709
2021-08-18,180.0276873700166,180.4534412040423,179.78191314012545,180.0743633691762,180.0743633691762,9956597
2021-08-19,180.1515034484162,180.41265175616812,179.53671943340316,180.0366203049746,180.0366203049746,19309599
2021-08-20,179.9860405281306,180.49271531660597,179.72663026404845,179.9988218813556,179.9988218813556,3742015
2021-08-23,179.9517228450573,180.25720183143977,179.51010004784527,179.88456471025074,179.88456471025074,6686710
2021-08-24,180.01945316722788,180.37036715855598,179.64648763391097,179.84601510521875,179.84601510521875,8117701
2021-08-25,179.49844311414475,179.98735863116804,179.29719299732645,179.80714526889784,179.80714526889784,9456365
2021-08-26,179.71540969798716,179.96669247429753,179.55296849414228,179.7679022269135,179.7679022269135,4284904
2021-08-27,179.69843691028464,179.90662016141135,179.4815949536322,179.7282330048916,179.7282330048916,12653150
2021-08-30,179.64217701372704,179.83766544477376,179.23397991627257,179.60613851485672,179.60613851485672,4492720
2021-08-31,179.60684171383406,179.9299474222318,179.11449909026007,179.56423482894104,179.56423482894104,4282511
2021-09-01,179.57533650044687,179.92658733849296,179.1265779943422,179.52164009111615,179.52164009111615,7057204
2021-09-02,179.44237380275166,179.6570895747269,179.22935490130178,179.47837777930673,179.47837777930673,20639211
2021-09-03,179.54440006530794,179.9527226393576,179.27293053045676,179.43477718063352,179.43477718063352,28510204
2021-09-06,179.14591702334445,179.78448960634265,178.85952820191528,179.3060030576293,179.3060030576293,10213420
2021-09-07,179.098886415744,179.53810706508884,178.73288018720987,179.26510670569905,179.26510670569905,7101759
2021-09-08,178.9332500755758,179.41625548441996,178.75976689540872,179.22590076400394,179.22590076400394,8650333
2021-09-09,179.05331525496845,179.4139887882675,178.85434693832894,179.18879097196375,179.18879097196375,9458336
2021-09-10,178.98407641705418,179.36318134151753,178.65292556489533,179.1541830689984,179.1541830689984,16653841
2021-09-13,178.99427063278375,179.27695092131728,178.75414410776847,179.06942808874885,179.06942808874885,4350833
2021-09-14,178.88485358095875,179.40500970658607,178.69036452829477,179.04888513628046,179.04888513628046,14536663
2021-09-15,179.0158495333679,179.2864333806535,178.69235716731686,179.03287276998577,179.03287276998577,3919925
2021-09-16,179.0205065046705,179.3175574589607,178.69239480934698,179.0217967292847,179.0217967292847,6290205
2021-09-17,178.8484286379046,179.5491656426729,178.56352793837448,179.01606275359677,179.01606275359677,7989723
2021-09-20,179.2368884043937,179.45338606539485,178.67578802001452,179.0349706108108,179.0349706108108,9825827
2021-09-21,179.0136422764485,179.57264225243463,178.77442277093004,179.054662289374,179.054662289374,7985594
2021-09-22,179.1439136660317,179.296509757175,178.82346521696581,179.08172473004944,179.08172473004944,8731822
2021-09-23,179.06132170840849,179.4215083496705,178.9411603085754,179.11656367225686,179.11656367225686,8163405
2021-09-24,179.2977034267763,179.5295380729086,178.77892272255173,179.15958485541617,179.15958485541617,3739933
2021-09-27,179.20768876718813,179.53211531486693,179.09378406809307,179.3417992448027,179.3417992448027,10665445
2021-09-28,179.44351789993095,179.58466399958908,179.20431264461368,179.42160678596719,179.42160678596719,12002251
2021-09-29,179.45788675515388,179.9259223173973,179.10358763559077,179.51162526518237,179.51162526518237,15654652
2021-09-30,179.7027781681835,180.0159966300585,179.19366696479142,179.61226042186811,179.61226042186811,20145383
2021-10-01,179.62204297780565,180.04070952788388,179.2782879984787,179.72391799544417,179.72391799544417,9824295
2021-10-04,179.953791262145,180.5079797894857,179.73239851519165,180.12310912795522,180.12310912795522,16203016
2021-10-05,180.29384208070542,180.59425226838155,179.7740121766628,180.27472787814193,180.27472787814193,8072728
2021-10-06,180.11360798093128,180.6055744477437,179.91690618323244,180.4340879789783,180.4340879789783,3873786
2021-10-07,180.67084682349605,180.89000119393572,180.1315235315384,180.60026772904922,180.60026772904922,12935617
2021-10-08,180.54299624639773,181.00226484457133,180.36836509464587,180.77234542693958,180.77234542693958,11579117
2021-10-11,181.2488745803548,181.6148858216931,180.89769113984738,181.3147491933759,181.3147491933759,8002507
2021-10-12,181.61508242702186,182.02920915755865,180.96319864955052,181.5012016683927,181.5012016683927,7754711
2021-10-13,181.71574185681516,182.08114740744563,181.42082776263544,181.68894358415332,181.68894358415332,10159825
2021-10-14,181.88092686547648,182.3190468885405,181.635960739368,181.87705323924263,181.87705323924263,6757535
2021-10-15,182.12034460903865,182.34904189112183,181.73169949099648,182.0646089322456,182.0646089322456,9979871
2021-10-18,182.81919315373,183.08938665746425,182.33434542599062,182.6147352245847,182.6147352245847,5044729
2021-10-19,182.81667092851214,183.04631566163064,182.25074061296223,182.7908580550908,182.7908580550908,5336278
2021-10-20,182.83070562907008,183.16374018552568,182.5710649455118,182.9618184164349,182.9618184164349,4133592
2021-10-21,183.05594201878424,183.3603581235374,182.74769571129323,183.12669460720187,183.12669460720187,24568639
2021-10-22,183.25097923228248,183.75648226552048,182.8671944122761,183.2845649259766,183.2845649259766,8297735
2021-10-25,183.63751561737192,184.19746079680664,183.29644383643236,183.70692363619617,183.70692363619617,14637253
2021-10-26,183.99651887510657,184.20413350504708,183.64973092314776,183.82755345285074,183.82755345285074,4623029
2021-10-27,183.84984707753338,184.28562324481123,183.53451045955546,183.93656889043746,183.93656889043746,7305286
2021-10-28,184.03825385577477,184.55517061632557,183.59063921465025,184.0330482475413,184.0330482475413,10540139
2021-10-29,184.02448749938515,184.3098967983074,183.78923194170326,184.11606982274702,184.11606982274702,16694387
2021-11-01,184.26091198751956,184.54960479845906,183.81626657013,184.2751708428246,184.2751708428246,5919160
2021-11-02,184.43516361334858,184.59673085895454,184.04171185582808,184.29543187976745,184.29543187976745,6541575
2021-11-03,184.4679915503422,184.76804286342806,184.0478424535537,184.29935224862015,184.29935224862015,5384180
2021-11-04,184.4374964723439,184.83770220268244,184.0594078470665,184.28773586885106,184.28773586885106,7531806
2021-11-05,184.31537642331332,184.52034910175493,183.95160844436984,184.26138665992863,184.26138665992863,4804328
2021-11-08,184.1775226700397,184.60569263217386,183.60882262269112,184.10198125292519,184.10198125292519,3900366
2021-11-09,183.81167890849773,184.51135797667288,183.53916942212118,184.02473992207322,184.02473992207322,9104611
2021-11-10,183.79186410391387,184.1891062612452,183.62336979882826,183.93678535940992,183.93678535940992,11186859
2021-11-11,183.63766673914685,184.15854354254017,183.44603025366507,183.83892148440364,183.83892148440364,4526369
2021-11-12,183.65536804706116,184.0553779652127,183.2884757825954,183.73195221652276,183.73195221652276,5709865
2021-11-15,183.63720220432097,183.90729857799812,183.10599990665565,183.3644512503164,183.3644512503164,7610035
2021-11-16,183.18817741308848,183.46360958171888,182.99949590244805,183.22909960562103,183.22909960562103,18780474
2021-11-17,182.99688319152457,183.56070716529752,182.55012488416767,183.08866216539303,183.08866216539303,1940907
2021-11-18,183.0317929713701,183.23698331654978,182.54203872392753,182.94394284910084,182.94394284910084,9993423
2021-11-19,182.91380590579683,183.2408217257603,182.25449230614925,182.79574557621274,182.79574557621274,11235384
2021-11-22,182.42208631002964,182.74589204185358,181.97026475930934,182.3383252126575,182.3383252126575,5603397
2021-11-23,182.0650086888912,182.56949402760876,181.7513187341855,182.18425530807005,182.18425530807005,6718243
2021-11-24,182.0073428241682,182.51283264410122,181.7818059161041,182.0307270442287,182.0307270442287,9449261
2021-11-25,181.80455861098,182.3493820014815,181.61508956613648,181.87854434060193,181.87854434060193,7882336
2021-11-26,181.6285252219257,182.22271974646043,181.36959831494786,181.728511116658,181.728511116658,18708386
2021-11-29,181.1829902018143,181.5193360023866,180.96219700971739,181.29934751760788,181.29934751760788,8421299
2021-11-30,181.28262410832107,181.59229035675878,180.93913067862525,181.1659514070796,181.1659514070796,12305585
2021-12-01,180.91093440835297,181.25487981134376,180.77584718904387,181.0387243735763,181.0387243735763,10019872
2021-12-02,180.90010338130867,181.2391481871652,180.74193200917546,180.91834034990393,180.91834034990393,11319206
2021-12-03,180.6476087989142,181.17597153604166,180.37476597622916,180.8049533222198,180.8049533222198,5423531
2021-12-06,180.53390038478602,180.82213485681638,180.15801382958784,180.50701421004544,180.50701421004544,8846625
2021-12-07,180.53470540194198,180.78110836618296,180.2237681229766,180.42185516126298,180.42185516126298,7741996
2021-12-08,180.51947409626658,180.88352898195564,180.11647938039062,180.34381310594313,180.34381310594313,5591955
2021-12-09,180.227390160749,180.48634730411365,180.0718496032233,180.27291204358082,180.27291204358082,12704423
2021-12-10,180.16875681800573,180.62698332445393,179.8151585404024,180.20917597367097,180.20917597367097,2920459
2021-12-13,180.01551767208525,180.37299204898378,179.8635190107536,180.06119771360494,180.06119771360494,15688353
2021-12-14,179.81872524480022,180.23867040122803,179.57917740451822,180.02636160845375,180.02636160845375,2638113
2021-12-15,180.10283611990522,180.22081152271008,179.82905848751795,179.99881049322943,179.99881049322943,7408131
2021-12-16,180.29719267658982,180.4993315897264,179.72233483154736,179.97856836742696,179.97856836742696,12807391
2021-12-17,180.0368792197159,180.460054256602,179.46708236472236,179.96565923054112,179.96565923054112,4416071
2021-12-20,180.20234861584825,180.47595074662232,179.53763435973036,179.97116974833273,179.97116974833273,9887895
2021-12-21,180.21326853406302,180.52459566536282,179.79826334736993,179.9878325620626,179.9878325620626,9367560
2021-12-22,179.7296628656695,180.25270756009104,179.53953133782687,180.01194836218363,180.01194836218363,9419269
2021-12-23,180.17770520863155,180.33996890484505,179.69508960385298,180.04354114819066,180.04354114819066,6720017
2021-12-24,179.86909766402175,180.49779021612537,179.60032961880177,180.08263491957865,180.08263491957865,6339449
2021-12-27,180.2901478051687,180.590509228111,179.85555257514454,180.24516214097716,180.24516214097716,3648729
2021-12-28,180.17302598717777,180.63521046755326,179.89403359645584,180.31449984883778,180.31449984883778,7594694
2021-12-29,180.22586684795334,180.68935764785346,179.85274591623195,180.39145853955387,180.39145853955387,12656829
2021-12-30,180.59110570880824,180.86353336818127,180.22557864730408,180.47606221262023,180.47606221262023,6368672
2021-12-31,180.53440132198944,180.94910765755006,180.16922725783752,180.5683348675318,180.5683348675318,6529493
2022-01-03,180.76457003738255,181.11554228726507,180.55374126628104,180.8914067182865,180.8914067182865,17712530
2022-01-04,181.0537021610285,181.3568312024174,180.8366852632487,181.01459529552773,181.01459529552773,7372022
2022-01-05,181.20514318487523,181.5191476877694,180.97703712196812,181.1455728520886,181.1455728520886,9540266
2022-01-06,181.50544860598154,181.66462593424862,181.07581747907804,181.28436338746408,181.28436338746408,10457306
2022-01-07,181.4449999723478,181.67433070099162,181.0203957582274,181.43099090114893,181.43099090114893,7369617
2022-01-10,181.93995111019012,182.51702331383018,181.40881548261027,181.9181353070091,181.9181353070091,11246642
2022-01-11,181.91294692823988,182.2698736372747,181.72083125593053,182.09635072888068,182.09635072888068,13120056
2022-01-12,182.418381582365,182.58240465376954,182.10627430051238,182.2825231265361,182.2825231265361,12568921
2022-01-13,182.39787316224024,182.93988379156198,182.13261010342217,182.47667649947041,182.47667649947041,13291600
2022-01-14,182.47937129459308,183.05956953231447,182.15971495583904,182.67883484717834,182.67883484717834,2823799
2022-01-17,183.21686611406363,183.807759438568,182.76560722926945,183.33357973389332,183.33357973389332,4452568
2022-01-18,183.74109497458434,184.00110859471292,183.1618836674618,183.56799797564491,183.56799797564491,6185466
2022-01-19,183.6128888534548,184.1949847933894,183.3441000277023,183.81054118964474,183.81054118964474,5373417
2022-01-20,183.88566924712603,184.53465940515545,183.59256873246844,184.0612333753876,184.0612333753876,5581125
2022-01-21,184.35939092962468,184.77049444200634,183.953211556188,184.3200985323684,184.3200985323684,12481198
2022-01-24,184.81309468177466,186.04668023847563,184.03034126510204,185.1459718256874,185.1459718256874,8439293
2022-01-25,185.47985716652798,185.79476867027333,185.11846468172098,185.4377688625689,185.4377688625689,7470900
2022-01-26,185.57279252401497,185.95697056315225,185.22406044788139,185.7378588681628,185.7378588681628,7146768
2022-01-27,186.03312563998327,186.31580954867124,185.7849681314567,186.04626584196401,186.04626584196401,6549395
2022-01-28,186.2720093238135,186.69476024165314,186.08562092541382,186.36301378346744,186.36301378346744,7088506
2022-01-31,187.36581294625736,188.44337926655118,186.85749888142962,187.36354340913974,187.36354340913974,16010365
2022-02-01,187.79543947549865,188.08534093735767,187.2313350031545,187.71389521640089,187.71389521640089,3311264
2022-02-02,188.1661332863491,188.3556089153696,187.73854230411263,188.07252450154726,188.07252450154726,15129788
2022-02-03,188.33712051257874,188.61069059333457,188.17827690416536,188.43853782761693,188.43853782761693,25185793
2022-02-04,188.7418107205282,189.17754828492838,188.5490230032767,188.8108582703566,188.8108582703566,15072367
2022-02-07,189.0367485478227,190.8128130795759,188.3572828694658,189.9548930560614,189.9548930560614,4876729
2022-02-08,190.37484971905613,190.8140617045781,189.8289527886649,190.34167272294715,190.34167272294715,6272505
2022-02-09,190.68446611818737,190.9135890780313,190.32957353500203,190.72937488523598,190.72937488523598,13411211
2022-02-10,191.05729783541727,191.52930022608157,190.69181517716663,191.1169226186746,191.1169226186746,7064722
2022-02-11,191.680812933876,192.058973635753,191.13699490346775,191.50323899900962,191.50323899900962,6211711
2022-02-14,192.69543552391443,193.36629997095474,191.66152400674076,192.6440307788594,192.6440307788594,7606106
2022-02-15,193.1227132611494,193.37953974287834,192.46986836757404,193.01465250424633,193.01465250424633,4565445
2022-02-16,193.2768108662998,193.5898250781292,193.1536067490934,193.37865825526293,193.37865825526293,7495572
2022-02-17,193.65811800104316,194.16388716276106,193.39036730255563,193.73497110765564,193.73497110765564,4376869
2022-02-18,193.97041625886786,194.4815704025275,193.7674056475536,194.08251413717124,194.08251413717124,11480827
2022-02-21,195.348553063388,195.92126789028924,194.10889659479088,195.06175504592164,195.06175504592164,5245003
2022-02-22,195.48672945616383,195.7531784741784,194.99987289938215,195.36344954139503,195.36344954139503,8208686
2022-02-23,195.76342690674514,196.19544849362165,195.26170907634162,195.65098959272444,195.65098959272444,6405909
2022-02-24,195.83268656671336,196.1803923611018,195.68939919343816,195.92329827565655,195.92329827565655,9683920
2022-02-25,196.01320649453015,196.36515608390766,195.79133504338384,196.17929866593803,196.17929866593803,12068618
2022-02-28,196.91571491076286,197.731977602665,196.37411988442184,196.83868083834466,196.83868083834466,9232139
2022-03-01,197.1202733390249,197.43477160112087,196.76509689498772,197.01867881548972,197.01867881548972,5636617
2022-03-02,197.2574736314701,197.72355629549938,196.97299407870065,197.17729970443094,197.17729970443094,6036717
2022-03-03,197.08458927597462,197.73998042611356,196.82144823691246,197.315045709483,197.315045709483,26033694
2022-03-04,197.6122827415274,197.9463241933526,197.07782424169915,197.43273486067426,197.43273486067426,12854559
2022-03-07,197.5529630393102,198.02991147532038,197.23560624254938,197.673641491367,197.673641491367,7246456
2022-03-08,197.70082317034544,198.20858059612982,197.23923177969527,197.71928352739872,197.71928352739872,6003611
2022-03-09,197.6081178091758,198.30609422157895,197.28888305380394,197.74895885971148,197.74895885971148,3896076
2022-03-10,197.903939728055,198.1790772213467,197.39009787086036,197.76348551833357,197.76348551833357,14063154
2022-03-11,197.74007643975003,198.01674959425108,197.4245985135051,197.7636815332934,197.7636815332934,5606854
2022-03-14,197.789416833495,197.97597290213443,197.3524716066764,197.68646601648277,197.68646601648277,13548951
2022-03-15,197.54432617746693,197.89783872999,197.19400091012335,197.63751975707711,197.63751975707711,12099618
2022-03-16,197.673309317557,197.85857806386036,197.19521515240567,197.5783330041509,197.5783330041509,15734293
2022-03-17,197.56073902197892,197.81457460374938,196.97977009722877,197.5097237877326,197.5097237877326,11691488
2022-03-18,197.40251195658894,197.8403624566347,196.89216220111123,197.43251013785047,197.43251013785047,7203164
2022-03-21,197.38896341844313,197.57831108842782,196.90936399349974,197.15742288770517,197.15742288770517,8063884
2022-03-22,197.0620564772643,197.40781166412717,196.8202479271537,197.05397180425155,197.05397180425155,8098746
2022-03-23,196.8844792421191,197.37778763948486,196.50802964752395,196.94600643747597,196.94600643747597,6994111
2022-03-24,196.67246940938665,197.04521489651856,196.53268160427098,196.8343448174068,196.8343448174068,3553143
2022-03-25,196.75185474004726,196.93311913678247,196.53508537043086,196.7198049740723,196.7198049740723,2723555
2022-03-28,196.30704520583873,196.6146842611603,195.82391563847577,196.36709640476084,196.36709640476084,11691430
2022-03-29,196.39952280723682,196.63936011480737,195.97908855814921,196.24922396864892,196.24922396864892,7308079
2022-03-30,195.84099478415934,196.39722254881644,195.5732935398844,196.13256345941343,196.13256345941343,12928848
2022-03-31,195.90722403533132,196.31095957541385,195.5461937295458,196.0179329070829,196.0179329070829,6617198
2022-04-01,195.69734027270545,196.24715574499385,195.41607693694635,195.90615034168562,195.90615034168562,7995403
2022-04-04,195.77881294959946,196.10067325980853,195.33239347464323,195.59117412140762,195.59117412140762,12733113
2022-04-05,195.36942796301093,195.67388735093633,195.22016570871733,195.49225344843958,195.49225344843958,17411147
2022-04-06,195.59034762399753,195.8382351147185,195.00616938107268,195.39591824946302,195.39591824946302,6830186
2022-04-07,195.30997027415032,195.7519990955151,195.05554268152216,195.3018983887354,195.3018983887354,4852049
2022-04-08,195.22716499888887,195.71301428320922,194.90902587454616,195.20992373051405,195.20992373051405,14672068
2022-04-11,195.22034823210453,195.5008706198815,194.6365196106201,194.94356961346287,194.94356961346287,6930268
2022-04-12,194.81972316439655,195.040686179704,194.61638249513328,194.8570744078416,194.8570744078416,6276559
2022-04-13,194.6423768750281,195.00946843358966,194.51205576386562,194.7712737260139,194.7712737260139,6550522
2022-04-14,194.7030508550283,195.22341735261654,194.1882882861786,194.68589743223737,194.68589743223737,5585224
2022-04-15,194.5343209893884,194.96319484457078,194.3572082878611,194.60067539076942,194.60067539076942,11778952
2022-04-18,194.59626336131117,194.74856351056633,194.15671045946507,194.34323342279163,194.34323342279163,4097294
2022-04-19,194.30142639436576,194.70123099208794,193.82435925039485,194.25592703313254,194.25592703313254,8418798
2022-04-20,193.98219215636573,194.61906538714487,193.59471486569322,194.1674242170693,194.1674242170693,9063867
2022-04-21,194.22735928827643,194.6318671409115,193.76779474779053,194.07745483885952,194.07745483885952,5930857
2022-04-22,193.9946211094164,194.56646329299886,193.762824806472,193.98574876276044,193.98574876276044,17690146
2022-04-25,193.85896266868258,194.16477143094488,193.29116776303755,193.69750898970256,193.69750898970256,12536052
2022-04-26,193.64760289680615,193.88716163941424,193.05343817607513,193.59615476462125,193.59615476462125,6373680
2022-04-27,193.70293476957602,194.02332778369092,192.99898076138177,193.49171316293805,193.49171316293805,7586484
2022-04-28,193.21837935994034,193.577948491079,192.95706096036483,193.38391404891038,193.38391404891038,12510731
2022-04-29,193.2058284983777,193.54022182487262,192.97066936749368,193.27248728679575,193.27248728679575,8326598
2022-05-02,192.76949246052078,193.45090999327573,192.52059151420175,192.91373975450443,192.91373975450443,16122738
2022-05-03,192.85540715055018,193.06232643824939,192.57465409518207,192.7851010426164,192.7851010426164,10617954
2022-05-04,192.57118213677745,192.91413872310684,192.2034179968799,192.65148400392866,192.65148400392866,9078265
2022-05-05,192.37983191138028,192.7417206692653,192.04621786619217,192.51261850269873,192.51261850269873,9039282
2022-05-06,192.56760641296265,192.88842401929134,191.80525599039206,192.368234403184,192.368234403184,38624618
2022-05-09,191.8260035221901,192.3565389596547,191.56001162006694,191.89926915750584,191.89926915750584,4807657
2022-05-10,191.70920821751096,192.1744008357474,191.5501210414448,191.73010930742663,191.73010930742663,4628456
2022-05-11,191.35152464782445,191.82264654924967,191.16220310034953,191.55408018034996,191.55408018034996,7090245
2022-05-12,191.25214148101296,191.84778592251126,190.9146336194097,191.37091164053328,191.37091164053328,16147830
2022-05-13,190.94867170021294,191.65752189096457,190.6909394857859,191.18033355223403,191.18033355223403,2333800
2022-05-16,190.6013200113259,191.04308038738083,190.1570399927706,190.56144063901561,190.56144063901561,3087917
2022-05-17,190.31145588588782,190.67398199421635,190.06259285424625,190.33852299936072,190.33852299936072,6550736
2022-05-18,189.94564761744672,190.36165476303404,189.73111018023448,190.1068451325106,190.1068451325106,23092811
2022-05-19,190.10282009253962,190.42638975072614,189.56344059235383,189.8661369027227,189.8661369027227,8102412
2022-05-20,189.43427973217769,190.0438576777137,189.10282326059163,189.61612817425447,189.61612817425447,4473772
2022-05-23,189.18359780148347,189.96482400701527,188.04155687058332,188.80759763934233,188.80759763934233,12066895
2022-05-24,188.36098352762204,188.8074579108158,188.03147673936706,188.51768555872735,188.51768555872735,18364260
2022-05-25,188.2620875439055,188.69556475174446,187.81823347166394,188.21712230071932,188.21712230071932,5812999
2022-05-26,188.10932206207534,188.37696203300106,187.43145986384476,187.90563772957572,187.90563772957572,10040674
2022-05-27,187.4822201114196,188.02424628797922,187.28308909741776,187.582961709554,187.582961709554,8652257
2022-05-30,186.61860202123913,188.0644550817281,185.17198388048905,186.54508359879475,186.54508359879475,10650152
2022-05-31,186.30387636582464,186.49636516885147,185.90003416202225,186.17494042583513,186.17494042583513,6359583
2022-06-01,185.7359134734663,186.01698828871076,185.40061355424254,185.79225512528473,185.79225512528473,10954573
2022-06-02,185.4113371637554,185.85362685923977,185.13041692665445,185.39705882327524,185.39705882327524,12166369
2022-06-03,184.99972193407984,185.48476524939676,184.60472349236716,184.9905876934352,184.9905876934352,11433998
2022-06-06,184.10106698453922,185.0590218055823,182.72178951518248,183.7188996919602,183.7188996919602,3554701
2022-06-07,183.38808019312802,183.57371565789018,182.9642636248336,183.28270360582636,183.28270360582636,3905983
2022-06-08,182.48938779116696,183.27376664562567,182.1984896894381,182.84291986937626,182.84291986937626,5667937
2022-06-09,182.30424525947683,182.74474402227614,182.12799815679557,182.40108591811256,182.40108591811256,9144798
2022-06-10,181.7909884171707,182.3563380585194,181.3939985981789,181.95873918753819,181.95873918753819,10580803
2022-06-13,179.95141228316672,182.12634191176426,178.69374285714431,180.64399667497932,180.64399667497932,4722782
2022-06-14,180.29244812504635,180.74373411732174,180.01294749616648,180.21497318219056,180.21497318219056,9407998
2022-06-15,179.57934232348035,180.08581814454558,179.2936637092528,179.7931240876053,179.7931240876053,12836672
2022-06-16,179.3130682074834,179.74172635384744,179.08436340420982,179.37998682672637,179.37998682672637,11172350
2022-06-17,178.9343067085987,179.27226249431806,178.77867157766283,178.97709883505652,178.97709883505652,6356804
2022-06-20,178.10005586808109,178.59066270566098,176.85721011767242,177.8453048303304,177.8453048303304,6654086
2022-06-21,177.29968357215685,177.95054277279039,176.99043930212596,177.49878827052555,177.49878827052555,4181447
2022-06-22,177.23938666171748,177.66795557198213,177.0063776792446,177.17020815744408,177.17020815744408,19098380
2022-06-23,176.73514856964212,177.15778423021325,176.48358130116347,176.8611019265887,176.8611019265887,10139678
2022-06-24,176.78871537722225,177.01049943521778,176.228171830894,176.57300701346236,176.57300701346236,3572710
2022-06-27,176.11410360005578,176.85624926315768,174.86200028811635,175.85016453548556,175.85016453548556,14772459
2022-06-28,175.8975585992953,176.13171061033967,175.47240658880867,175.66148924830355,175.66148924830355,11119672
2022-06-29,175.28422929765802,175.72684027256585,175.09238251220467,175.5015124563647,175.5015124563647,14535425
2022-06-30,175.5770486540976,175.88179005259596,174.96346571108023,175.37177159517182,175.37177159517182,6050487
2022-07-01,175.18783965327822,175.5701957004389,174.8697860569515,175.27380410022778,175.27380410022778,6487834
2022-07-04,174.96549194675953,175.4521609446699,174.66541982642804,175.16971635013107,175.16971635013107,5328757
2022-07-05,175.0763758449965,175.3726584274486,174.7315275446229,175.19201692491148,175.19201692491148,23058450
2022-07-06,175.4032346139749,175.57600686038276,175.06621668869624,175.23937820542298,175.23937820542298,6227321
2022-07-07,175.31680994713497,175.50764984311778,174.97852954070837,175.30973766766041,175.30973766766041,4962132
2022-07-08,175.48151572017917,175.65044141381452,175.09658896628653,175.40103278761868,175.40103278761868,5789031
2022-07-11,175.90765473062913,176.0764855903702,175.48603144830295,175.77990685376673,175.77990685376673,6799587
2022-07-12,175.8979299208654,176.39149090027087,175.60922667608574,175.9343193645567,175.9343193645567,17416506
2022-07-13,176.16039458494606,176.5816076042571,175.79878716255365,176.09935491304168,176.09935491304168,9187658
2022-07-14,176.10590082177814,176.5435615548284,175.95426689742865,176.27295097521665,176.27295097521665,14823546
2022-07-15,176.62011685689566,176.93004455393125,175.93137043661437,176.45304502707637,176.45304502707637,9226627
2022-07-18,177.05444818745903,177.76591209896546,176.7083096236097,177.01168988071268,177.01168988071268,7310587
2022-07-19,177.33892998443997,177.64116542311328,176.69449818268006,177.1971506512601,177.1971506512601,4750193
2022-07-20,177.26951713222107,177.59308097449914,177.04026987249196,177.3787967914665,177.3787967914665,17751247
2022-07-21,177.51360123375844,177.97176183051442,177.16219527265827,177.55456577732681,177.55456577732681,13130297
2022-07-22,177.51743846309643,178.23504431476934,177.25260650836904,177.72239508483585,177.72239508483585,13741433
2022-07-25,178.15604807976794,178.66538210883178,177.7970421203971,178.15761969720413,178.15761969720413,12705356
2022-07-26,178.37227893045514,178.5576593492404,177.9514807637885,178.27306505125676,178.27306505125676,5609066
2022-07-27,178.23027640349676,178.7182971095402,178.05632844887973,178.3702581069324,178.3702581069324,9133465
2022-07-28,178.46495791182622,178.84971711111544,178.14610759399412,178.44713634022597,178.44713634022597,13775244
2022-07-29,178.22245140222466,178.85367777377994,177.99404790527487,178.50163722713222,178.50163722713222,12827739
2022-08-01,178.33366873163962,178.71587673732697,178.03884913054262,178.51025056947606,178.51025056947606,8651539
2022-08-02,178.41485560458014,178.7327685438668,178.25375291471036,178.45521099860778,178.45521099860778,21475976
2022-08-03,178.41904476348756,178.83214127137254,178.17001176784984,178.3710464682822,178.3710464682822,10442982
2022-08-04,178.4921086624549,178.74215985523102,177.9386555519206,178.25925946144991,178.25925946144991,15493762
2022-08-05,178.1155056177092,178.33301942006898,177.92413997456134,178.1213524610615,178.1213524610615,8842008
2022-08-08,177.5029329876488,178.37129310340464,176.95495206062876,177.56593632806477,177.56593632806477,6643314
2022-08-09,177.39516583714564,177.6206360615596,177.12545713020958,177.33857418295733,177.33857418295733,12988093
2022-08-10,176.98274381649443,177.49829861947742,176.7389533872205,177.09260445904653,177.09260445904653,11544403
2022-08-11,176.89557965148478,177.26786047851235,176.66770199295894,176.82952963928292,176.82952963928292,9513136
2022-08-12,176.65970339731902,177.01078255291276,176.2745761938839,176.55085220661712,176.55085220661712,5240280
2022-08-15,175.452606562903,176.9560642726525,174.5743056194881,175.6362290607119,175.6362290607119,13262256
2022-08-16,175.33320786977183,175.5831469089622,174.97418726791165,175.31016600594282,175.31016600594282,5380120
2022-08-17,174.94979801987185,175.44894904081636,174.45906958402466,174.9760127530243,174.9760127530243,11800238
2022-08-18,174.59204863080578,174.8407376036748,174.15753639691263,174.63527178490696,174.63527178490696,4622560
2022-08-19,174.5103609559631,174.70435658180122,174.0011623648046,174.28944558454128,174.28944558454128,5237886
2022-08-22,173.27221449234614,174.53065528131305,172.71235556434092,173.23648041946024,173.23648041946024,9257988
2022-08-23,172.78182912403716,173.29322831699935,172.41554216264228,172.88533811960698,172.88533811960698,10685891
2022-08-24,172.3492351648243,172.78593006602642,172.0460519610254,172.53662300225838,172.53662300225838,8915446
2022-08-25,172.0402665720605,172.66305420848147,171.73959669100256,172.19183755036477,172.19183755036477,6146368
2022-08-26,171.92447881713937,172.0680908501733,171.65164112912143,171.85248424687686,171.85248424687686,13957914
2022-08-29,170.6536657981338,171.37339297988888,169.42850317417032,170.88204205635253,170.88204205635253,8575025
2022-08-30,170.65651784003776,170.98997170749792,170.33329145827165,170.57944217599282,170.57944217599282,8812129
2022-08-31,170.25920392957812,170.61308184919184,169.87754418010576,170.28978685879153,170.28978685879153,7394115
2022-09-01,169.79850188559965,170.47074569671838,169.53736921659976,170.0145785876993,170.0145785876993,5573844
2022-09-02,169.79596390815868,170.04448526162392,169.5182316077124,169.75503018861954,169.75503018861954,14052212
2022-09-05,169.00618301674766,169.499201594511,168.10778783323116,169.0697275724167,169.0697275724167,5801310
2022-09-06,168.9912824717997,169.32023499238227,168.60988665723383,168.87162269625426,168.87162269625426,18692972
2022-09-07,168.51353138402783,169.03455823056302,168.1905806900196,168.6882900524909,168.6882900524909,5295992
2022-09-08,168.54256302891497,168.7381164029516,168.268291264658,168.51949418179458,168.51949418179458,9401861
2022-09-09,168.26182548356493,168.77123177296411,167.87636815838772,168.36499962483313,168.36499962483313,8283084
2022-09-12,168.08899084910877,168.35993356158045,167.79258954740098,167.98496924303714,167.98496924303714,7561968
2022-09-13,167.8620650366982,168.2494782319412,167.484168193759,167.88532534769425,167.88532534769425,11250392
2022-09-14,167.74752447622143,168.11223459459546,167.46028255797015,167.7988054694258,167.7988054694258,11873801
2022-09-15,167.87036473282242,168.16801705875588,167.40590225860305,167.72517414889964,167.72517414889964,10458591
2022-09-16,167.89998475683473,168.1071784310791,167.4346069620124,167.66419592678372,167.66419592678372,4699701
2022-09-19,167.35770562540014,167.95523379247692,167.1557513584015,167.5548252575761,167.5548252575761,4453940
2022-09-20,167.61505943185946,167.7299769842376,167.32418283140677,167.54210483578007,167.54210483578007,4321953
2022-09-21,167.59573037266506,167.98678581492712,167.1955639024083,167.54086021573372,167.54086021573372,7080883
2022-09-22,167.68726230886148,167.93775218684033,167.31095406534715,167.55085593810492,167.55085593810492,23037265
2022-09-23,167.68339948606277,167.96795464491234,167.08475785027088,167.5718565435617,167.5718565435617,7805703
2022-09-26,167.75017344092907,167.97729229359615,167.5375214260326,167.6985330651241,167.6985330651241,22871683
2022-09-27,167.99514447623656,168.22195257208364,167.5398495539512,167.761198609602,167.761198609602,7867492
2022-09-28,167.81514817157415,168.24039982952877,167.59723886234093,167.83369174050495,167.83369174050495,8666245
2022-09-29,167.77946669802174,168.10660320070613,167.61864290574493,167.91577699850075,167.91577699850075,10776065
2022-09-30,168.07970214681777,168.30229569363712,167.77390166976366,168.00721892425742,168.00721892425742,6916652
2022-10-03,168.55136600564637,168.8001710866341,168.01013435391295,168.3353301147714,168.3353301147714,8962829
2022-10-04,168.43920213975153,168.63015654910575,168.00157644149076,168.4618441182504,168.4618441182504,3414449
2022-10-05,168.70507343555118,169.08866655420871,168.19269261170396,168.59653749282975,168.59653749282975,5128874
2022-10-06,168.76630799555872,169.1317028322488,168.38179867927863,168.73917477917735,168.73917477917735,3450552
2022-10-07,168.9385341598958,169.26544993730187,168.7059533709814,168.88952051796113,168.88952051796113,11496716
2022-10-10,169.501636793907,169.7477780931867,168.80108003163588,169.38445385560829,169.38445385560829,4046165
2022-10-11,169.53710093314078,169.804476259769,169.3514145813396,169.56327881081566,169.56327881081566,16204315
2022-10-12,169.8889157484294,170.2372261964559,169.3155430907096,169.74863492179867,169.74863492179867,9558710
2022-10-13,169.95691088003406,170.1996788507131,169.69810156496536,169.94028672922525,169.94028672922525,12924781
2022-10-14,170.2417689468261,170.5682031030263,169.83586731920877,170.13799877376326,170.13799877376326,5789892
2022-10-17,170.7230445490368,171.30622681785712,170.2521427362252,170.76514173672516,170.76514173672516,4561747
2022-10-18,171.01037490579532,171.1886280768335,170.52248131481028,170.98474013638804,170.98474013638804,6723304
2022-10-19,171.20121308435154,171.367162347161,171.00963546283023,171.2092214765019,171.2092214765019,13619921
2022-10-20,171.5895158026229,171.7885886309928,171.08041200893683,171.43835029773464,171.43835029773464,23033907
2022-10-21,171.64687501164897,172.17817481252314,171.4661716699091,171.67189114075413,171.67189114075413,10315257
2022-10-24,172.32231140745395,173.00366841623367,171.53416470713233,172.39663120721235,172.39663120721235,4143778
2022-10-25,172.6295897822525,172.9303485003087,172.16194359214197,172.64546554405794,172.64546554405794,4920904
2022-10-26,172.9538847229319,173.1780768312253,172.58412738194787,172.89753460602986,172.89753460602986,3801055
2022-10-27,173.29587829165877,173.4977206692144,172.81928525594844,173.15260293379598,173.15260293379598,7499652
2022-10-28,173.12100306710101,173.72697782680837,172.91663360157327,173.41043506802413,173.41043506802413,6964481
2022-10-31,173.87998848818407,175.2804227695361,173.41276597827795,174.19815971616018,174.19815971616018,7471802
2022-11-01,174.45857446169492,174.80692131804102,174.12902996542718,174.4646924829157,174.4646924829157,4677347
2022-11-02,174.55203551321313,175.07637655240862,174.36332998290658,174.7328009381079,174.7328009381079,4448822
2022-11-03,175.04787777566665,175.2105496905771,174.59139843375146,175.0021955155796,175.0021955155796,8385459
2022-11-04,175.33418786599356,175.79204045653063,175.07548968818801,175.27257582780885,175.27257582780885,10192447
2022-11-07,175.8200097565889,176.66661579856648,175.01845659255736,176.08662729782176,176.08662729782176,4423899
2022-11-08,176.17987561910041,176.54383933209087,176.03793449979818,176.35794667386105,176.35794667386105,10138084
2022-11-09,176.74483176629735,177.03369017704685,176.4429484357868,176.62874984704777,176.62874984704777,12843351
2022-11-10,176.81337652265725,177.27911636569334,176.44747065342622,176.89873642985995,176.89873642985995,2494417
2022-11-11,177.03501256765728,177.4815126397214,176.86791020877925,177.16760603477547,177.16760603477547,17589154
2022-11-14,178.00398072270028,178.67638409201527,177.52192040101204,177.96450910692232,177.96450910692232,11365059
2022-11-15,178.20797820854168,178.68013957284134,177.82829633616217,178.2259069250313,178.2259069250313,12903596
2022-11-16,178.53389811452973,178.7186786339479,177.99416067736894,178.48468582763357,178.48468582763357,4801847
2022-11-17,178.58724726019844,179.20929822188657,178.24645608871964,178.74054542720702,178.74054542720702,11858157
2022-11-18,178.9558600028455,179.39813395905938,178.4721194741712,178.99318533622986,178.99318533622986,12559529
2022-11-21,179.95894392288332,180.38340487943637,178.72756782063894,179.72878304477345,179.72878304477345,5775750
2022-11-22,180.1243772957394,180.3006109743319,179.80276221750404,179.96554031637302,179.96554031637302,11815105
2022-11-23,180.3136570975141,180.45687290786034,179.8915092148655,180.19757595981176,180.19757595981176,7466017
2022-11-24,180.62739252911734,180.87194154977598,179.9520685179561,180.42458958756765,180.42458958756765,5874891
2022-11-25,180.67064683919563,181.00342518576136,180.34475844831096,180.64628081211862,180.64628081211862,7251568
2022-11-28,181.29916539231283,181.77226800087638,180.59484542469485,181.27641619132189,181.27641619132189,8702218
2022-11-29,181.31898206131513,181.86429208474658,181.07942313263084,181.47381392783308,181.47381392783308,6876707
2022-11-30,181.75979602859158,182.20775319937493,181.36163396868486,181.6643873235292,181.6643873235292,5384629
2022-12-01,181.887869419959,182.1777172009326,181.3387720230854,181.84783599088837,181.84783599088837,9736858
2022-12-02,182.10606062349626,182.53970301114634,181.66776617294258,182.02394690536326,182.02394690536326,10583866
2022-12-05,182.56562260017603,182.9047451563039,182.0540687616015,182.50996685690106,182.50996685690106,8605935
2022-12-06,182.56779307712313,182.84400250585006,182.1115930507,182.65861521120726,182.65861521120726,3563218
2022-12-07,182.67186066951135,183.0438831333794,182.44699062766318,182.8009574012881,182.8009574012881,5972381
2022-12-08,183.08832064529506,183.26271005417001,182.70403879446965,182.93721721747036,182.93721721747036,5245636
2022-12-09,182.99893583209783,183.31681619762898,182.70561215905505,183.06761845008077,183.06761845008077,19010486
2022-12-12,183.17588224144836,183.59107932129533,182.94727053755008,183.4259085497485,183.4259085497485,8485752
2022-12-13,183.7412356575501,184.05295826634426,183.07051133819644,183.53511335133908,183.53511335133908,6954072
2022-12-14,183.6107900724059,184.1302904264025,183.17019177207754,183.63957852099153,183.63957852099153,6050146
2022-12-15,183.85757072249206,184.19130911478948,183.30096916683536,183.73952784903258,183.73952784903258,7515845
2022-12-16,183.83036707390178,184.06542226964277,183.57159167767142,183.83518512578902,183.83518512578902,11648859
2022-12-19,183.91325898891216,184.3108647489997,183.59966590238773,184.09864255161813,184.09864255161813,3204287
2022-12-20,184.12861974958045,184.37127889936056,183.66804500019254,184.1793695265036,184.1793695265036,8975729
2022-12-21,184.38845151296667,184.70291015343005,184.0159668157235,184.25692340173813,184.25692340173813,6216106
2022-12-22,184.44545518784685,184.8569643830418,184.11513071016083,184.33152796764847,184.33152796764847,9922219
2022-12-23,184.12678477323416,184.73609385253272,183.8596437000212,184.40340701456145,184.40340701456145,11929236
2022-12-26,184.6011022693738,184.81726068673882,184.10216105295112,184.6049289445834,184.6049289445834,5650146
2022-12-27,184.390482680573,185.03305267354344,184.15554274061336,184.66814381877415,184.66814381877415,4034331
2022-12-28,184.7728845900809,185.03133212929083,184.21964116006276,184.7297521256013,184.7297521256013,6870528
2022-12-29,184.70940850901215,185.1017428030115,184.41346025367187,184.78997765539148,184.78997765539148,15225560
2022-12-30,184.90164423093472,185.25659831946362,184.43175789799196,184.8490441984715,184.8490441984715,12149283
2023-01-02,185.22919266939178,185.46730166484753,184.64311031265086,185.02152781071774,185.02152781071774,6623541
2023-01-03,185.02077170310244,185.28775434753183,184.89172385817486,185.0781963102244,185.0781963102244,5824201
2023-01-04,185.01814470441343,185.3152829983543,184.67836440789836,185.13482477465462,185.13482477465462,6048236
2023-01-05,185.40790855915705,185.74500694621156,184.82843966143395,185.19163699433506,185.19163699433506,4181327
2023-01-06,185.2551962451283,185.50611731787774,184.83015932071177,185.2488567595926,185.2488567595926,11844084
2023-01-09,185.3448722104672,185.6130431365959,185.06259217222862,185.4251992320946,185.4251992320946,12976625
2023-01-10,185.46486668262423,185.72718520788777,185.12777848669478,185.4862870829276,185.4862870829276,6592105
2023-01-11,185.57660168319921,185.73107547200254,185.31496933054652,185.54890143097134,185.54890143097134,6228283
2023-01-12,185.73684324128658,185.9330411356562,185.33757490486641,185.61326606655257,185.61326606655257,5642372
2023-01-13,185.89789172801892,186.15959468134463,185.45055215507347,185.67960477999807,185.67960477999807,6386962
2023-01-16,185.88139281287548,186.19321991557078,185.6490166908886,185.89270329078735,185.89270329078735,5539225
2023-01-17,186.08651501892456,186.3100177643156,185.4218219763356,185.9691762189572,185.9691762189572,7402661
2023-01-18,186.12923763561463,186.48013939043608,185.82147652427395,186.048742176625,186.048742176625,11853696
2023-01-19,186.02647475848877,186.49805810497867,185.85885503424,186.13162495411754,186.13162495411754,11258472
2023-01-20,186.20897855300146,186.72251972751602,185.81949734604058,186.21804834176146,186.21804834176146,5259816
2023-01-23,186.380825764133,187.00783511612832,186.09397188423617,186.5008000688695,186.5008000688695,8630879
2023-01-24,186.49966504562065,186.7754507423624,186.37534306474478,186.6036238003867,186.6036238003867,11050957
2023-01-25,186.60400639030692,187.184213853306,186.23185579280013,186.71110709368907,186.71110709368907,5000547
2023-01-26,186.575569482646,187.172374153966,186.347274525254,186.8234737391033,186.8234737391033,8586146
2023-01-27,187.1655501607316,187.4973894339937,186.67953544155552,186.94094752695625,186.94094752695625,14676747
2023-01-30,187.2252243768588,187.69513546426163,187.0360787680032,187.32624964841443,187.32624964841443,7078036
2023-01-31,187.31353436964162,188.02363028241373,186.92840364064662,187.46638990928946,187.46638990928946,2916809
2023-02-01,187.40328103965115,188.0788981039362,187.11860114252642,187.61275626423688,187.61275626423688,2272376
2023-02-02,187.52160964719522,188.03251222110558,187.32136091291363,187.7654964931227,187.7654964931227,9345060
2023-02-03,187.94674207754807,188.30605926653797,187.7228696951806,187.92445433397023,187.92445433397023,8437616
2023-02-06,188.6343354818621,189.19986881381374,187.98117965768603,188.43631080390986,188.43631080390986,8787312
2023-02-07,188.88615498382902,189.12723805943855,188.2265223081155,188.61781636823068,188.61781636823068,10217329
2023-02-08,188.87154576151232,189.01290704394995,188.5601476914089,188.80437818232647,188.80437818232647,3817954
2023-02-09,189.19707255344233,189.44621292322836,188.64777064301367,188.99576397375975,188.99576397375975,5344326
2023-02-10,189.02492603697044,189.49931372511784,188.7826797246657,189.1917414700932,189.1917414700932,9884553
2023-02-13,189.61159256193696,190.08531876726835,189.31820846942279,189.80490146412055,189.80490146412055,11557948
2023-02-14,189.76906492978506,190.34894153214768,189.53428308862695,190.01692305568088,190.01692305568088,7035712
2023-02-15,190.21887274789273,190.49736569893201,189.72541634051706,190.2323749899544,190.2323749899544,3909082
2023-02-16,190.37804567508002,190.9499353500039,190.15019238619035,190.45102499450388,190.45102499450388,9482267
2023-02-17,190.5953497956016,190.97931758143054,190.16522657399702,190.6726407968918,190.6726407968918,8207173
2023-02-20,191.45049825524794,192.2502335329051,190.97282809302965,191.3529602667133,191.3529602667133,4712965
2023-02-21,191.32821438776017,191.75678280768926,191.07465009376116,191.58411653608164,191.58411653608164,2967217
2023-02-22,191.97854662955288,192.11370704694005,191.5829115747501,191.81707724110169,191.81707724110169,10644756
2023-02-23,192.14468469289167,192.32172051062582,191.84531844459897,192.05161010933605,192.05161010933605,5875054
2023-02-24,192.32292362007763,192.554856970803,191.85527284188356,192.2874828683473,192.2874828683473,8782758
2023-02-27,192.88727970515745,193.3728903596432,192.32633519991373,193.00081776566893,193.00081776566893,8621174
2023-02-28,193.2404399701239,193.48957878833536,192.69738649137798,193.23972736341418,193.23972736341418,4508557
2023-03-01,193.5703834150182,193.87866927641755,193.15711878334614,193.47881548974942,193.47881548974942,9858889
2023-03-02,193.84900674607596,194.01073391434602,193.42669819892157,193.7178599690063,193.7178599690063,5204625
2023-03-03,193.8606510772541,194.3012486859208,193.5781641546119,193.9566790125922,193.9566790125922,3787667
2023-03-06,194.7007803912159,195.27338579706776,194.00751251953048,194.67006661108636,194.67006661108636,3552680
2023-03-07,195.0958705757952,195.44019328830893,194.58987586551058,194.90626699375088,194.90626699375088,7987062
2023-03-08,195.13085008500394,195.68799945493524,194.681463199199,195.14138348162575,195.14138348162575,17751902
2023-03-09,195.48488370209475,195.75333643932765,194.88776754720053,195.3752443828873,195.3752443828873,8165781
2023-03-10,195.7013567558882,195.91934509744098,195.08124564703462,195.60767800571173,195.60767800571173,19511826
2023-03-13,195.97797186869312,196.68090037315426,195.2837483320776,196.29469828532524,196.29469828532524,16508121
2023-03-14,196.6145393110904,197.09003476367172,196.23279142833488,196.5197058761641,196.5197058761641,10356190
2023-03-15,196.5974698473903,196.9443792246481,196.26949900701555,196.74242772944731,196.74242772944731,17578686
2023-03-16,197.055715535289,197.2630731762682,196.62235198713265,196.9626921533511,196.9626921533511,16612036
2023-03-17,197.15704064798348,197.48121261217779,196.72249994695912,197.18032745605177,197.18032745605177,14422500
2023-03-20,197.5127359769408,198.3154450612212,197.2122374679605,197.81574171869772,197.81574171869772,3118264
2023-03-21,197.86634443001577,198.26768041163632,197.4296696078469,198.02114361834867,198.02114361834867,7106924
2023-03-22,197.99632561244056,198.7274640625845,197.74123824391708,198.22305793767785,198.22305793767785,5655300
2023-03-23,198.36051319320936,198.6509351584271,197.84584519685365,198.42131298486157,198.42131298486157,14368046
2023-03-24,198.49069601269258,199.05930638499942,198.08872291046572,198.61573706807616,198.61573706807616,6860746
2023-03-27,198.93038507645298,199.49829836214715,198.39340065945981,199.17430661566755,199.17430661566755,19213180
2023-03-28,199.30489511047497,199.560635382664,198.83132613296488,199.35168992476818,199.35168992476818,8416741
2023-03-29,199.4072283968081,200.0850078150295,199.1524236359767,199.52438381078105,199.52438381078105,7888969
2023-03-30,199.58628056323712,199.95167076984862,199.4069051788057,199.69221658188238,199.69221658188238,6620147
2023-03-31,199.90577453612346,200.37956108391927,199.51972530729358,199.85501654624855,199.85501654624855,7294598
2023-04-03,200.34513721985087,200.77796870430714,200.09638448260162,200.31150268069834,200.31150268069834,9150549
2023-04-04,200.30877637006532,200.6656354228905,200.0514722860616,200.45245449988636,200.45245449988636,7740004
2023-04-05,200.92555189818543,201.17051087158202,200.19423888253223,200.58751505322056,200.58751505322056,6340810
2023-04-06,200.76960667971133,201.00125279707765,200.31447226020046,200.7165126488772,200.7165126488772,6531447
2023-04-07,201.0329962854714,201.38259709476958,200.24771042317337,200.8392755950326,200.8392755950326,19884716
2023-04-10,201.1904301617399,201.42080562936715,200.60234088531394,201.1684396182539,201.1684396182539,21719215
2023-04-11,201.34788099797422,201.80660883800684,201.01506015275035,201.26454704816697,201.26454704816697,6322045
2023-04-12,201.2252018394626,201.54037327873414,201.01636396439898,201.35356136946018,201.35356136946018,12230424
2023-04-13,201.35304106180214,201.83309304640204,201.074679646399,201.43531089030978,201.43531089030978,5288512
2023-04-14,201.7349390004967,202.01658775851263,201.17569846672313,201.50962391889215,201.50962391889215,6793911
2023-04-17,201.81358950582674,202.2636690374513,201.1665136879903,201.68622713279788,201.68622713279788,4644503
2023-04-18,201.6826679296672,202.29579971040474,201.32552246976863,201.72907727407372,201.72907727407372,13321222
2023-04-19,201.75746767519686,202.29249776415043,201.3396444266173,201.7636324639636,201.7636324639636,10193018
2023-04-20,201.80086951979555,202.34771031732313,201.24663858875272,201.7897210106439,201.7897210106439,11214024
2023-04-21,201.68971567973765,202.07322599501705,201.28399639840748,201.80717122229078,201.80717122229078,12473049
2023-04-24,201.94307871921956,202.10803549282662,201.56831929331304,201.80597492879406,201.80597492879406,5179126
2023-04-25,201.6500504058138,202.09121460810218,201.30302297789922,201.7871548820703,201.7871548820703,6802108
2023-04-26,201.89096750720546,202.10017631772692,201.39276360339974,201.75883804119454,201.75883804119454,9994727
2023-04-27,201.7225637022916,202.06901754192864,201.41448660814828,201.72085271434312,201.72085271434312,6730557
2023-04-28,201.85348623099978,202.08515938787417,201.47033784644307,201.6730272096923,201.6730272096923,8282576
2023-05-01,201.53645445295095,201.71775726824484,201.0813230778561,201.46879271070614,201.46879271070614,5363305
2023-05-02,201.6150898784675,201.85357748495056,201.04845315740857,201.3800086330272,201.3800086330272,15553830
2023-05-03,201.14399828345108,201.53322217490154,200.99377494184958,201.28124025687114,201.28124025687114,12790553
2023-05-04,200.97608244134804,201.4851799211274,200.69850114624862,201.173030228855,201.173030228855,14849712
2023-05-05,200.98935205463917,201.44939261438995,200.550080720394,201.05592119559591,201.05592119559591,11122852
2023-05-08,200.74547755299363,201.1728207546548,200.37288642454754,200.6566265305318,200.6566265305318,4629753
2023-05-09,200.70344796037068,201.00117439255857,200.30806871542305,200.5093479424719,200.5093479424719,6294511
2023-05-10,200.53312000214018,200.80781075083732,199.81845283277485,200.35588358225448,200.35588358225448,5632623
2023-05-11,200.1440881564706,200.4424423345811,200.0124117910423,200.19677609649685,200.19677609649685,7034341
2023-05-12,199.92696703573873,200.44239390240747,199.4588874810435,200.03256813181594,200.03256813181594,13576269
2023-05-15,199.23646157106344,199.79532178227873,198.9405268468546,199.5147678304051,199.5147678304051,3830751
2023-05-16,199.4755840367414,199.6729524518832,199.0214558672753,199.3355844162024,199.3355844162024,5975225
2023-05-17,199.33633210123693,199.5061946697424,198.87169230729327,199.15401375616213,199.15401375616213,6567928
2023-05-18,198.97300322955468,199.1663067780089,198.78776204719603,198.97059849690123,198.97059849690123,4147199
2023-05-19,198.6809668729588,199.0791650064044,198.50867636626967,198.78588128503688,198.78588128503688,8862427
2023-05-22,198.63091748864488,199.0382328848539,197.8984193778209,198.22934439999412,198.22934439999412,6742642
2023-05-23,198.21518120598077,198.61969645304612,197.6120091165182,198.044845843887,198.044845843887,13948192
2023-05-24,197.8588097521631,198.18622945711917,197.61448167916458,197.86175856826202,197.86175856826202,6971844
2023-05-25,197.69474507011498,197.87642990105022,197.28326291577088,197.68062521973616,197.68062521973616,10063475
2023-05-26,197.57723516285742,197.75402060846628,197.0794834049894,197.5019884449266,197.5019884449266,8473420
2023-05-29,197.03620036796426,197.43076052090836,196.59318313956504,196.98648402896683,196.98648402896683,2313323
2023-05-30,197.0368793748326,197.39214563806135,196.6316257262658,196.82326001519357,196.82326001519357,3903481
2023-05-31,196.64340880141265,196.9005593213802,196.47286134545928,196.6652458082221,196.6652458082221,9691137
2023-06-01,196.69380901136967,197.00493137162462,196.32524942399073,196.5129840546697,196.5129840546697,9472780
2023-06-02,196.21569902678104,196.58845245225825,195.8853813420236,196.366904764866,196.366904764866,7729982
2023-06-05,196.01503435595916,196.55989703438846,195.6501314696308,195.96510578460843,195.96510578460843,15556961
2023-06-06,195.5764775702798,196.17608120359816,195.3391221885689,195.84287518388606,195.84287518388606,10323562
2023-06-07,195.69196627169407,196.22106838615983,195.37266712173374,195.72627382766834,195.72627382766834,17541847
2023-06-08,195.4899237940493,195.93195582259196,195.25302696348535,195.61516854484884,195.61516854484884,2338729
2023-06-09,195.55023132270054,195.94308653005785,195.12289357583032,195.50942616432147,195.50942616432147,19039495
2023-06-12,195.1529701734754,195.47746599154968,194.7550236241886,195.22304472542845,195.22304472542845,5905387
2023-06-13,195.13970231961912,195.37288367015262,194.84972021013792,195.1374222430062,195.1374222430062,8100075
2023-06-14,195.17982125858668,195.61629621464513,194.8311415150601,195.05649680734453,195.05649680734453,14480855
2023-06-15,195.01657467342122,195.53135564880557,194.57697084333066,194.98013524733716,194.98013524733716,2778910
2023-06-16,195.16461410988444,195.44686922877045,194.59895270293774,194.90820439187783,194.90820439187783,7048216
2023-06-19,194.74571305717586,195.14865441492938,194.36148060613047,194.7176643417248,194.7176643417248,13248034
2023-06-20,194.92563664000758,195.16773284072548,194.22246303769876,194.66212459339445,194.66212459339445,5876237
2023-06-21,194.5059620013318,194.81371314391703,194.2332602144757,194.6103496940807,194.6103496940807,12632993
2023-06-22,194.55926109978364,194.87410077735814,194.13366657475663,194.5622064726772,194.5622064726772,11219265
2023-06-23,194.3129823356905,194.82077117424157,194.1201973917036,194.51756175807765,194.51756175807765,8706109
2023-06-26,194.4519077817612,194.83775013611765,193.9263044084055,194.40328694403982,194.40328694403982,10792930
2023-06-27,194.43751568660346,194.69153347094885,193.90822134674895,194.3713045455933,194.3713045455933,15283261
2023-06-28,194.40248103414734,194.57767110642612,193.94923406834485,194.34215479841922,194.34215479841922,10812382
2023-06-29,194.51526909873343,194.73398479746604,193.86378520783867,194.31570453141134,194.31570453141134,12730567
2023-06-30,194.16665247147984,194.79896229462383,193.76053441538681,194.29182057346338,194.29182057346338,5148959
2023-07-03,194.2497013095256,194.56491072985492,193.8831040776186,194.23423484291624,194.23423484291624,10702083
2023-07-04,194.1479911398158,194.44802895002647,193.87613730207357,194.21928441014515,194.21928441014515,10217725
2023-07-05,194.1141595134862,194.4612359976203,193.719764165082,194.20623443090253,194.20623443090253,14032670
2023-07-06,194.00744432051593,194.46657511451127,193.78260534756097,194.19495173408208,194.19495173408208,4483678
2023-07-07,194.32114980276435,194.4823649019305,193.98158058214324,194.18530314857753,194.18530314857753,13684265
2023-07-10,194.3137376957469,194.6016759074198,193.62632676740682,194.16483034889646,194.16483034889646,5154445
2023-07-11,194.26134520444757,194.58015844127826,193.97309074578584,194.16038649759258,194.16038649759258,25784233
2023-07-12,194.0432189291862,194.61546442477737,193.677026400492,194.15691090207318,194.15691090207318,5130512
2023-07-13,193.92861937207607,194.4768099820605,193.6701529892567,194.154270391232,194.154270391232,4464042
2023-07-14,194.22469582717775,194.66302913013823,193.58899234204915,194.15233179396265,194.15233179396265,6918430
2023-07-17,194.13727102508898,194.40733957052402,193.95258997469583,194.1493957725229,194.1493957725229,13512618
2023-07-18,194.28342596430403,194.51490105579623,193.7308529209054,194.1489331184781,194.1489331184781,9554052
2023-07-19,194.29728401854825,194.6497923972109,193.79933719018788,194.14850652247375,194.14850652247375,18526320
2023-07-20,194.15793374263515,194.39616861782727,193.83844701427245,194.1479828134035,194.1479828134035,6883954
2023-07-21,194.16401662642573,194.3667535261722,193.93567260801754,194.1472288201612,194.1472288201612,6261739
2023-07-24,193.99440847141727,194.6772582857041,193.73813202500418,194.14225342433818,194.14225342433818,5541215
2023-07-25,194.2593396459974,194.45378172862345,193.76921998973228,194.13924658334423,194.13924658334423,6148990
2023-07-26,194.2963473643515,194.58886847141463,193.91799659052185,194.13534360264674,194.13534360264674,3978219
2023-07-27,194.16128697218136,194.31546264476032,193.70599797709255,194.13041131113926,194.13041131113926,5783626
2023-07-28,194.13195172167707,194.58033367184166,193.64876989810915,194.12431653771566,194.12431653771566,4367541
2023-07-31,194.08886996695347,194.40125811377192,193.61029101822018,194.09772561488472,194.09772561488472,11460731
2023-08-01,193.74805948995555,194.28304513650272,193.54196023812023,194.08564920273346,194.08564920273346,16769114
2023-08-02,194.1629961182244,194.49499373287907,193.73025470818948,194.07179944746102,194.07179944746102,8937548
2023-08-03,194.02178760793586,194.32910079000987,193.49327289920356,194.05631814959384,194.05631814959384,5711557
2023-08-04,194.06158346429453,194.3716548424304,193.5121190930076,194.03940210398463,194.03940210398463,11606664
2023-08-07,194.00593737705643,194.18942282056355,193.68664607651007,193.98201342923392,193.98201342923392,7844492
2023-08-08,193.8939936234411,194.19583389157165,193.72188217418363,193.96132634118538,193.96132634118538,13288053
2023-08-09,194.06618158936212,194.23609314784173,193.5883193567785,193.94018847965913,193.94018847965913,4986466
2023-08-10,193.99123522179093,194.1298762705882,193.580604723515,193.91879663950792,193.91879663950792,5162598
2023-08-11,193.76306550432466,194.4427295018475,193.48841606555362,193.89734761558475,193.89734761558475,11502001
2023-08-14,193.8456186194525,194.0115380178977,193.42270527807898,193.83462538971133,193.83462538971133,7919341
2023-08-15,193.67116194620954,194.1862855909395,193.3352289606745,193.81491557922837,193.81491557922837,12716239
2023-08-16,193.77485685105648,194.02070732808198,193.4142051699488,193.79613255923758,193.79613255923758,5207914
2023-08-17,193.7779267851825,194.0780790771639,193.56141651902786,193.7784731245918,193.7784731245918,9937026
2023-08-18,194.02729857068456,194.31333407163862,193.23850899173638,193.76213407014396,193.76213407014396,10513763
2023-08-21,193.58519482904066,193.96313814864422,193.42263852431907,193.7230071365159,193.7230071365159,3709440
2023-08-22,193.7115253383674,194.28115991811993,193.14445196968984,193.71391755138785,193.71391755138785,7986327
2023-08-23,193.70773706602793,193.96518280090066,193.48485217993175,193.70713232072188,193.70713232072188,2919305
2023-08-24,193.56829972879916,194.17883208425874,193.1387221150362,193.70284823937092,193.70284823937092,16682632
2023-08-25,193.8381846876554,194.09796659804334,193.4899098523911,193.70126210218768,193.70126210218768,4139772
2023-08-28,193.69953482783757,194.24880913784096,193.4463304286256,193.714659304173,193.714659304173,7279013
2023-08-29,193.89329102845414,194.12556403195413,193.53252979262504,193.72583289218926,193.72583289218926,7980418
2023-08-30,193.91098973823307,194.13254334752557,193.27944265557835,193.74068839863753,193.74068839863753,4944985
2023-08-31,193.74410382671462,194.01333694025192,193.23905701428637,193.7594226183706,193.7594226183706,20166924
2023-09-01,193.83449646058705,194.0242821787588,193.4311862843442,193.78223234624144,193.78223234624144,5660963
2023-09-04,193.79622867085257,194.42351587173286,193.3233625703559,193.87588875955612,193.87588875955612,6990450
2023-09-05,193.79859495069098,194.22335935604514,193.50042587967272,193.91533256468637,193.91533256468637,5667184
2023-09-06,193.91270186839998,194.2848917210359,193.52760146283893,193.9587747254167,193.9587747254167,5643168
2023-09-07,193.76084510536634,194.49031425336707,193.48710652721937,194.00614675489936,194.00614675489936,7575739
2023-09-08,194.2014058572285,194.37010932284576,193.76177635666423,194.05738016628678,194.05738016628678,11369895
2023-09-11,194.19830908782794,194.7967112430277,193.91425199941273,194.23356382340106,194.23356382340106,8666864
2023-09-12,194.47091389439157,194.7755234785113,193.75503357134394,194.2995578939311,194.2995578939311,5474917
2023-09-13,194.1069365788041,194.78785878625956,193.8263879292401,194.36907091212768,194.36907091212768,7974872
2023-09-14,194.60132007725335,194.97672662100862,193.8683110353311,194.44203439114318,194.44203439114318,4038764
2023-09-15,194.21575341784182,194.7137098339277,193.9749226330596,194.51837984413007,194.51837984413007,14455460
2023-09-18,194.6762729412126,195.04745490349143,194.53963632576338,194.7670231784422,194.7670231784422,6211854
2023-09-19,194.87919124357919,195.22187420790794,194.34377470126412,194.85621165883796,194.85621165883796,6380271
2023-09-20,194.84381250817512,195.2168164101102,194.6052016024173,194.9484396789669,194.9484396789669,3023354
2023-09-21,195.10692999032182,195.52387537355577,194.46227552344203,195.0436387519814,195.0436387519814,6209578
2023-09-22,195.258695313062,195.6940572528043,194.77257319308325,195.14174039103378,195.14174039103378,18552464
2023-09-25,195.2787844497457,195.8026201313336,195.04954585835492,195.4527758359419,195.4527758359419,10861257
2023-09-26,195.6766971833655,195.87831543626038,195.16822939924504,195.5618028706695,195.5618028706695,13928541
2023-09-27,195.78387364678616,196.2446108602756,195.3650776979644,195.6733900371969,195.6733900371969,8480309
2023-09-28,195.92986541463458,196.14658028749258,195.5804145184392,195.78746884867638,195.78746884867638,2158390
2023-09-29,195.82080358570255,196.28147809149442,195.3591878162655,195.90397081826032,195.90397081826032,8283309
2023-10-02,196.21764349058043,196.58890790671794,195.75985822705744,196.2673308071627,196.2673308071627,8846731
2023-10-03,196.47410169197357,196.94471459444583,196.15854265659382,196.3928405406882,196.3928405406882,12519170
2023-10-04,196.341347230757,196.9321032772442,196.02299585569196,196.5204309980801,196.5204309980801,7854380
2023-10-05,196.6979180277468,197.1417702051364,196.21459584944046,196.6500336924906,196.6500336924906,5438732
2023-10-06,196.8391100179023,197.29415563768174,196.43540159666043,196.78158013707215,196.78158013707215,7612878
2023-10-09,197.17189905789712,197.51531749807864,196.89648241626992,197.18719710336703,197.18719710336703,6741695
2023-10-10,197.3144552450389,197.6831430309979,196.7919823620632,197.32583368015648,197.32583368015648,10394364
2023-10-11,197.59184465818967,197.99563425237267,196.99799891612236,197.4660715728789,197.4660715728789,7621371
2023-10-12,197.40297658387837,197.93643177586972,197.20269606315867,197.60784229468655,197.60784229468655,4876228
2023-10-13,197.7136660477757,198.25875653714016,197.31996143707394,197.75107735873186,197.75107735873186,10621618
2023-10-16,198.3459233923396,198.81846766709785,197.95000804311383,198.1888837358173,198.1888837358173,5529032
2023-10-17,198.20432265665573,198.77536716284678,197.9613962186536,198.33729130033683,198.33729130033683,6830809
2023-10-18,198.50235513764974,198.97458572076934,198.2274440280349,198.48682077285588,198.48682077285588,6343828
2023-10-19,198.58693075454926,199.15201445332838,198.37170513800078,198.63740366652672,198.63740366652672,9007459
2023-10-20,199.07213187882218,199.32064915046695,198.33399555768946,198.78897149450182,198.78897149450182,4030135
2023-10-23,199.24783182983626,199.64664840328794,198.60186397411238,199.2488997157761,199.2488997157761,8129469
2023-10-24,199.21657861928085,199.60465222428823,199.0551868630567,199.4037224124918,199.4037224124918,13731068
2023-10-25,199.4524166878961,199.90720689275744,199.2925219605128,199.55918760927347,199.55918760927347,8392406
2023-10-26,199.82070202817758,200.1775452177406,199.26339736752735,199.7152268192736,199.7152268192736,5730064
2023-10-27,199.7556493812053,200.2406820418408,199.32622299479266,199.87177155564453,199.87177155564453,6663306
2023-10-30,200.51123230518536,200.9273185534663,199.76050888343462,200.34375405450578,200.34375405450578,9274933
2023-10-31,200.57958902612512,200.83239617870623,199.95539133878785,200.5016360278836,200.5016360278836,10586613
2023-11-01,200.7228076744868,201.10774667593077,200.2529911131442,200.65968109339406,200.65968109339406,16969369
2023-11-02,200.5801251274956,201.07716476581325,200.31999692805155,200.81781225829874,200.81781225829874,3548660
2023-11-03,201.20850539869411,201.47306777569514,200.73592601235885,200.97591850629593,200.97591850629593,9126300
2023-11-06,201.69611117463822,201.9327358534245,201.06309313027361,201.44889252691775,201.44889252691775,8777028
2023-11-07,201.59107877092276,201.87354416270776,201.25933455150647,201.60570388536013,201.60570388536013,7737370
2023-11-08,201.77943280348472,202.06716117620365,201.3636710177379,201.76189271593265,201.76189271593265,9555924
2023-11-09,201.79173410970787,202.41649496738705,201.34166097450657,201.91733949644276,201.91733949644276,7132583
2023-11-10,201.9331623755188,202.4585817740976,201.51905131622144,202.07192470469792,202.07192470469792,4855124
2023-11-13,202.6169387578371,202.8388929816187,202.25888245523817,202.5293156740093,202.5293156740093,8901363
2023-11-14,203.0301516771742,203.27336690255277,202.4233041926777,202.6792593713201,202.6792593713201,11068118
2023-11-15,202.9568926782007,203.3148879630779,202.49286612174703,202.82774388541353,202.82774388541353,7812965
2023-11-16,203.24670745896114,203.56530250424592,202.6680438772798,202.97464969409722,202.97464969409722,13586991
2023-11-17,202.94683997141496,203.4848475300219,202.6748178082806,203.1198572751785,203.1198572751785,7104603
2023-11-20,203.30545609785614,203.9466360778766,202.95104661302196,203.54409543088374,203.54409543088374,10071649
2023-11-21,203.686172703397,204.24871113120741,203.08640000257796,203.681314879631,203.681314879631,3627595
2023-11-22,203.64781001491238,204.22440162571013,203.3530525951444,203.81623848981351,203.81623848981351,24548656
2023-11-23,203.99017466709577,204.43522277142844,203.40621567791666,203.94874673923877,203.94874673923877,7139565
2023-11-24,203.94724142616238,204.3704635017873,203.66996581269765,204.07872010571438,204.07872010571438,6267317
2023-11-27,204.59805444749128,204.8280445706938,204.1787835623189,204.4522356855179,204.4522356855179,7004591
2023-11-28,204.58431089242234,204.80802200379796,204.16135498028945,204.57087429826976,204.57087429826976,4978106
2023-11-29,204.59875683882004,204.95913690624673,204.26356519284042,204.68638041710946,204.68638041710946,4460153
2023-11-30,204.52932221508934,204.9833590322454,204.2950017285629,204.79863451984448,204.79863451984448,8165873
2023-12-01,204.90390802684922,205.10882982856546,204.62848339621956,204.90751708428243,204.90751708428243,8469736
2023-12-04,205.57763039727732,205.8183692433892,204.8691078688568,205.21252113221686,205.21252113221686,8947546
2023-12-05,205.31886926223842,205.59568694176565,204.96469809317014,205.30642194502838,205.30642194502838,7865376
2023-12-06,205.08401289532375,205.86712240344008,204.7974652910409,205.39615876976106,205.39615876976106,7674456
2023-12-07,205.3439270968724,206.02857776922127,205.10506270803026,205.4815633745177,205.4815633745177,4383745
2023-12-08,205.43448007589782,205.98518350599346,205.0515014504472,205.56246752740088,205.56246752740088,6269879
2023-12-11,205.53160184784895,206.0278722320403,205.2668475080692,205.77649495583702,205.77649495583702,8671821
2023-12-12,206.06291522157125,206.33770395551238,205.5376771214934,205.83771498225354,205.83771498225354,6110881
2023-12-13,206.05099649731335,206.33843226287885,205.46102612212306,205.89359339731013,205.89359339731013,9258350
2023-12-14,205.77911514895516,206.44556448636288,205.37184221313134,205.94396196910955,205.94396196910955,7477038
2023-12-15,205.9730881633769,206.5070162990967,205.59770346897525,205.98865246575448,205.98865246575448,7448267
2023-12-18,205.93499588711904,206.69459213926575,205.49246445649635,206.08697318578913,206.08697318578913,8873558
2023-12-19,206.3303821476221,206.54101828368968,205.8289495807409,206.10726906284296,206.10726906284296,10196179
2023-12-20,206.17966594981215,206.4544354355384,205.90343668401667,206.12104570525588,206.12104570525588,11398162
2023-12-21,206.15654856956587,206.5943504607892,205.55673673890925,206.12813488113042,206.12813488113042,21562653
2023-12-22,205.92727595718063,206.34350979071564,205.57591742837587,206.1283683585694,206.1283683585694,12321337
2023-12-25,206.14353529345556,206.6601065336471,205.4712004863209,206.08625228129955,206.08625228129955,3816064
2023-12-26,205.8953210768947,206.2944908994445,205.57794151400603,206.0573806460231,206.0573806460231,4652992
2023-12-27,205.81552377054285,206.34807002397346,205.43014128637694,206.02081215282448,206.02081215282448,6973506
2023-12-28,206.04666252718985,206.51460829712587,205.43330270165157,205.97637856980657,205.97637856980657,5462917
2023-12-29,205.9157443782115,206.36754507857722,205.37341623995218,205.9239116650718,205.9239116650718,9724903
2024-01-01,205.59755331806426,206.07182614898016,205.28561177699476,205.71662870159452,205.71662870159452,10254716
2024-01-02,205.52053910936934,206.02007100602188,205.28038074798206,205.63056253372386,205.63056253372386,6281980
2024-01-03,205.44459710313015,206.09074935101907,204.9485557186802,205.53691994087347,205.53691994087347,14501892
2024-01-04,205.38715772992177,205.76840768441787,205.0655147552496,205.4368307473693,205.4368307473693,16552572
2024-01-05,205.46560845906365,205.89121251840103,204.91428974365013,205.33142477753762,205.33142477753762,3233378
2024-01-08,205.0416981835366,205.21704047126076,204.6180621548763,204.9946044533375,204.9946044533375,3915733
2024-01-09,204.70544493092493,205.3978356454271,204.45182727861243,204.87922962145626,204.87922962145626,13846903
2024-01-10,204.72536955393505,205.3129244477943,204.37757992736672,204.76418713487777,204.76418713487777,12358647
2024-01-11,204.60783247180547,204.91293145932949,204.44580643285335,204.6506068179283,204.6506068179283,10285832
2024-01-12,204.44367713327065,204.90855227423862,203.9766638594221,204.5396184949339,204.5396184949339,8043878
2024-01-15,204.15158020135814,204.48829514387916,203.85909735556578,204.23350373294173,204.23350373294173,7597985
2024-01-16,204.27508765846474,204.63083454795796,203.70797008534703,204.14418162902848,204.14418162902848,10461912
2024-01-17,204.06344860377797,204.47617135476793,203.8197973514595,204.06310064070067,204.06310064070067,8737987
2024-01-18,204.1570225901513,204.44714387905617,203.80634704792715,203.9913905922845,203.9913905922845,15383613
2024-01-19,204.0264947907948,204.19786467915497,203.64159783306204,203.93018130810597,203.93018130810597,5690622
2024-01-22,203.87125318290975,204.09492732304176,203.3358379239717,203.82085628425776,203.82085628425776,8072306
2024-01-23,203.89856985484542,204.01414110750468,203.5870606745819,203.81294830029105,203.81294830029105,12486014
2024-01-24,203.817718091901,204.14248206890758,203.24872503930587,203.82119020219255,203.82119020219255,8685462
2024-01-25,204.06230432536586,204.26978828312497,203.5712033218243,203.8467118142883,203.8467118142883,11201203
2024-01-26,203.92141295447755,204.44148683215963,203.61954046275594,203.89064296090442,203.89064296090442,11120079
2024-01-29,204.13767988068855,204.61383528985013,203.88264910657654,204.14419185113607,204.14419185113607,6468996
2024-01-30,204.22514969250236,204.64367858448475,204.08321584235702,204.27305937909466,204.27305937909466,4802361
2024-01-31,204.5795444310946,205.0191382395757,203.91067027972804,204.42598556320405,204.42598556320405,5504412
2024-02-01,204.80102328472245,205.09728100392005,204.04398166642468,204.6041002277904,204.6041002277904,4653214
2024-02-02,204.7145027340741,205.39261266529638,204.35974664661003,204.80822374963853,204.80822374963853,3162772
2024-02-05,205.79347427643566,206.3372744714758,205.07710148728393,205.57123553478564,205.57123553478564,13809023
2024-02-06,205.94232020005995,206.17058283116106,205.56474224362887,205.87336366663047,205.87336366663047,3115625
2024-02-07,206.23488018692487,206.40662896624926,205.8065134851495,206.19817579867046,206.19817579867046,20290882
2024-02-08,206.57626304891883,207.0457707476557,205.9451124218942,206.54494506998435,206.54494506998435,6144441
2024-02-09,207.01080579321155,207.15187450687588,206.6192445480258,206.91294461965035,206.91294461965035,6960587
2024-02-12,207.67261884414873,209.0770687079812,206.64580892568316,208.13705632954608,208.13705632954608,3750896
2024-02-13,208.54025095707823,209.03241339904687,208.17653190572963,208.58270838340542,208.58270838340542,9696111
2024-02-14,209.12877392536794,209.52895613801857,208.69261874209997,209.04595641100923,209.04595641100923,7021630
2024-02-15,209.50634509310729,210.04489406610998,209.08018312948798,209.5260735514359,209.5260735514359,8248161
2024-02-16,209.90491105069117,210.33228072798272,209.76191236472079,210.02233294376393,210.02233294376393,5397197
2024-02-19,211.64447945937854,212.9402910831007,209.56678304632584,211.60069602294067,211.60069602294067,10174142
2024-02-20,212.3885676744249,212.76209432203675,211.76373763528323,212.15425581365866,212.15425581365866,5298813
2024-02-21,212.9802950217293,213.5514863633089,212.0344290498779,212.72032355167025,212.72032355167025,8321351
2024-02-22,213.4204559098874,213.99968818440638,212.99667062768685,213.29817237605386,213.29817237605386,10078781
2024-02-23,213.89587559035294,214.7225721729716,213.03148557821353,213.88707542588804,213.88707542588804,16528663
2024-02-26,216.0151773390506,217.99563778898437,214.52122648098342,215.7128413188782,215.7128413188782,11969862
2024-02-27,215.87230594546065,217.00916896766847,215.47697097813383,216.33869266129895,216.33869266129895,8367717
2024-02-28,216.8052714875638,217.38461901865765,216.1487449279612,216.9719639245625,216.9719639245625,7968191
2024-02-29,217.19576657053656,218.34789997677018,216.6735786899991,217.6119282477472,217.6119282477472,9357213
2024-03-01,218.028291237251,218.97132038790218,217.64307166256827,218.25785876993163,218.25785876993163,11737602
2024-03-04,220.67035916843255,222.3500331039742,217.83781863944301,220.22280106210067,220.22280106210067,5513974
2024-03-05,220.6325333520367,221.52047692036032,220.3290012231596,220.88343959369158,220.88343959369158,12566646
2024-03-06,221.91518678639645,222.21029882924742,221.1192945820849,221.54518525597058,221.54518525597058,5007538
2024-03-07,222.17792435479302,222.73723158064638,221.60128789439452,222.2070049970901,222.2070049970901,10050255
2024-03-08,223.24898334833688,223.52560616505136,222.4554645468474,222.86786576520282,222.86786576520282,10487196
2024-03-11,223.09502484186712,226.12720573679522,221.92169146435725,224.83436371302412,224.83436371302412,5718228
2024-03-12,225.77162138282026,226.31880735820644,225.12469144381103,225.48105807063394,225.48105807063394,3699698
2024-03-13,225.90325127182527,226.53483807793316,225.43706864064816,226.12162819599934,226.12162819599934,7008733
2024-03-14,226.75413645710128,227.09658649189163,226.05335449566257,226.7550410372727,226.7550410372727,2147933
2024-03-15,227.26340955639674,227.94800204522505,226.74567300334846,227.38026354260668,227.38026354260668,7317431
2024-03-18,228.69544131662295,231.26914166792693,227.1163791658026,229.1964585244964,229.1964585244964,4285860
2024-03-19,230.0310478400768,230.30809675262702,229.44561636946455,229.77858916759726,229.77858916759726,37942330
2024-03-20,230.20105736621704,230.76859437398383,229.75995072186672,230.34736421552114,230.34736421552114,13582594
2024-03-21,230.74119261035733,231.47613913623397,230.4850886552354,230.90175061642043,230.90175061642043,8294074
2024-03-22,231.2063059342664,231.87962254518354,230.6661234051347,231.44071531844767,231.44071531844767,15574680
2024-03-25,233.40396775600428,235.1190762174442,231.06194165652906,232.95474871282198,232.95474871282198,11381157
2024-03-26,233.24373229461474,234.0841905004649,232.73475102409336,233.42169610088592,233.42169610088592,4471266
2024-03-27,233.95886457043656,234.32526409622275,233.63913063337623,233.86805653084025,233.86805653084025,5851649
2024-03-28,234.14299100138254,234.66498426996452,233.94164367043697,234.2927969508375,234.2927969508375,13385540
2024-03-29,234.8672296276968,235.26941223879766,234.38734308229087,234.69488430903016,234.69488430903016,4948937
2024-04-01,235.89820243690696,236.27276544204943,235.26547635082326,235.75489749430523,235.75489749430523,9748374
2024-04-02,236.08017462034954,236.50418840822772,235.72380985075606,236.05638592389403,236.05638592389403,11210160
2024-04-03,236.21008039962624,236.71173440508542,235.78254535807665,236.33211905497905,236.33211905497905,7022504
2024-04-04,236.54894586447074,237.2533965143973,236.2553913905387,236.58312685825103,236.58312685825103,8633124
2024-04-05,236.5847213178372,237.0295378283138,236.34418151700928,236.81043930440083,236.81043930440083,12125837
2024-04-08,237.0346165814129,237.92732167702766,236.60019953663982,237.36050420702574,237.36050420702574,11840032
2024-04-09,237.5045673611622,238.08649908122166,236.94356530874882,237.50333493159528,237.50333493159528,10009455
2024-04-10,237.6628507351561,238.08351771785775,237.2168282842376,237.62762015249686,237.62762015249686,7948350
2024-04-11,237.81009917900417,237.99098758953667,237.33447667011856,237.7343898404212,237.7343898404212,10730814
2024-04-12,237.71015785567698,238.52439432998742,237.38302279458924,237.82467396605924,237.82467396605924,2911514
2024-04-15,238.13086256078805,238.4800280309346,237.70421857247013,238.00691267616372,238.00691267616372,16730465
2024-04-16,238.050545636295,238.56281553962373,237.5103879517685,238.04155425956478,238.04155425956478,7486960
2024-04-17,238.03889426889936,238.39740830539026,237.66854858112296,238.06486013413362,238.06486013413362,5539797
2024-04-18,238.19022041935054,238.53386174285365,237.4374386274234,238.07786027056116,238.07786027056116,10795976
2024-04-19,237.8493623485691,238.51042050700838,237.48905657540593,238.08158463953814,238.08158463953814,10645703
2024-04-22,237.73646574014052,238.299085908651,237.5279649325648,238.04740284867444,238.04740284867444,4909775
2024-04-23,238.0169884135181,238.29161011361103,237.62805508892413,238.02432385475777,238.02432385475777,8274772
2024-04-24,238.0802436191391,238.6298800523164,237.67799888045417,237.99711894684472,237.99711894684472,8150742
2024-04-25,237.60702692913682,238.30083353289132,237.36478134147362,237.9668180956261,237.9668180956261,7889108
2024-04-26,237.7660739395949,238.24600558557233,237.47726995331794,237.93445127179288,237.93445127179288,18019444
2024-04-29,237.82966086364527,238.3014864622664,237.50895062891752,237.83525467151333,237.83525467151333,7919783
2024-04-30,238.00126965030458,238.40285298649783,237.49343091552734,237.8049236641297,237.8049236641297,7496896
2024-05-01,237.66319645282758,238.02260839490955,237.48108647888552,237.7776765375854,237.7776765375854,5693115
2024-05-02,237.6563561945818,238.25633563022126,237.15236242878336,237.75436563898495,237.75436563898495,5296370
2024-05-03,237.70245736598224,238.00860951259625,237.40685077383273,237.7351328210863,237.7351328210863,9732422
2024-05-06,237.56475316700448,237.9336769149945,237.2247280251539,237.70154514331605,237.70154514331605,6325135
2024-05-07,237.75977328836254,237.93852338682854,237.25894174605625,237.69826693993951,237.69826693993951,7282519
2024-05-08,237.5048192281177,238.32920471217886,237.1956359449399,237.69888796312225,237.69888796312225,8833274
2024-05-09,237.72237425030514,237.97619463738246,237.0515837830961,237.70337244203574,237.70337244203574,8258857
2024-05-10,237.5425665450485,237.94816443647986,237.06456933249805,237.7116846058515,237.7116846058515,8558475
2024-05-13,237.88485185080427,238.19185375848124,237.3200264433858,237.75922949842715,237.75922949842715,8542895
2024-05-14,237.95954831642194,238.4179413726443,237.56081741493168,237.78249469356683,237.78249469356683,10932519
2024-05-15,237.75062890951213,238.15448386711122,237.3824143181118,237.8094087194662,237.8094087194662,29962809
2024-05-16,237.9724356078604,238.2646219614709,237.3231080958163,237.83993580529682,237.83993580529682,14792153
2024-05-17,237.88857047248771,238.10806953803427,237.3813302549627,237.8740401802302,237.8740401802302,6674514
2024-05-20,237.8190853330348,238.43610409010876,237.45772730742547,237.99745933136128,237.99745933136128,14690410
2024-05-21,238.03193882018806,238.54850234507376,237.75425241285174,238.04551515442037,238.04551515442037,4723481
2024-05-22,238.0761096365377,238.5967122874714,237.55941223992767,238.09696941243962,238.09696941243962,6027382
2024-05-23,238.32658876155045,238.53237576448157,237.84610222739985,238.15178633459053,238.15178633459053,11391677
2024-05-24,238.0156772502674,238.5821616747238,237.62009845637238,238.2099301500446,238.2099301500446,11216374
2024-05-27,238.39535131033472,238.67190975310533,238.01963803292415,238.40396524794068,238.40396524794068,10807167
2024-05-28,238.4899411918273,238.87337820873276,237.90491742913878,238.4750589283223,238.4750589283223,5955365
2024-05-29,238.63234838406837,238.81383722417115,238.31062783647883,238.5493006478646,238.5493006478646,5975809
2024-05-30,238.74907846424958,239.22557209897346,238.20750547228738,238.626654635739,238.626654635739,8542188
2024-05-31,238.71074510413015,239.40630019191613,238.13882559949758,238.707085121117,238.707085121117,7051897
2024-06-03,239.39365924997074,239.6683597640043,238.637557682664,238.96647785398758,238.96647785398758,12472539
2024-06-04,239.14672564531466,239.70829569867047,238.4444507857449,239.05885662109495,239.05885662109495,6964142
2024-06-05,239.26648547649322,239.6711037950675,238.6221017934053,239.15413303156336,239.15413303156336,6862248
2024-06-06,239.19718082450666,239.81973414964676,238.7417357444799,239.25227131456435,239.25227131456435,3548485
2024-06-07,239.39995210878712,239.71200996799354,238.9601093564538,239.35323569926948,239.35323569926948,12392688
2024-06-10,239.5899559642865,240.2059079914032,239.2141983345211,239.67272775532408,239.67272775532408,9399253
2024-06-11,239.62637359185018,240.22988631507877,239.26803877217523,239.78463883856037,239.78463883856037,2550884
2024-06-12,239.99958977639886,240.35794114976235,239.44526700008134,239.89919716935813,239.89919716935813,9993659
2024-06-13,240.04382531799803,240.6143271388713,239.44837832985988,240.01636697688897,240.01636697688897,6545992
2024-06-14,240.17052273805945,240.49440242526651,239.70128276850102,240.1361124903244,240.1361124903244,11791902
2024-06-17,240.4594782881757,240.88753784107317,240.19182364933363,240.51044555777247,240.51044555777247,7590417
2024-06-18,240.86949477615872,241.32397475484473,240.31544984925384,240.64013618654084,240.64013618654084,5350844
2024-06-19,240.77194202750331,241.01734689021183,240.5525941544779,240.7722236670712,240.7722236670712,18990999
2024-06-20,240.99370127359848,241.3691725733174,240.53760050788222,240.90667222853506,240.90667222853506,17556522
2024-06-21,240.95160737118223,241.72243696771372,240.4474114519109,241.0434461001038,241.0434461001038,7290715
2024-06-24,241.54430614741096,241.99418625792165,240.8473360556623,241.46736186715498,241.46736186715498,9638455
2024-06-25,241.82498138591322,242.10777114324753,241.2928980062887,241.6130792708586,241.6130792708586,6358728
2024-06-26,241.45498000238425,242.10532259479706,241.05645358121387,241.76094313052468,241.76094313052468,3408243
2024-06-27,241.7842612055712,242.30302588724,241.4379707357087,241.91091767532467,241.91091767532467,15460530
2024-06-28,242.1540318490708,242.71394747696203,241.37898061075717,242.0629671344301,242.0629671344301,5368619
2024-07-01,242.59938041429683,243.03430385798953,241.95296266486534,242.53120728929383,242.53120728929383,15122926
2024-07-02,242.74725259308792,243.1720137769446,242.10464095266045,242.6912524515839,242.6912524515839,11336817
2024-07-03,242.90575604994896,243.12286925961328,242.59157643577043,242.8535161995255,242.8535161995255,9235191
2024-07-04,242.93633986419215,243.2451815282435,242.68729891150184,243.01828528777858,243.01828528777858,7837996
2024-07-05,243.38054461894967,243.89685838934622,242.96247755951725,243.1858464710032,243.1858464710032,11360725
2024-07-08,243.48403602211198,244.14993310695948,243.08037559074015,243.70815013710657,243.70815013710657,5024053
2024-07-09,243.79741101144538,244.41819472996787,243.49383604337098,243.88974724681773,243.88974724681773,15590316
2024-07-10,243.97945821176822,244.3360968920846,243.45269662259497,244.07557022480052,244.07557022480052,8593837
2024-07-11,244.15810790794112,244.8361543535061,243.87220632863398,244.26590582571524,244.26590582571524,16893920
2024-07-12,244.78329536117755,245.1598058202278,243.82040598560664,244.46104080422177,244.46104080422177,7525417
2024-07-15,245.3877331352907,245.72877677692654,244.71574631728936,245.07810955189265,245.07810955189265,8590813
2024-07-16,245.38963955017297,245.58103990979166,244.98523580220024,245.2953095873669,245.2953095873669,9128375
2024-07-17,245.76741413082178,246.0396390721759,245.1220235884134,245.51874277373315,245.51874277373315,10670076
2024-07-18,245.7931160591355,246.3653602311522,245.3167130288722,245.74869586565157,245.74869586565157,19784091
2024-07-19,246.1447362450127,246.4167848973696,245.58393948614523,245.9854556177821,245.9854556177821,6426352
2024-07-22,246.44696557049326,247.77529174344681,245.79557959528051,246.73944238204686,246.73944238204686,7504408
2024-07-23,246.95054241386435,247.56508241328686,246.73370068566334,247.00629632162628,247.00629632162628,7923428
2024-07-24,247.57958610789126,247.97091574484352,246.87645363368404,247.28139069471817,247.28139069471817,2513607
2024-07-25,247.25326008953076,248.11197277705605,246.9069339503954,247.5650122559824,247.5650122559824,6061686
2024-07-26,248.0083918414381,248.1488549365548,247.59960813561008,247.85744776007903,247.85744776007903,6262114
2024-07-29,248.661195923169,249.51378970073412,247.44740557892658,248.79050547596398,248.79050547596398,29918974
2024-07-30,249.05144484290133,249.45084313764409,248.38085950701077,249.1210642979908,249.1210642979908,9103663
2024-07-31,249.55324476234802,250.16249339251317,249.1909569494859,249.4618708361502,249.4618708361502,10238782
2024-08-01,250.0233184258731,250.43695550026533,249.43557613339732,249.81321184510247,249.81321184510247,3838604
2024-08-02,250.02640337887905,250.75575553088623,249.75443464428258,250.17523975447287,250.17523975447287,7752982
2024-08-05,251.42819522529163,252.1987730996265,249.87135599050546,251.3210588798342,251.3210588798342,12775009
2024-08-06,251.4693622803043,252.0450175283149,251.17961513340478,251.72117973554913,251.72117973554913,28156122
2024-08-07,252.277172267829,252.7569620859223,251.5614356668112,252.12952583898368,252.12952583898368,5681939
2024-08-08,252.3178316523287,253.02433664904197,251.91654488671128,252.545577994591,252.545577994591,3227319
2024-08-09,252.85979733587814,253.31643614552092,252.67847055488815,252.96881700682468,252.96881700682468,5429015
2024-08-12,254.09846306297334,255.71154359676754,252.54400207086564,254.2764632278165,254.2764632278165,5439996
2024-08-13,254.40352279167587,254.97408398047529,254.11655745117346,254.72325771108854,254.72325771108854,5465485
2024-08-14,255.21558334568482,255.57908404619405,254.6356076603054,255.17464307325372,255.17464307325372,12593679
2024-08-15,255.3609948830543,256.1116994788934,254.92240244996782,255.63010011876528,255.63010011876528,9495647
2024-08-16,255.86834897328785,256.3991599386635,255.48201370902507,256.0891096520765,256.0891096520765,4550477
2024-08-19,258.1557140119282,259.5495410096522,256.5602944654159,257.4822612233424,257.4822612233424,16241069
2024-08-20,257.80339921937474,258.2957111359672,257.4853423077183,257.95028875238626,257.95028875238626,20613776
2024-08-21,258.2715402204429,258.7225902352599,257.9185880293414,258.4192727914966,258.4192727914966,3410766
2024-08-22,259.02475155071573,259.232349013056,258.6256743599015,258.88869414512686,258.88869414512686,14414945
2024-08-23,259.0820353905,260.01032643276534,258.6046662800805,259.3580336177303,259.3580336177303,7347664
2024-08-26,260.5448905546017,262.01795625454133,259.93999412817476,260.7603687939137,260.7603687939137,4994987
2024-08-27,261.0881623562104,261.76946122924903,260.60648013417807,261.2241887869437,261.2241887869437,3864545
2024-08-28,261.5232406534658,261.9323930742594,261.1716203273605,261.6853309212138,261.6853309212138,6379240
2024-08-29,262.15646777099795,262.3981594152338,261.8932364766686,262.14327600117724,262.14327600117724,6162692
2024-08-30,262.3870901856776,263.0796952072822,261.8512106794411,262.5975048312874,262.5975048312874,8612273
2024-09-02,264.4213045527731,265.6784559760624,262.1376247197701,263.93270186703194,263.93270186703194,23393609
2024-09-03,264.17722314398355,265.09626238187667,263.8378910540821,264.36687374226267,264.36687374226267,6205778
2024-09-04,264.7329379386081,265.08126347910206,264.4291104076506,264.7947333899069,264.7947333899069,3959664
2024-09-05,265.2820689033749,265.7542987981836,264.909329183044,265.21576161441806,265.21576161441806,6782544
2024-09-06,265.87062325502234,266.3779251633835,265.18766446984154,265.6294392202494,265.6294392202494,13469731
2024-09-09,267.34186008256444,267.8429377094891,265.9652711124677,266.82117637019866,266.82117637019866,7068164
2024-09-10,267.29723016691247,267.9062262109187,266.6754644693745,267.2002595458446,267.2002595458446,11080426
2024-09-11,267.6031730821344,267.8853315991658,266.78556240984085,267.56939612507756,267.56939612507756,8709719
2024-09-12,267.8977593349317,268.6955008911481,267.3634346783182,267.9280669123509,267.9280669123509,8248439
2024-09-13,267.90656127098856,268.9405370674029,267.53293599452746,268.27575271211805,268.27575271211805,17690971
2024-09-16,268.97805029103847,270.6457701303824,268.14607170537556,269.2477082309154,269.2477082309154,4930182
2024-09-17,269.5436231869099,270.17185101811026,269.03465854713636,269.5462621251911,269.5462621251911,4754596
2024-09-18,269.5840814954457,270.2800044025455,269.10412733298654,269.8312350542273,269.8312350542273,5078646
2024-09-19,269.9754655251781,270.87734961517606,269.5916491331893,270.1021078224774,270.1021078224774,9507706
2024-09-20,270.15174720253543,270.75813750181834,269.6218728430114,270.35836123439486,270.35836123439486,8216607
2024-09-23,270.9635549962641,271.5740713268913,270.52316398907635,271.03421337668397,271.03421337668397,11410187
2024-09-24,271.2084123113598,271.8700653733741,270.90932441946876,271.2267974078039,271.2267974078039,7701521
2024-09-25,271.23255808469105,272.08261590739,270.67042233887275,271.4021661048579,271.4021661048579,7254631
2024-09-26,271.91889500388163,272.33422020388184,270.98040792848565,271.55980027229924,271.55980027229924,9431166
2024-09-27,271.39378401207006,272.0605637353973,270.94736353195225,271.69918071458136,271.69918071458136,18684058
2024-09-30,272.12111870982227,272.703230929716,271.2221133516401,272.00260773500577,272.00260773500577,4474057
2024-10-01,272.31223127015886,272.7305951515043,271.7882841983871,272.0637813211845,272.0637813211845,5049874
2024-10-02,271.9498548938011,272.3856900588717,271.57318537532416,272.10434272124553,272.10434272124553,8166090
2024-10-03,272.00771190331824,272.5911562598781,271.6657697118424,272.1249603235168,272.1249603235168,22102226
2024-10-04,271.96242009643936,272.5330446886188,271.5239695187656,272.12654003310064,272.12654003310064,4681492
2024-10-07,271.9378489875965,272.44487598297815,271.327944550314,272.02611085675375,272.02611085675375,7960118
2024-10-08,272.07078141378224,272.7667405094005,271.55558359419285,271.9605980466139,271.9605980466139,5158988
2024-10-09,271.7377257207214,272.49226264583046,271.31798075163636,271.8805768692996,271.8805768692996,9762328
2024-10-10,271.53956679597053,272.44117702211815,271.13783629106763,271.7869532299131,271.7869532299131,2849975
2024-10-11,272.13410133855484,272.4823346089562,271.35942358829027,271.6806330335573,271.6806330335573,4765277
2024-10-14,271.1352791511964,271.7536161067887,270.58659803174714,271.29455215369916,271.29455215369916,15159291
2024-10-15,271.2829744338896,271.8471105688377,270.55734947720936,271.1465047804913,271.1465047804913,8037372
2024-10-16,270.8376350890759,271.48146434820376,270.20603672029574,270.9902903758269,270.9902903758269,5511128
2024-10-17,271.19643763205517,271.56509435111843,270.38996828644474,270.8268148448084,270.8268148448084,7818838
2024-10-18,270.6928762514801,271.00325745132,270.351924852206,270.65698409253844,270.65698409253844,7750783
2024-10-21,270.2309516250079,270.8990998708608,269.5880008433912,270.11841955924535,270.11841955924535,10589316
2024-10-22,270.10971880303947,270.2991783996158,269.64064547403717,269.93222697299507,269.93222697299507,2833603
2024-10-23,269.6959634740389,270.17177027310817,268.95223815702235,269.7442086910061,269.7442086910061,4764096
2024-10-24,269.5767188431855,270.2259251267764,269.29077263260166,269.55527061838114,269.55527061838114,4962970
2024-10-25,269.0818553082949,269.83148353018447,268.6976549723598,269.36631866022253,269.36631866022253,10958902
2024-10-28,269.0001666726014,269.41575908334687,268.24980105456467,268.80843852357106,268.80843852357106,7974798
2024-10-29,268.80814467896215,269.1210484428413,268.1787782137262,268.62849007430384,268.62849007430384,16440396
2024-10-30,268.6649676309416,269.1131771229446,268.1743308997229,268.45305726501596,268.45305726501596,12109766
2024-10-31,268.1982986127592,268.65314129036403,267.6910659005787,268.28304600080975,268.28304600080975,6729421
2024-11-01,268.0268094512641,268.39358442108687,267.5485460677644,268.1193621867881,268.1193621867881,7804250
2024-11-04,267.6522764453092,268.0810272282576,267.2727377418936,267.67152947456293,267.67152947456293,15277541
2024-11-05,267.52802067459737,268.044263269192,266.784829156878,267.537000222497,267.537000222497,16379801
2024-11-06,267.225606263154,267.7449681445961,266.99850046779886,267.40994570409094,267.40994570409094,7626292
2024-11-07,267.4789039413268,267.7301388770338,266.79742955723304,267.2904262639383,267.2904262639383,4888683
2024-11-08,267.2645490975015,267.64338331253276,266.6329501536545,267.1785022466321,267.1785022466321,2798293
2024-11-11,266.91420316849076,267.16127241069483,266.59252953187115,266.88890617772535,266.88890617772535,2797958
2024-11-12,266.5881486219495,267.3749196128219,266.0455529628281,266.80796729773795,266.80796729773795,10129812
2024-11-13,266.6767774974622,267.47034608127876,266.28507019779175,266.73492556356325,266.73492556356325,10028555
2024-11-14,266.6620510393925,266.99482121987165,266.38460156430074,266.6698413197948,266.6698413197948,5707284
2024-11-15,266.75503664024274,267.18743124041134,266.1559841871303,266.61277491102567,266.61277491102567,15335724
2024-11-18,266.58774005233875,267.10213513411753,265.9145537712348,266.4902861406472,266.4902861406472,7213614
2024-11-19,266.3807251203679,266.9403644433868,265.9386462835387,266.4658945178082,266.4658945178082,5961027
2024-11-20,266.5230571112424,267.0819226812609,265.8213903828238,266.44982245293494,266.44982245293494,14368272
2024-11-21,266.65767437434056,266.91174420147524,266.17128752794383,266.4421302906205,266.4421302906205,13446539
2024-11-22,266.28626856430634,266.96503669023934,266.0438707645677,266.4428783754584,266.4428783754584,7796255
2024-11-25,266.24592250987274,266.74032936491597,265.798044684881,266.49636755881806,266.49636755881806,10362639
2024-11-26,266.8205594485696,267.1585253004901,266.2468839621295,266.5314800781974,266.5314800781974,11037498
2024-11-27,266.55165534734147,267.1854774252038,265.85650871194326,266.57533456769534,266.57533456769534,23737948
2024-11-28,266.65488939628244,266.8894579365954,266.3365718317349,266.627991371905,266.627991371905,7492715
2024-11-29,266.56858155640094,267.135769121285,265.98215588426154,266.68951083541987,266.68951083541987,4434902
2024-12-02,267.4039991544828,267.7168785037934,266.4853741733718,266.92784862772726,266.92784862772726,10937319
2024-12-03,266.735715328375,267.50167450666453,266.44180098893,267.02542217439503,267.02542217439503,8252771
2024-12-04,267.2262692125091,267.65415914411346,266.8059749217856,267.1321601033342,267.1321601033342,8462128
2024-12-05,267.27470477039213,267.99931803550237,266.9704641686552,267.2481227591379,267.2481227591379,7876077
2024-12-06,267.3431129954289,268.0167376429077,267.01148858956793,267.37337048639955,267.37337048639955,3610258
2024-12-09,267.88161177956516,268.3738036623371,267.4924987707032,267.8054275428646,267.8054275428646,9116911
2024-12-10,267.9143190236528,268.6585421431681,267.55144610436406,267.9684190018907,267.9684190018907,6684981
2024-12-11,268.53143052311066,268.8690454215016,267.6100231607602,268.1409972553409,268.1409972553409,6854514
2024-12-12,268.52558925803845,268.82216027576715,267.7499782905064,268.32322264780856,268.32322264780856,6555818
2024-12-13,268.3283542663614,269.0247241365093,267.828099612753,268.515155523887,268.515155523887,7844721
2024-12-16,269.14822069985524,269.6926500006147,268.4269066637406,269.1498024997197,269.1498024997197,9112676
2024-12-17,269.50563880598355,270.1704779107226,268.7943508431551,269.3811687561739,269.3811687561739,7883632
2024-12-18,269.87899565964483,270.25994516137615,269.1467299217876,269.6225442192052,269.6225442192052,14251313
2024-12-19,269.8143814075897,270.16404127955184,269.36257864089896,269.8739892334068,269.8739892334068,11675883
2024-12-20,269.960178448969,270.86822992892195,269.65729081764033,270.135564143372,270.135564143372,7712878
2024-12-23,271.075878800902,271.7893557555509,269.85273210752706,270.98167169378195,270.98167169378195,4767173
2024-12-24,271.3197149302384,271.56769447174736,270.90918309171667,271.2843696327343,271.2843696327343,10694243
2024-12-25,271.75655129083987,272.1554707863927,271.34979848067553,271.59749919041656,271.59749919041656,6834537
2024-12-26,272.0757899482895,272.404064854408,271.30446566635135,271.921120711422,271.921120711422,7345361
2024-12-27,272.6745464330589,273.00216534321254,271.8945098322339,272.2552945403439,272.2552945403439,4137530
2024-12-30,272.9637106517241,274.03005591568177,271.8451199042411,273.32173332054106,273.32173332054106,9837749
2024-12-31,273.7682652250221,274.42007351666666,272.9586392297202,273.6987198270615,273.6987198270615,29257455
2025-01-01,274.4381122579754,274.6542337165472,273.79571958307565,274.0865603644647,274.0865603644647,6210852
2025-01-02,274.41130975768806,274.763781668116,274.1769054641656,274.48526650863175,274.48526650863175,10921602
2025-01-03,274.91458708909704,275.7030856149158,274.3613975211251,274.89465476059524,274.89465476059524,14915054
2025-01-06,275.6940199890036,277.459362327711,274.77896851790564,276.1845894864684,276.1845894864684,6159237
2025-01-07,276.8026385063879,277.0523341703747,276.2257094409195,276.63438349282154,276.63438349282154,2379396
2025-01-08,277.1670707505677,277.6162289204775,276.42721166664694,277.0936982685731,277.0936982685731,11327090
2025-01-09,277.3734509564033,278.31213647709876,276.965730328667,277.56230154604344,277.56230154604344,8323620
2025-01-10,278.2432707458027,278.4682250534486,277.60006551866866,278.03996105755306,278.03996105755306,9347497
2025-01-13,279.8489905699508,280.49363059545493,278.8171470384068,279.52495431952053,279.52495431952053,8222623
2025-01-14,280.0328568047012,280.3644527457398,279.3433373361393,280.0365160903907,280.0365160903907,14286902
2025-01-15,280.3981296465707,280.9839622222295,280.1769464918215,280.55597275690195,280.55597275690195,7619265
2025-01-16,281.0706479056815,281.79650932355435,280.3375487024274,281.08309205137476,281.08309205137476,23685990
2025-01-17,281.73553561990553,282.15001602360377,281.1156274096701,281.6176417061295,281.6176417061295,11341472
2025-01-20,283.02312984873134,284.3973435456357,281.5255838825879,283.263550155289,283.263550155289,13265732
2025-01-21,283.7090473151625,284.1799933578688,283.0497488975181,283.8254985743753,283.8254985743753,8026321
2025-01-22,284.430104859994,284.84838532148973,283.6219828665489,284.3937160153454,284.3937160153454,9345213
2025-01-23,285.0571772980625,285.79312788833846,284.4855418142846,284.9679702105198,284.9679702105198,3437085
2025-01-24,285.73849231648086,286.0179797028106,285.15977627893807,285.54802889221884,285.54802889221884,5995138
2025-01-27,286.69687012286886,289.95762478356824,285.08021256983875,287.3207091796678,287.3207091796678,13711961
2025-01-28,287.80977678715874,288.4982736261354,287.37795953029064,287.92166313066934,287.92166313066934,7736925
2025-01-29,288.3448242953777,288.9137051310493,288.13262645726917,288.5272602297975,288.5272602297975,4558539
2025-01-30,289.0178385776655,289.9825544954406,288.2834726090332,289.1372682093727,289.1372682093727,5682193
2025-01-31,289.77732860453324,290.3247200710563,289.3473142481719,289.7514548017152,289.7514548017152,5659300
2025-02-03,292.7625732215605,293.8460965231208,290.726829374776,291.61676357855123,291.61676357855123,7845813
2025-02-04,292.65732785456004,293.1774590213489,291.949096749765,292.2453419451672,292.2453419451672,5271627
2025-02-05,292.6551281855593,293.1944306837703,292.1800152979317,292.8769375861525,292.8769375861525,16296858
2025-02-06,293.4049959123168,293.8611977406194,292.78510539612694,293.51131823382764,293.51131823382764,8877714
2025-02-07,294.0027194627392,294.91669874443653,293.65361310757214,294.14825162051295,294.14825162051295,3981601
2025-02-10,295.5623399896743,297.5070346890703,294.5599213207205,296.07204553783316,296.07204553783316,17244821
2025-02-11,296.72367663395335,297.13182056393646,296.19683877061846,296.71686720376283,296.71686720376283,7818947
2025-02-12,297.2212997557286,297.68058411936465,296.6107806831134,297.3630802703046,297.3630802703046,10303030
2025-02-13,298.0854315902238,298.31662006123145,297.6796190698465,298.0104524697788,298.0104524697788,9326055
2025-02-14,298.5215796228897,299.47768932038747,297.73455442978263,298.6587515345058,298.6587515345058,9856711
2025-02-17,300.7931489400343,301.7585376007592,299.27504992265057,300.60688724340804,300.60688724340804,6737487
2025-02-18,301.2210016370482,301.86799288088906,300.2822682478768,301.25657109235044,301.25657109235044,9438744
2025-02-19,302.312384343523,302.61144696109335,301.49680317730304,301.9060204681478,301.9060204681478,7424781
2025-02-20,302.23841552835717,303.1389378130976,301.7372046518689,302.5550031031202,302.5550031031202,9587823
2025-02-21,303.1559569938905,303.5134658003207,302.75948266811093,303.2032867295883,303.2032867295883,7290542
2025-02-24,306.03493449956454,307.60849335567747,304.1048269904534,305.14162088116996,305.14162088116996,6920034
2025-02-25,305.78631149427815,306.0813098329032,304.9044988461327,305.78478579682434,305.78478579682434,3851355
2025-02-26,306.1441967191013,307.2277110651723,305.5592461484003,306.4260903655762,306.4260903655762,7979209
2025-02-27,307.2464337128997,307.95250915582284,306.5067915702067,307.06530231974614,307.06530231974614,8950848
2025-02-28,307.5095902699393,308.2782422314364,306.94587583562634,307.7021893916543,307.7021893916543,20163591
2025-03-03,309.62538231213927,311.51430599396707,307.6360387791779,309.59657863701295,309.59657863701295,10166769
2025-03-04,309.90610944129594,310.81636569776356,309.3804846486642,310.2218435030785,310.2218435030785,5568359
2025-03-05,310.6372478505317,311.37752422696815,310.3581319305302,310.84362214848426,310.84362214848426,4816765
2025-03-06,311.6344704655658,312.3224351709076,310.8388486294463,311.4616823055507,311.4616823055507,9144572
2025-03-07,312.0893765585853,312.9425074360926,311.47683026332845,312.07579170659835,312.07579170659835,5512221
2025-03-10,313.4056987797474,315.3498689178528,312.39981777341296,313.89209269683136,313.89209269683136,6020697
2025-03-11,314.2593900150853,315.17732308372354,313.61629795251173,314.4880763970071,314.4880763970071,5503468
2025-03-12,315.0399621009234,315.9758220810795,314.68562120136437,315.0789480027659,315.0789480027659,6787944
2025-03-13,316.22771757532286,316.58631742572175,315.28126862960426,315.66447524642814,315.66447524642814,11559443
2025-03-14,316.27421825885074,316.86705230859025,315.5766725850197,316.2444258603141,316.2444258603141,2958027
2025-03-17,318.3194347349219,319.52555360271054,316.0052274443569,317.9484952465191,317.9484952465191,15283388
2025-03-18,318.4977257669746,318.97687702644487,318.08699058137887,318.50381666450437,318.50381666450437,7223744
2025-03-19,319.5408916654458,319.9820010567596,318.50346834500493,319.05240011431533,319.05240011431533,5826406
2025-03-20,319.31339955143176,319.977497393395,318.6710948276341,319.59401332827247,319.59401332827247,12469948
2025-03-21,320.2822748893664,320.80634146995254,319.6745150386418,320.1284240386962,320.1284240386962,7216113
2025-03-24,321.35847323643657,322.8492142947196,319.8919991446341,321.68611847197053,321.68611847197053,4739887
2025-03-25,322.18146645799453,322.6681433249416,321.39864263303724,322.1893964914644,322.1893964914644,3737902
2025-03-26,322.70831182384336,323.24914826849505,322.09022617842095,322.68431066902673,322.68431066902673,11326712
2025-03-27,322.9749163247411,324.139321439037,322.24351535965815,323.17062873697796,323.17062873697796,11696741
2025-03-28,323.2178546639283,323.9767601919732,322.85615823186436,323.6481184276385,323.6481184276385,6507252
2025-03-31,325.25779916437284,326.48161550045234,323.74339035847726,325.0252945590797,325.0252945590797,15488595
2025-04-01,325.2932225390535,325.81450285228453,324.78310202246155,325.46514806378127,325.46514806378127,8144615
2025-04-02,325.47532345856865,326.2941311956339,325.12775859775445,325.8950747157764,325.8950747157764,15540413
2025-04-03,326.19530598576614,326.91005590854627,325.61566759536356,326.31515656229664,326.31515656229664,4956786
2025-04-04,326.6105973102138,327.36983025695645,325.82859035223504,326.7255385135561,326.7255385135561,4662461
2025-04-07,328.1362976031344,328.7475330055969,326.931371192408,327.89993409790867,327.89993409790867,6188030
2025-04-08,328.06338313036724,328.7865683130161,327.7707867006881,328.2729655702641,328.2729655702641,6551272
2025-04-09,328.5327051373375,328.992814241255,328.193670089789,328.6370216984283,328.6370216984283,14224772
2025-04-10,329.21748440878605,329.49783002736444,328.67005073245093,328.9922473926154,328.9922473926154,9263788
2025-04-11,329.75396527088014,330.3036753593682,329.0126337037903,329.3387875630392,329.3387875630392,5472963
2025-04-14,330.07512139417014,331.75376264779914,328.9792445731303,330.32774403387054,330.32774403387054,8044760
2025-04-15,330.74597803730654,331.1710895320219,329.8723746963375,330.6409912113809,330.6409912113809,6458619
2025-04-16,330.9102475320515,331.64086523470786,330.18936420412,330.94627741619763,330.94627741619763,5352493
2025-04-17,331.34496875368313,332.1745922821758,330.5180753451487,331.24374755853466,331.24374755853466,7687308
2025-04-18,331.52419712107155,331.8362320442677,330.6439226235538,331.5335465486061,331.5335465486061,7271870
2025-04-21,332.91734889486884,333.43163503633974,331.57125705623594,332.3583657073661,332.3583657073661,5455379
2025-04-22,332.51394574107115,333.58072212354955,331.71159040696614,332.61892919051445,332.61892919051445,5426311
2025-04-23,332.6145294780995,333.23597100632213,332.321697080821,332.87254607246683,332.87254607246683,12022018
2025-04-24,332.7330728932107,333.53210952367675,332.1712749932609,333.11936126343727,333.11936126343727,9886295
2025-04-25,333.0376794664914,334.33211848598813,332.5703977998107,333.3595196736396,333.3595196736396,12823454
2025-04-28,333.85845056060236,334.7333192310301,333.5504505485998,334.04150332177807,334.04150332177807,6941831
2025-04-29,334.01085490558756,334.5672797123378,333.5596998865879,334.2564837110478,334.2564837110478,4643988
2025-04-30,334.62402910084796,334.94750579863864,333.79012415640744,334.4655318706191,334.4655318706191,6004387
2025-05-01,334.96701048625874,335.28621704728204,334.27067488967856,334.6687927107061,334.6687927107061,13371138
2025-05-02,334.9107552561486,335.6550399518559,334.149239941004,334.8663931915088,334.8663931915088,3593904
2025-05-05,335.6168273338005,336.2440291889645,334.90209603524625,335.4257122796042,335.4257122796042,16474224
2025-05-06,335.60179143479075,336.6046918250355,335.26218078143665,335.6011152246349,335.6011152246349,4592211
2025-05-07,335.32800391724055,336.275985442149,334.79995215614974,335.77106181104983,335.77106181104983,11813935
2025-05-08,335.5577297542395,336.61762658214474,335.18069838388493,335.93558924898025,335.93558924898025,4802863
2025-05-09,336.17715223923096,336.77363920617205,335.1733210320968,336.094734748557,336.094734748557,5940881
2025-05-12,336.201920828137,337.12982145623903,335.7595733699117,336.54025171847456,336.54025171847456,2859660
2025-05-13,336.79231173415707,337.1008535541691,336.1228350008882,336.67824156594617,336.67824156594617,20213300
2025-05-14,337.09437829864925,337.80552358786946,336.1452796926059,336.81103552571886,336.81103552571886,10663822
2025-05-15,336.77306639555974,337.845698284822,336.15728705220477,336.9386708079236,336.9386708079236,10982364
2025-05-16,336.61718291856647,337.7172740026441,336.0781356053659,337.0611846226914,337.0611846226914,6252664
2025-05-19,337.5997113929921,338.12944934218336,336.9149767413388,337.3983693636827,337.3983693636827,5023185
2025-05-20,337.54955857631785,337.9655917413914,336.5768773134897,337.5007694100124,337.5007694100124,11795367
2025-05-21,337.64339401035824,338.2875937149769,336.6392648550411,337.59823403955994,337.59823403955994,4383639
2025-05-22,337.58015353772356,338.4875607260301,336.911453123286,337.6908004624562,337.6908004624562,7358661
2025-05-23,337.7023216217358,338.44793247730865,336.8139253485581,337.7785058888323,337.7785058888323,4280528
2025-05-26,338.07227933646965,339.01997092738884,337.4261918046823,338.01282829014895,338.01282829014895,8511479
2025-05-27,338.38924014789694,338.8197700371304,337.1005746020206,338.0814618317538,338.0814618317538,3067875
2025-05-28,338.198207633169,338.71318173610337,337.34203964502467,338.1454204274933,338.1454204274933,3815806
2025-05-29,338.53191310958454,339.05753105579936,337.8705232659644,338.2047412874983,338.2047412874983,5204542
2025-05-30,337.94518237901207,338.6849823078876,337.3108356431537,338.2594616218998,338.2594616218998,10878823
2025-06-02,338.43334068966885,338.9741977293166,337.7475527345546,338.3963915727932,338.3963915727932,6133605
2025-06-03,338.2991178540983,338.9842586922353,337.8013333840748,338.43308190609037,338.43308190609037,13082045
2025-06-04,338.1068376358541,339.0768952465818,337.75810736529655,338.465357764439,338.465357764439,16941914
2025-06-05,338.6513396110587,339.3536174066625,338.08242453770674,338.4932563579698,338.4932563579698,6855971
2025-06-06,338.79917311557364,339.1656715269055,337.8786265109273,338.51681489681386,338.51681489681386,3819875
2025-06-09,338.66008058252,339.43105618292145,337.66620196188535,338.5618222865354,338.5618222865354,12965364
2025-06-10,338.5535012086214,339.28298419621444,338.25267322476384,338.5683927079422,338.5683927079422,3701205
2025-06-11,338.7968756806431,339.11873377659487,338.07205165113436,338.57080912531706,338.57080912531706,5092707
2025-06-12,338.71900184714593,339.44971188750895,338.26265135191323,338.5691087487909,338.5691087487909,3417500
2025-06-13,338.3626101886604,339.037455686969,337.9630581228394,338.56332878849474,338.56332878849474,12949069
2025-06-16,338.2122294252789,338.9860661542436,337.69945726050196,338.5218835062959,338.5218835062959,10649195
2025-06-17,338.4548477709677,339.16343352404016,337.6276999520434,338.50015731222936,338.50015731222936,17967856
2025-06-18,338.2640917541968,338.96457540747764,337.4980728998332,338.47453758504764,338.47453758504764,6416121
2025-06-19,338.22754830527754,338.7561205606799,337.70797567901985,338.4450615348817,338.4450615348817,5298660
2025-06-20,338.6876997723111,339.1770591354273,337.9262414539374,338.41176637186254,338.41176637186254,6153593
2025-06-23,337.9932332355379,338.95688365189636,337.32835616627494,338.2893383069948,338.2893383069948,4108492
2025-06-24,338.33217360969786,338.8620099699335,337.38601003357127,338.2411387938721,338.2411387938721,16342473
2025-06-25,338.052162150333,339.1804152574449,337.47697814566226,338.1893062185509,338.1893062185509,43282937
2025-06-26,338.3028204777385,338.8437960508099,337.3355963014044,338.1338777911623,338.1338777911623,5570783
2025-06-27,338.2070759129574,338.9921576497314,337.11439820369327,338.07489072183716,338.07489072183716,10759516
2025-06-30,337.784765001839,338.27998476129017,337.0673873138875,337.8769497635521,337.8769497635521,7401605
2025-07-01,337.86359147124324,338.5119124999501,337.2387558575142,337.8041002277904,337.8041002277904,9977292
2025-07-02,337.9274370696243,338.6476505398708,336.9184433480151,337.72809892144096,337.72809892144096,13589410
2025-07-03,337.6219748047518,338.36743222705985,337.31764223683047,337.6500871581049,337.6500871581049,4517215
2025-07-04,337.93338845222297,338.38424160505554,336.9936827971474,337.57142707207726,337.57142707207726,6297459
2025-07-07,337.0755566135538,337.91235379894147,336.7537182176505,337.3451782207948,337.3451782207948,14599967
2025-07-08,337.11232347226206,337.6465763856495,336.85582773572,337.2775461869511,337.2775461869511,10317680
2025-07-09,337.4064173704625,337.84383478674135,336.89623396316995,337.2160765018909,337.2160765018909,9422509
2025-07-10,337.3719533789754,337.74488459363437,336.7642460674969,337.1621312999093,337.1621312999093,10322061
2025-07-11,336.83545734558686,338.0343097409036,336.35023077681853,337.1170727153015,337.1170727153015,10841564
2025-07-14,337.13469501964335,337.52488246246696,336.1776319765269,337.0488380086705,337.0488380086705,14272337
2025-07-15,337.5166887083296,338.04056019224953,336.0501380946397,337.0529472365079,337.0529472365079,11661914
2025-07-16,337.3703354960895,338.0543399660606,336.52421390525217,337.07275375319404,337.07275375319404,7799644
2025-07-17,336.97379917275606,337.58832426968956,336.38190238179715,337.10961969302434,337.10961969302434,9544449
2025-07-18,337.13943771690833,337.7147925078232,336.1979167427261,337.1649071902935,337.1649071902935,7734780
2025-07-21,337.5962987519388,338.3932701495871,337.03283589221115,337.4549203696856,337.4549203696856,5508926
2025-07-22,337.67970414063996,338.58664464985793,336.7848994052429,337.59751543966127,337.59751543966127,7796132
2025-07-23,337.95823318478097,338.38386610417734,336.9258420639053,337.7653427385511,337.7653427385511,7557468
2025-07-24,338.2469825516097,338.4917447690389,337.5924532952961,337.9597644006503,337.9597644006503,3422583
2025-07-25,338.40350480806416,338.8601292497959,337.26613439099356,338.1821425602536,338.1821425602536,11785960
2025-07-28,338.72528032131316,340.0252070599574,337.9244035236484,339.0306373670405,339.0306373670405,12828551
2025-07-29,339.3530410440683,339.8788073335697,339.049216094881,339.37846285961166,339.37846285961166,10499692
2025-07-30,339.8696906414256,340.5923127677918,339.3902820036169,339.7610555211624,339.7610555211624,12450919
2025-07-31,340.16060030216954,340.5228421410475,339.83852053700156,340.17977748598764,340.17977748598764,7326419
2025-08-01,340.4513982221728,340.97782538479726,340.0899645378224,340.63599088838265,340.63599088838265,6186716
2025-08-04,341.94608384737614,343.60180431097666,340.660359502697,342.2342933681725,342.2342933681725,12857074
2025-08-05,342.85318738727096,343.40493409374665,342.15005601396757,342.84188702145434,342.84188702145434,4711704
2025-08-06,343.6395492251066,344.0226747610354,342.9836540818636,343.4858648319914,343.4858648319914,4630761
2025-08-07,344.20598493918794,344.83024193795825,343.1970057717626,344.1656094461317,344.1656094461317,10009262
2025-08-08,345.0451236227186,345.44296089992014,344.2823688547515,344.88050351022264,344.88050351022264,9873191
2025-08-11,346.77905359743704,348.7614176480724,346.06030988633734,347.22990886567675,347.22990886567675,12736574
2025-08-12,347.78754262006447,348.7374005081587,347.4292961381147,348.07922719304753,348.07922719304753,3401513
2025-08-13,349.4824010490066,350.2594548734756,348.0724715013291,348.96060820210727,348.96060820210727,7618430
2025-08-14,349.9013966423511,350.6782453031923,349.07139527492245,349.87343453920386,349.87343453920386,4546047
2025-08-15,350.9627400968227,351.68237117656713,350.1211111030128,350.8170888506849,350.8170888506849,12269158
2025-08-18,353.42393887994155,357.0032603379482,352.0574416775804,353.8268460949117,353.8268460949117,15585111
2025-08-19,354.6166417401474,356.46027218581577,353.4978701805501,354.88763876740745,354.88763876740745,10295319
2025-08-20,355.71060175531704,356.742153624648,354.34777766436696,355.976172646026,355.976172646026,6052779
2025-08-21,357.69083478217414,358.39195789245673,356.2037453576902,357.09183037711506,357.09183037711506,5502205
2025-08-22,358.92325327222693,359.6066292219115,357.26235310222376,358.2339946070224,358.2339946070224,6511222
2025-08-25,361.79486271764046,365.70658709738615,357.87985505640125,361.81335275313023,361.81335275313023,5253420
2025-08-26,362.69400720429735,363.72979351656886,361.5595298153745,363.055369441787,363.055369441787,7387733
2025-08-27,364.93620452788593,365.789618020084,363.2304665990692,364.32080586100045,364.32080586100045,5495935
2025-08-28,365.08683625709114,366.2754498734231,363.80528362176074,365.6090446571182,365.6090446571182,4009301
2025-08-29,366.967681419516,368.3294186993024,365.5592430630225,366.91946847648796,366.91946847648796,9677124
2025-09-01,373.36058847424334,375.95531317507835,367.2323174394473,370.9776765375854,370.9776765375854,10057851
2025-09-02,372.41531063669356,373.3055832742741,370.7980106428344,372.37036641606284,372.37036641606284,18711747
2025-09-03,374.5009788836391,375.6608531408905,371.7352470081807,373.78035156527085,373.78035156527085,6442036
2025-09-04,374.2790335198191,375.89181110634206,373.3752924706114,375.2052116472967,375.2052116472967,3109118
2025-09-05,377.28108824656624,378.56278377304363,375.9353476868316,376.64252632422847,376.64252632422847,12026255
2025-09-08,382.5922232098197,385.07668464225,377.51970784941733,381.00499454533593,381.00499454533593,12721833
2025-09-09,381.8121422244203,383.4604742251286,381.0868133945419,382.46792422276803,382.46792422276803,14160301
2025-09-10,384.0878659201934,384.7952269587963,382.7894901536349,383.9312068055447,383.9312068055447,16694907
2025-09-11,384.9760046437283,387.5126049932248,383.66059423269274,385.3924219557534,385.3924219557534,16813916
2025-09-12,386.6866155052867,387.6158233049032,384.9297906762927,386.849149335482,386.849149335482,4908916
2025-09-15,390.41529797696603,394.0146645383128,385.90797453473573,391.16820147266407,391.16820147266407,17348053
2025-09-16,391.6064539316613,393.7359532816095,390.4767582990848,392.5827743913493,392.5827743913493,6789816
2025-09-17,394.20171749144833,395.5202823686705,392.9515973349843,393.98075784999287,393.98075784999287,11925273
2025-09-18,395.4205424726704,396.7690993222496,393.4722765230024,395.35973151068265,395.35973151068265,9108316
2025-09-19,396.42733327442437,397.50726445671546,395.0136206324905,396.71727503550625,396.71727503550625,4918811
2025-09-22,400.2620895619331,403.59352593442503,397.3825211982184,400.63712141565776,400.63712141565776,14290867
2025-09-23,402.0389776253948,402.7589347980598,400.36160861718105,401.8847410178941,401.8847410178941,6368670
2025-09-24,403.1830267896924,403.91739105220165,402.4198140812646,403.09882879470297,403.09882879470297,20263652
2025-09-25,404.0505136102023,405.31572840857046,402.7703644013395,404.27696440817203,404.27696440817203,5462026
2025-09-26,404.9710994198499,406.7721714543664,404.2667667963417,405.41672752038903,405.41672752038903,4841458
2025-09-29,409.4159294783136,410.728377822979,406.1860879705796,408.58157847040485,408.58157847040485,5743140
2025-09-30,409.09109574564434,410.3469887587246,408.44826815591904,409.54364819849076,409.54364819849076,16895413
2025-10-01,410.36089488676754,411.2396382383736,409.4308829201652,410.4552437357631,410.4552437357631,3654069
2025-10-02,411.94054092023686,412.5825276926665,410.7388835034517,411.3146554025015,411.3146554025015,12628735
2025-10-03,412.29614030899427,413.3201508209619,411.7257977412378,412.12301615175255,412.12301615175255,19997790
2025-10-06,414.73569195671445,417.0175423359982,412.32540226673086,414.26022900696563,414.26022900696563,7350370
2025-10-07,414.5515401544639,415.46676302229565,414.0132382062509,414.88282219865107,414.88282219865107,6572526
2025-10-08,415.3149770383872,415.8968605084596,414.3248504089922,415.4635825290413,415.4635825290413,8326053
2025-10-09,415.7964125527649,416.6556078796569,414.81905101215216,416.0043536093744,416.0043536093744,4564171
2025-10-10,416.6496918766826,417.11519109483976,415.6695955355094,416.50697905088896,416.50697905088896,30071373
2025-10-13,418.20449499165795,419.0774930737832,416.1936558564306,417.80441765490474,417.80441765490474,11182463
2025-10-14,418.4569489378571,419.23222419973575,417.41076113055317,418.17289665352877,418.17289665352877,4345685
2025-10-15,418.8055761760724,419.64346882499603,417.4800730596661,418.51244806952616,418.51244806952616,5343323
2025-10-16,419.14766687622716,419.9449432094033,418.26784352927496,418.8249155141353,418.8249155141353,8749603
2025-10-17,419.0263721437935,419.805906756653,418.40835442455875,419.1121425985947,419.1121425985947,4188027
2025-10-20,420.006437307443,420.8245854999207,418.90378398387304,419.84081780345724,419.84081780345724,3770776
2025-10-21,420.3894390351646,420.6995101936785,419.6514615306924,420.04551955970106,420.04551955970106,9265757
2025-10-22,419.8819778132878,420.66615843466917,419.21842203773457,420.234199011987,420.234199011987,13229387
2025-10-23,420.15341342486795,421.40645029769354,419.29267251498663,420.4086997715534,420.4086997715534,12642352
2025-10-24,420.33656806183205,420.9580589113515,419.83983022766324,420.5708654496388,420.5708654496388,7764583
2025-10-27,420.93569887796315,421.7424495787518,420.22685892503387,421.00178810739203,421.00178810739203,6973985
2025-10-28,420.51800697427,421.8033655584603,420.0011733717604,421.133049571937,421.133049571937,8209373
2025-10-29,421.22319762854704,422.2537244903345,420.19587722116535,421.2611940111927,421.2611940111927,13137950
2025-10-30,421.59479331274093,422.44537635886013,420.75382799105245,421.3880650363977,421.3880650363977,4267625
2025-10-31,421.5648447880162,422.1640494837305,420.8493643027541,421.51550625879037,421.51550625879037,5423453
2025-11-03,421.8358236844259,423.01854191373513,420.9384521108882,421.9196872214781,421.9196872214781,6623066
2025-11-04,422.0344365428941,422.7082173148318,421.1887978928927,422.0678453450054,422.0678453450054,7087423
2025-11-05,422.59750680066287,423.0015409859565,421.70194374025897,422.22579172191223,422.22579172191223,7785056
2025-11-06,422.96297720273594,423.4204132417497,421.7402969172595,422.39536996343696,422.39536996343696,7901006
2025-11-07,422.57744342410507,423.57365185235597,421.3994447190923,422.5784236808183,422.5784236808183,11206050
2025-11-10,422.8450201842067,424.48532781773923,422.23433639154894,423.2268738004845,423.2268738004845,3313594
2025-11-11,423.5755087712419,424.06363814400993,422.22429195529094,423.4822655336754,423.4822655336754,3592044
2025-11-12,423.9232034543373,424.7311296645357,422.6964045357747,423.76035079891454,423.76035079891454,5736471
2025-11-13,423.73907631998844,424.9875712810691,422.84245792695543,424.0629732074405,424.0629732074405,12320151
2025-11-14,424.390776654167,425.5894860767419,423.8173513298777,424.3919763704917,424.3919763704917,5774586
2025-11-17,424.791020744063,426.27044655906917,424.0893377389859,425.5557064991801,425.5557064991801,7837347
2025-11-18,426.0937843812143,427.0646489178573,425.60717402922904,426.00866879271587,426.00866879271587,8529338
2025-11-19,426.02475549848504,427.39004388429566,425.51262007857173,426.49722989696875,426.49722989696875,9369782
2025-11-20,427.224674159806,427.6538606196965,426.21808419793507,427.0232334231772,427.0232334231772,17491745
2025-11-21,427.67656456934935,428.3993647940661,426.89232499523376,427.58852298257955,427.58852298257955,11322179
2025-11-24,429.41769273834194,431.0994683564071,426.89524260888606,429.53854397233397,429.53854397233397,13173050
2025-11-25,430.49476187581865,431.1901251751196,429.1202573202859,430.27941377689604,430.27941377689604,7508557
2025-11-26,431.6944352410676,432.2615124523869,430.6606372672635,431.0687876708439,431.0687876708439,16713110
2025-11-27,432.2435429685053,432.813591024738,430.9669656645409,431.908509265416,431.908509265416,8291620
2025-11-28,433.3302241097618,433.7933964268458,432.05458334026696,432.80042217185087,432.80042217185087,3009522
2025-12-01,435.79815923900094,438.7990843775788,433.14192155359325,435.80774487471524,435.80774487471524,27347766
2025-12-02,436.9276476223563,437.4892394801155,435.4458409207968,436.9259652724957,436.9259652724957,8186879
2025-12-03,438.2454702311425,438.9157616932327,437.189785672554,438.1002318273969,438.1002318273969,10426261
2025-12-04,438.4026875165315,440.5128453898359,437.56019596442474,439.3270249397232,439.3270249397232,4688613
2025-12-05,440.85430993621287,441.5925231478764,439.78807928757044,440.6028250097791,440.6028250097791,23998738
2025-12-08,444.33888340125543,447.30774895648415,440.0068111214948,444.6890709693689,444.6890709693689,5380679
2025-12-09,446.6214570183015,447.5326532209882,444.4653725553483,446.1257028733878,446.1257028733878,6598340
2025-12-10,447.5079120827187,448.7519549913679,446.5443809055666,447.59374373665844,447.59374373665844,3724357
2025-12-11,449.1333634791765,450.1682591351314,447.90641089583596,449.0896739594853,449.0896739594853,9599686
2025-12-12,449.47459412016343,452.0347758075894,448.5932376094557,450.609973942173,450.609973942173,6949598
2025-12-15,453.01857797916637,458.0380899939465,449.44248144780164,455.2818964524451,455.2818964524451,3697453
2025-12-16,456.59298884916353,459.11828822023494,455.6054544847581,456.8644794776202,456.8644794776202,7734231
2025-12-17,458.77354082093785,460.61708472489596,456.8475458968578,458.45383426417845,458.45383426417845,8388309
2025-12-18,461.0182209747058,461.94642387378497,459.22662399391186,460.046441212424,460.046441212424,7068890
2025-12-19,461.265423368625,462.53291840018113,460.57321391110474,461.63878072266147,461.63878072266147,3218764
2025-12-22,467.2455339112166,472.3738153029212,461.8278604931262,466.37899862836986,466.37899862836986,9251997
2025-12-23,468.10146715162693,469.9554088405851,467.09436864975123,467.9350723896193,467.9350723896193,4244488
2025-12-24,468.6561924915922,471.4055054832754,467.41900507696005,469.47328071438307,469.47328071438307,12479035
2025-12-25,470.52387897589915,471.8541839000981,469.16399055522345,470.9901040029654,470.9901040029654,6060159
2025-12-26,471.44140695023214,474.16207725575146,470.332443353664,472.4820226556706,472.4820226556706,12720959
2025-12-29,477.559832216917,482.463372115942,471.71759929700085,476.77315480156915,476.77315480156915,8056530
2025-12-30,477.0785865519941,479.56366087308277,476.17952836537444,478.13025891381113,478.13025891381113,8265902
2025-12-31,478.9496592270082,480.9286875520791,478.0878785501698,479.4448603916983,479.4448603916983,15143785
2026-01-01,480.68275436138265,481.8948442112017,479.34308286046286,480.7134396355353,480.7134396355353,5321784
2026-01-02,481.7844342412532,483.15919472899907,480.13306286910336,481.93318080941214,481.93318080941214,4625361
2026-01-05,482.9495633456104,486.93984071833734,481.5146307669651,485.3021831587554,485.3021831587554,10562314
2026-01-06,486.7197150733343,487.48376017317264,485.83466464017704,486.3307868278366,486.3307868278366,4147132
2026-01-07,487.272285504761,487.83955266062173,486.12445267134876,487.31336357826575,487.31336357826575,5365835
2026-01-08,488.25990264287515,489.1360738498511,486.88278997948026,488.25061639306153,488.25061639306153,3632280
2026-01-09,488.5164453770834,489.88409273536485,487.88579864578577,489.14324825524295,489.14324825524295,14230005
2026-01-12,491.7448211077883,494.03251651386034,488.9909043981649,491.56044795628753,491.56044795628753,4845759
2026-01-13,492.15156083333744,492.8626039636387,491.1445845667452,492.2816258381984,492.2816258381984,5767864
2026-01-14,492.1989954196948,494.1213659923211,491.49296624120643,492.9616976825886,492.9616976825886,4197190
2026-01-15,494.2873924003423,494.8696871423795,493.0631482880231,493.6013664724768,493.6013664724768,6597764
2026-01-16,494.295665098346,494.8156493656156,493.0640720902694,494.2013351908817,494.2013351908817,7448177
2026-01-19,495.9818783158334,496.64782337940596,494.59733490484933,495.77007074738503,495.77007074738503,12090621
2026-01-20,496.2384396232446,496.8165010782181,495.10466101586763,496.21826901004493,496.21826901004493,4130768
2026-01-21,497.06997167006796,497.99202639810704,495.5496098997959,496.63028211631524,496.63028211631524,5923814
2026-01-22,497.30951950851863,498.0053978704711,496.3993418262305,497.0068130492149,497.0068130492149,16294225
2026-01-23,497.6274381471364,498.2842008301449,496.68501827362775,497.3485647917626,497.3485647917626,13463353
2026-01-26,498.156935875693,498.7321674685965,497.07349477685744,498.1721747074824,498.1721747074824,5700414
2026-01-27,498.79367707496783,499.51020970116485,497.79909016150395,498.38183951881007,498.38183951881007,7804534
2026-01-28,498.6963154134077,499.9177194492249,497.8338976932282,498.5602400548797,498.5602400548797,21401460
2026-01-29,498.5406657992427,500.0242648368836,497.3845002513454,498.7080792987102,498.7080792987102,4403723
2026-01-30,499.3591255142625,499.9308177358697,498.0344770678332,498.8260602333198,498.8260602333198,3061212
2026-02-02,498.43220968895605,499.53587592009166,498.0473296000409,499.0078830120132,499.0078830120132,6118973
2026-02-03,498.7782736027326,499.58035667633374,497.57810086490315,499.01346053992825,499.01346053992825,7673344
2026-02-04,499.16962798434923,499.4934582300567,498.30557520305405,498.99269467371636,498.99269467371636,5356676
2026-02-05,499.0395789318609,499.6651234847102,498.08899158087036,498.94628839639637,498.94628839639637,13038369
2026-02-06,499.0420944053574,499.4660561657545,497.7906094033788,498.87494469098726,498.87494469098726,8888598
2026-02-09,498.4428866174084,499.23922661823565,497.27889673355423,498.5183188364118,498.5183188364118,5913439
2026-02-10,497.5615750582942,499.2057542517863,496.96211653485074,498.35425524883306,498.35425524883306,6110129
2026-02-11,498.64766588585917,499.6036266435167,496.7626911480687,498.1687691482589,498.1687691482589,5508363
2026-02-12,497.62291910284415,499.04901312249524,496.7022480775752,497.96256351770796,497.96256351770796,12113354
2026-02-13,497.9992462323077,499.057057321527,497.0497166670286,497.7363413401991,497.7363413401991,6316558
2026-02-16,497.1461920321072,498.1331667279225,496.4714645995647,496.9446053561122,496.9446053561122,4406083
2026-02-17,496.34053570751377,497.2096633612834,495.79810698166125,496.64534682095893,496.64534682095893,12940892
2026-02-18,496.57733274903177,497.5433273312522,495.7353547722784,496.3295866539415,496.3295866539415,6967387
2026-02-19,495.65497568497227,496.730967918832,494.81169278155164,495.99802783807877,495.99802783807877,4053138
2026-02-20,495.78962112793766,496.76268642479016,494.5171375253796,495.6513733563893,495.6513733563893,18837553
2026-02-23,494.93246638239737,495.43567121163375,493.97041472444215,494.5278657465484,494.5278657465484,10855968
2026-02-24,493.92808705168267,495.60782658794216,492.81503634498677,494.1278584317398,494.1278584317398,8187151
2026-02-25,493.5207120939542,494.43386628189194,493.0140276676737,493.71627036619844,493.71627036619844,7195951
2026-02-26,493.3500955862021,494.0269249539901,492.4020887380318,493.29380453294283,493.29380453294283,6953684
2026-02-27,493.2135852349995,494.2679926058252,491.72627181109135,492.86116391499195,492.86116391499195,6883121
2026-03-02,491.5952410146985,492.15258017564315,490.2912736674181,491.5092231831547,491.5092231831547,6977249
2026-03-03,490.6766628398858,492.20327067804266,490.1459230133087,491.0429132566097,491.0429132566097,5957130
2026-03-04,491.2094607035647,491.7586853952147,490.0608207552304,490.5699434604635,490.5699434604635,7597100
2026-03-05,490.3374740115844,491.39289211040403,489.23677272043943,490.09101677773435,490.09101677773435,5898525
2026-03-06,489.8764974375402,491.04937585469213,488.3797930488178,489.6068361914411,489.6068361914411,8945661
2026-03-09,487.30592814612595,490.30751519720576,486.04579974217324,488.12980084136467,488.12980084136467,7906640
2026-03-10,487.40724917474154,488.1373480671955,486.7693340019089,487.6316344710029,487.6316344710029,5636167
2026-03-11,487.0421615041674,488.41087009009624,486.2599921537923,487.1317291121708,487.1317291121708,7660147
2026-03-12,486.32496841888235,487.7292355123647,485.4747880762032,486.6307877478872,486.6307877478872,10495128
2026-03-13,485.9838308113441,487.2278833683939,484.7295472815192,486.1295133611708,486.1295133611708,2588903
2026-03-16,484.8295288604918,485.507166318875,483.5359836469268,484.63072189661284,484.63072189661284,10681792
2026-03-17,484.4832578051012,485.2319016434393,483.25193613296483,484.13514525035316,484.13514525035316,4332962
2026-03-18,483.85926098226906,485.0758871851554,482.39904197475704,483.6427504967544,483.6427504967544,6359818
2026-03-19,483.3550789685379,484.5142323533432,482.1007921318842,483.15424061883544,483.15424061883544,1943713
2026-03-20,482.7849951846286,483.54982809186566,482.1238241465404,482.67031859961514,482.67031859961514,10615045
2026-03-23,481.3520769702157,481.95029897000427,479.6812554842814,481.2531095243332,481.2531095243332,5525222
2026-03-24,480.9259210655749,481.59308024080275,480.17330179951955,480.79456877009466,480.79456877009466,6230997
2026-03-25,480.2313749543074,481.61003915278854,479.3971546902609,480.34413078964843,480.34413078964843,8370985
2026-03-26,479.705421269435,481.0413782749463,478.93735855898973,479.9024985660135,479.9024985660135,2986317
2026-03-27,479.3834318101726,480.36440593694476,478.1566132796923,479.4703750822083,479.4703750822083,8252124
2026-03-30,477.99482619051366,478.86391260110145,477.08513467831335,478.2380868999596,478.2380868999596,11062542
2026-03-31,477.5388170906733,478.709477508761,477.14054539781785,477.85102820566135,477.85102820566135,8728052
2026-04-01,477.8540163462121,478.3770145578032,476.81567352575286,477.47699316628695,477.47699316628695,6570016
2026-04-02,477.41545502689524,478.4760103452004,475.81088883074364,477.1162449736059,477.1162449736059,8166317
2026-04-03,477.1378395337318,477.8382408670727,476.16697909494053,476.7672876543924,476.7672876543924,7703658
2026-04-06,475.3527247654393,476.5455291405317,474.87869256302486,475.771803292809,475.771803292809,11689715
2026-04-07,475.5113689884638,476.4030595229773,474.8358639191357,475.45065182271713,475.45065182271713,14983455
2026-04-08,475.14726663372693,475.62513928120006,473.93240944209384,475.1316124037187,475.1316124037187,6514463
2026-04-09,475.47763580638406,476.20983512111064,473.9124176245268,474.8127492713385,474.8127492713385,8981846
2026-04-10,474.3289971701327,475.2779453111412,473.71519242246546,474.4921266611019,474.4921266611019,5729625
2026-04-13,473.2582785165329,474.4442837976152,472.6780034044698,473.5003443185047,473.5003443185047,9853191
2026-04-14,472.8542234164512,473.9321821133217,471.880709386896,473.1533261520935,473.1533261520935,10069425
2026-04-15,472.7089512384523,473.8980299616167,471.81952918516754,472.7948696854517,472.7948696854517,7359886
2026-04-16,472.59767099996066,473.5052127199566,471.28567006378637,472.42303915410423,472.42303915410423,10370342
2026-04-17,472.5167398564421,473.16981250302365,470.72185428189323,472.0358987935762,472.0358987935762,8012781
2026-04-20,470.15439098370666,471.69425970035024,468.98560414996285,470.76326109216046,470.76326109216046,7810032
2026-04-21,469.96463020382356,471.03055043629735,469.5478154894453,470.29552377016194,470.29552377016194,5151351
2026-04-22,469.77424678257205,470.349191410098,468.44030031539023,469.80279779660844,469.80279779660844,8718288
2026-04-23,469.24383530475575,470.35150378345537,468.8362775267257,469.28314740702535,469.28314740702535,5992350
2026-04-24,468.8526022886379,469.1956720233517,467.94184031612025,468.73463683693785,468.73463683693785,12357737
2026-04-27,466.9822259768162,468.87720788856427,464.3406140452214,466.8965863988993,466.8965863988993,5247970
2026-04-28,466.93732703101375,467.48434332639204,465.52480285664126,466.2132774620451,466.2132774620451,9150983
2026-04-29,465.4966817864833,466.7811887422427,464.805541378901,465.4914295223119,465.4914295223119,7022575
2026-04-30,464.4399833026164,465.5855929376952,464.0155121121696,464.7291068152251,464.7291068152251,9139469
2026-05-01,463.8387622208231,464.78937808178307,462.91030072274634,463.92437357630973,463.92437357630973,7770164
2026-05-04,460.65323079063626,462.67180621505435,458.8246164598318,461.2546922885953,461.2546922885953,5314507
2026-05-05,460.064431629352,461.4041506624501,459.1111080022532,460.28609086264703,460.28609086264703,13823004
2026-05-06,459.86386783570697,460.5997841030652,457.88594598163206,459.28170165116416,459.28170165116416,5133856
2026-05-07,458.3217930407243,458.97744024177285,457.0417111127971,458.24366428183856,458.24366428183856,11031211
2026-05-08,457.4304180099267,458.1285446990432,456.4632018583233,457.1741183823625,457.1741183823625,3422090
2026-05-11,452.0605905254184,458.2909328507343,448.97203675116185,453.7978257799535,453.7978257799535,6923909
2026-05-12,453.29001016068395,454.2334203448321,451.7691679587087,452.62364203679743,452.62364203679743,17184960
2026-05-13,451.66523019529234,452.2715238452663,450.70282159731886,451.42864790195165,451.42864790195165,6970711
2026-05-14,450.4369613240995,451.4627508737384,449.5541841638112,450.2149830031085,450.2149830031085,8395349
2026-05-15,449.18777690699653,449.78701971001755,447.7034726859066,448.9847869679599,448.9847869679599,17827584
2026-05-18,444.4860932386182,447.31529235973,443.07050289465695,445.2164083216043,445.2164083216043,7448629
2026-05-19,444.1614598587134,445.73489010883196,443.18199289684753,443.94148401815625,443.94148401815625,9106100
2026-05-20,442.4298752566015,444.3404820280965,441.6809063912174,442.6607267168637,442.6607267168637,10823946
2026-05-21,442.0771769664722,442.9793175545088,440.41841537599464,441.37627604541876,441.37627604541876,4013225
2026-05-22,439.83938610081606,440.7348230040768,438.69566223404655,440.0902716315138,440.0902716315138,6275703
2026-05-25,435.3580889285485,441.38218126522116,431.2154489637978,436.2443322119593,436.2443322119593,8536720
2026-05-26,434.29652934980066,436.12988986334744,433.3857209348154,434.97350910513524,434.97350910513524,3602083
2026-05-27,433.31943330825925,434.7331780838221,432.79634537358174,433.71183039431196,433.71183039431196,15868623
2026-05-28,432.2984063497785,433.74159001178214,431.57668640742463,432.46143570718135,432.46143570718135,11677323
2026-05-29,430.59852135834564,431.89975301855526,429.41343874857387,431.2244646714357,431.2244646714357,10839353
2026-06-01,428.25651787881947,432.1067828068392,425.9602404257033,427.6154897494305,427.6154897494305,15478311
2026-06-02,425.93129124806535,427.68701140935786,424.8575272079796,426.45360959614646,426.45360959614646,11485260
2026-06-03,425.58696206166195,426.05075166167023,424.56525503646003,425.31585123270827,425.31585123270827,7131319
2026-06-04,423.779022034717,424.92420840338457,422.5986318475383,424.2043542868078,424.2043542868078,3537144
2026-06-05,423.2117591164302,423.8181884486228,422.24457603302164,423.1212583861377,423.1212583861377,5690713
2026-06-08,418.43896615713595,421.6226397029475,417.27421745161877,420.0637732324295,420.0637732324295,5773756
2026-06-09,418.91184963212396,420.12747422158236,417.98509611713774,419.1156777896014,419.1156777896014,10900794
2026-06-10,418.3045493570469,419.4177968643667,417.23673479598256,418.2066815304642,418.2066815304642,8330210
2026-06-11,417.0316793987664,417.7453583499849,416.65874429886946,417.33892408271015,417.33892408271015,3657226
2026-06-12,416.0512537194749,416.93227157415214,415.65525685632645,416.5145450740314,416.5145450740314,12329658
2026-06-15,415.06188156065053,416.62720590208977,411.6555249931267,414.3230749593681,414.3230749593681,15550978
2026-06-16,414.3593046322651,414.7778724921663,413.28450297602444,413.693605983912,413.693605983912,16730125
2026-06-17,413.03674189161796,413.7734817304589,412.73669125610513,413.1182135859919,413.1182135859919,4547045
2026-06-18,412.44315733972115,413.27330271220836,411.83080250558737,412.59903739329997,412.59903739329997,9395460
2026-06-19,412.65363465128337,413.025273511505,411.6531893301358,412.1382170335286,412.1382170335286,4836814
2026-06-22,410.5229633547394,411.87327612246986,409.9671830992826,411.12728722865825,411.12728722865825,21094954
2026-06-23,410.908448570975,411.31407691776104,410.36674402721826,410.92128647748996,410.92128647748996,8123249
2026-06-24,411.32725992096033,411.788288362235,410.04123603418077,410.78433969770293,410.78433969770293,6648214
2026-06-25,411.24972669221285,411.6278619454398,410.17844682076804,410.71858651698915,410.71858651698915,6063784
2026-06-26,410.71543284675437,411.59673665186915,409.88343223587964,410.7261665630411,410.7261665630411,9454200
2026-06-29,411.230718928074,412.2208667361537,410.73999607255263,411.21030233871153,411.21030233871153,10352713
2026-06-30,411.61416005972956,412.48653789014566,411.1422628490424,411.5326115687471,411.5326115687471,3509287
2026-07-01,412.19364109722284,412.4877999229639,411.52397456887087,411.9389521640091,411.9389521640091,16084780
